id,date,platform,path,cloud,sun_el,n_valid,valid_frac,red_med,swir2_med,hci_mean,hci_med,hci_sd,hci_p5,hci_p10,hci_p25,hci_p75,hci_p90,hci_p95,frac_lt_0,frac_lt_005,frac_gt_010,frac_gt_015,frac_gt_020
LT05_L2SP_165040_19890108_02_T1,1989-01-08,landsat-5,165,1.0,30.53795004,184914,0.9994649024663133,0.3802775,0.50312,0.1358095523326721,0.1349523963516213,0.0253365868176555,0.1132963980387512,0.118381079120744,0.1250964269672386,0.1458961573669324,0.1555529330022922,0.1606352122021946,0.0012979006457055,0.0022821419686989,0.9911093805769168,0.1779205468488054,0.0039531890500448
LT05_L2SP_166040_19890115_02_T1,1989-01-15,landsat-5,166,0.0,31.13219521,106581,0.5777875357793391,0.413415,0.5242125,0.1230272461242483,0.1215196256870847,0.0246786685363169,0.1063340922103766,0.1103684504560859,0.1158463845136966,0.1280134463176848,0.1385374400854418,0.1478922609029217,0.0008444281813831,0.0018295943929968,0.9802591456263312,0.0443793921993601,0.0045223820380743
LT05_L2SP_165040_19890209_02_T1,1989-02-09,landsat-5,165,1.0,35.74355057,184996,0.9999081145649223,0.3731825,0.5010574999999999,0.1402226179833264,0.1399608242063463,0.0150110195088558,0.1208919119327699,0.1249302808679718,0.1319383431650991,0.1488935319457938,0.155775316279639,0.1601229330536488,0.0003567644705831,0.0007081234188847,0.9956053103850894,0.2096099375121624,0.0020865316006832
LT05_L2SP_165040_19890225_02_T1,1989-02-25,landsat-5,165,0.0,40.298245,185000,0.9999297346672936,0.42161,0.5374125000000001,0.1176521793734416,0.1165461337530661,0.0148455187477837,0.0991675093599865,0.1026365975945107,0.1082492980357236,0.126750274469985,0.1345871897496179,0.1392354443465433,0.0003675675675675,0.0007837837837837,0.9304216216216216,0.0099783783783783,0.0013783783783783
LT05_L2SP_165040_19890430_02_T1,1989-04-30,landsat-5,165,0.0,59.29170651,184986,0.9998540643089944,0.36243,0.476665,0.1329287596084467,0.1319953198990588,0.0185586863212111,0.1111409256296599,0.1142516311304828,0.1201864709936426,0.144164404621734,0.1533329826234788,0.1599513507707932,0.0004540884175018,0.0008865535770274,0.9936860086709264,0.1435892445914826,0.002638037473106
LT04_L2SP_165040_19890524_02_T1,1989-05-24,landsat-4,165,0.0,63.17377538,185000,0.9999297346672936,0.39576,0.5243500000000001,0.1383306503508056,0.137212379269673,0.0129568975687036,0.1224505124038413,0.1256512184861997,0.1309907686093497,0.1447050404287291,0.1536421712926224,0.1593576333362914,0.0002702702702702,0.0005135135135135,0.9972486486486486,0.1525459459459459,0.0010054054054054
LT04_L2SP_166040_19890531_02_T1,1989-05-31,landsat-4,166,2.0,63.42716851,83537,0.4528634313470379,0.41479,0.53898,0.1316635192057967,0.1324770753826969,0.0082621001783521,0.1209294100482287,0.1239654766509707,0.1275678091993143,0.1358993518012041,0.1392478200028912,0.1418736257256053,0.0002753271005662,0.0005147419706237,0.997138992302812,0.0033518081808061,5.985371751439482e-05
LT05_L2SP_165040_19890601_02_T1,1989-06-01,landsat-5,165,0.0,62.29818117,184999,0.9999243296417007,0.4003525,0.5338925000000001,0.14469112807835,0.1429616936980709,0.0132773653428471,0.1296987515214923,0.1325518439015999,0.1370923775204927,0.1510995078310077,0.1604592671837515,0.1657041114129776,0.0003945967275498,0.0005621652008929,0.998156746793226,0.2801474602565419,0.0022540662381958
LT05_L2SP_166040_19890608_02_T1,1989-06-08,landsat-5,166,1.0,62.27010888,50051,0.2713320756353543,0.419135,0.5515749999999999,0.1350805521136946,0.1353213428258066,0.0107680444540315,0.1253287098970288,0.127522053292737,0.1310241198213315,0.1393948724414044,0.1429932774587559,0.1451464056072701,0.0006593274859643,0.0007592255898983,0.9988411819943658,0.0091506663203532,0.0001997962078679
LT04_L2SP_165040_19890609_02_T1,1989-06-09,landsat-4,165,0.0,63.44267266,184985,0.9998486592834016,0.39906,0.531445,0.1442532846474259,0.1428629294188136,0.0130760210675004,0.1280334388173643,0.1310851925648223,0.1367368112170353,0.1503921243961593,0.1595682668417376,0.1659100002308251,0.0002540746547017,0.000470308403384,0.9985944806335648,0.2660648160661675,0.0013190258669621
LT05_L2SP_165040_19890617_02_T1,1989-06-17,landsat-5,165,0.0,62.00003585,184931,0.9995567879013908,0.398125,0.5360375,0.1452751358900284,0.1446305272348255,0.0255089439529886,0.1297194079673795,0.132991141001746,0.1379652656960544,0.1530877810398238,0.1606634412966522,0.1651295994621234,0.0012599293790657,0.0015951895571861,0.9974801412418686,0.3294688289145681,0.0031092677809561
LT05_L2SP_166040_19890624_02_T1,1989-06-24,landsat-5,166,1.0,61.64654768,68560,0.3716714372452077,0.4144325,0.5365325000000001,0.1287139185586228,0.1286462920010831,0.0092192123759357,0.1190111779531015,0.1218749753689914,0.125328099435916,0.1323599381655001,0.1363309075589624,0.1382869811445016,0.0004229871645274,0.0005834305717619,0.9960472578763128,0.0019107351225204,0.0001750291715285
LT04_L2SP_165040_19890625_02_T1,1989-06-25,landsat-4,165,0.0,62.85655362,184977,0.9998054190786594,0.3832475,0.513625,0.1482839391642026,0.1463927446461002,0.0144473469176614,0.1315863389327624,0.1354175999916909,0.1405654678983386,0.1534411962097812,0.1629282532194905,0.172151799869926,0.0002054309454688,0.0004703287435735,0.9987079474745508,0.3487406542435005,0.0068116576655476
LT04_L2SP_166040_19890702_02_T1,1989-07-02,landsat-4,166,1.0,62.43954321,90751,0.4919713331598577,0.4092349999999999,0.545525,0.1408447007024889,0.1415694940511958,0.0103839467349205,0.1277120275572999,0.1321072190455834,0.1366361791163743,0.1455529100254133,0.149962397232915,0.1528699491545815,0.0003636323566682,0.0005399389538407,0.9977300525614042,0.0987427135789137,0.0005179006291941
LT05_L2SP_165040_19890703_02_T1,1989-07-03,landsat-5,165,0.0,61.06999976,184978,0.999810824104252,0.39114,0.5314725,0.1520550895509748,0.1500726190088426,0.0169439963319131,0.1330245684695367,0.1363216538213421,0.1418649960581869,0.1604348977277967,0.1695526877963144,0.1775716982404905,0.0003297689454962,0.000518980635535,0.9985565851074182,0.5016758749689152,0.0112499864848792
LT05_L2SP_166040_19890710_02_T1,1989-07-10,landsat-5,166,2.0,60.54952163,56413,0.3058211900425015,0.399995,0.5244875,0.1353963059741135,0.1357278547677712,0.0087060640879203,0.1232804381601835,0.1262315126363548,0.1308938101704767,0.140440762530168,0.1446121174576702,0.1471056642603425,0.000443160264478,0.0006026979596901,0.998404623047879,0.0192331554783471,8.863205289560917e-05
LT05_L2SP_165040_19890719_02_T1,1989-07-19,landsat-5,165,0.0,59.81260885,184965,0.9997405587715458,0.3936425,0.5248999999999999,0.1445105655521459,0.1434923491754708,0.0138349778153139,0.1278232165883338,0.132371810149521,0.1375032668278777,0.1508636482738348,0.158765072184349,0.1636380667693812,0.0003730435487794,0.000567674965534,0.9976752358554322,0.2768469710485767,0.0026978076933473
LT05_L2SP_166040_19890726_02_T1,1989-07-26,landsat-5,166,0.0,59.17723533,54888,0.2975539942753057,0.4053025,0.53843,0.1412648475853338,0.1413467125118267,0.0076262385063229,0.1319536337639666,0.1345498878760122,0.1379409370092685,0.1445333983674372,0.1479460520742544,0.150258496969299,0.0004372540445999,0.0005283486372248,0.9990526162367002,0.0586102608949132,0.0001275324296749
LT05_L2SP_165040_19890820_02_T1,1989-08-20,landsat-5,165,0.0,56.29669978,184950,0.999659483387654,0.365675,0.501635,0.1618180282696665,0.1580114559052182,0.0279797482399312,0.1384876574253383,0.1429585406553595,0.1495291386384286,0.1727418151289619,0.190106408189734,0.1995484568715948,0.0011354420113544,0.0014436334144363,0.99742633144093,0.7340200054068667,0.048007569613409
LT05_L2SP_166040_19890827_02_T1,1989-08-27,landsat-5,166,0.0,55.24236817,60287,0.326822577847168,0.4020025,0.5340575000000001,0.1409538590398276,0.1411164581362972,0.0086906491628948,0.1310665674343765,0.1339678998139122,0.1375227054557126,0.1447166674050108,0.1483068281995639,0.1506077235576979,0.0003815084512415,0.0004810323950437,0.9984242042231328,0.0634796888218023,0.0001658732396702
LT05_L2SP_165040_19890905_02_T1,1989-09-05,landsat-5,165,4.0,53.68185045,184980,0.9998216341554376,0.345435,0.48222,0.1620948247963258,0.1617077109894328,0.0133673880309284,0.1453863648453454,0.1490501413839054,0.1549312904482144,0.1691800213726321,0.1754502669573662,0.1791067305692452,0.0003351713698778,0.0005568169531841,0.9989944858903664,0.8855497891663964,0.0042491080116769
LT05_L2SP_166040_19890912_02_T1,1989-09-12,landsat-5,166,0.0,52.30104964,94799,0.5139159944487813,0.4149275,0.5318025,0.1238146776232624,0.1236224702957823,0.0110274520824452,0.1107014044657625,0.1152901944803631,0.1197710722219661,0.1287631522202591,0.1329066316213186,0.1354966255029728,0.0003797508412535,0.0006962098756315,0.9897783731895906,0.0042932942330615,0.0008860852962583
LT05_L2SP_165040_19890921_02_T1,1989-09-21,landsat-5,165,0.0,50.31915862,184998,0.999918924616108,0.3998575,0.5349375000000001,0.1458147472821787,0.1422873711201707,0.0183544816730791,0.1260676100671467,0.1305522631698845,0.1356372513309943,0.1527139312220545,0.1678711834852921,0.1778840417010605,0.0003027059751997,0.0005405463842852,0.9974594319938594,0.2970140217732083,0.0089460426599206
LT05_L2SP_166040_19890928_02_T1,1989-09-28,landsat-5,166,0.0,48.61820309,50985,0.2763953942232631,0.406705,0.536945,0.1363443235098212,0.1370783136574577,0.0134831258123149,0.1271237726427423,0.1283687999756547,0.1322761431958918,0.1411749291047323,0.1445926418989074,0.1459245677227328,0.0007060900264783,0.0008041580857114,0.998705501618123,0.0137491419044817,0.0002157497303128
LT05_L2SP_165040_19891007_02_T1,1989-10-07,landsat-5,165,0.0,46.27045814,184967,0.9997513688227314,0.3899849999999999,0.52149,0.1424768314540796,0.1412836753327902,0.0155609469560729,0.1250656252733674,0.1298934666757143,0.1349670206810189,0.1491405310268054,0.1582512657661597,0.1640240467612415,0.0003676331453718,0.000632545264831,0.9966913016916532,0.2338146804565138,0.0026707466737309
LT05_L2SP_165040_19891023_02_T1,1989-10-23,landsat-5,165,0.0,41.85437465,184976,0.9998000140530664,0.40247,0.5214075,0.1282161932572706,0.12648055331527,0.016551195277347,0.1105254957830247,0.1141864607666238,0.1194717786324813,0.1355797406979607,0.1438091689451522,0.1485756822212063,0.0003838335784101,0.000664951128795,0.9895067468212092,0.0405458005362857,0.0044005708848715
LT05_L2SP_166040_19900102_02_T1,1990-01-02,landsat-5,166,0.0,29.36716152,66840,0.3623471246422066,0.401095,0.5069425000000001,0.1176723833385292,0.1167364245878,0.0123133667701993,0.1047901446426502,0.1053620655663135,0.1109149958358133,0.1226947245620243,0.1293009471542399,0.135140710617846,0.0004787552363853,0.0009275882704967,0.9642579293836028,0.007196289646918,0.0001196888090963
LT05_L2SP_165040_19900111_02_T1,1990-01-11,landsat-5,165,0.0,29.7485,184934,0.9995730029781692,0.3902875,0.5033125,0.1243043142751637,0.1216406175519427,0.0275374596442485,0.098380961844698,0.1032323883894677,0.1096009111497479,0.1359991688732579,0.1468472381387031,0.1555968306520047,0.0010436155601457,0.0020331577752062,0.9277363816280404,0.0754917970735505,0.0132858208874517
LT05_L2SP_165040_19900212_02_T1,1990-02-12,landsat-5,165,0.0,35.18609372,185003,0.999945949744072,0.33735,0.4486975,0.1362734474708501,0.1363701320276644,0.022375756712002,0.1083888317673305,0.1130262680050918,0.1223058552725988,0.1503887686819457,0.1600816269428063,0.1661683007400922,0.0012270071296141,0.0021621271006416,0.9855786122387205,0.2519148338135057,0.0021891536893996
LT05_L2SP_166040_19900219_02_T1,1990-02-19,landsat-5,166,0.0,37.07296776,14791,0.0801836672738312,0.4294475,0.5136525000000001,0.0886171182496629,0.0892754467065614,0.0296023585429125,0.0803524756561398,0.0803697882200311,0.0848357664301806,0.0936605919941561,0.0979946452853224,0.0984671977068444,0.0016226083429112,0.0050706510715975,0.0408356432965992,0.0039889121763234,0.0015549996619565
LT05_L2SP_165040_19900228_02_T1,1990-02-28,landsat-5,165,0.0,39.73410275,185004,0.9999513547696648,0.347525,0.4660775,0.1475708439731834,0.1475783603377127,0.0159229508893214,0.1314981487823959,0.1354153166265231,0.1413971950456667,0.1538782861830923,0.1600257214296115,0.1645147932551804,0.0005891764502389,0.001254026939958,0.9968433114959676,0.4060074376770232,0.002345895223887
LT05_L2SP_166040_19900408_02_T1,1990-04-08,landsat-5,166,2.0,52.16626047,119824,0.6495793217104693,0.3529975,0.4640424999999999,0.1360826103518764,0.134704941615961,0.0196025644183183,0.1189006065454081,0.122555639026605,0.1281099123360269,0.1422539793643447,0.1511646944974441,0.1589132460240981,0.0007844839097342,0.0011349979970623,0.9954683535852584,0.1129740285752436,0.0034216851382026
LT05_L2SP_165040_19900417_02_T1,1990-04-17,landsat-5,165,0.0,54.61902972,185004,0.9999513547696648,0.3551424999999999,0.45516,0.1258462340592578,0.1252619288909435,0.0140032709408007,0.1087843921582269,0.11248571110218,0.1187681717301082,0.1331917639715725,0.1410343384234328,0.1457920917174578,0.0009945730903115,0.00143240146159,0.986448941644505,0.0241940714795355,0.0005243129878272
LT05_L2SP_166040_19900510_02_T1,1990-05-10,landsat-5,166,0.0,59.07078108,87948,0.476775956284153,0.3641625,0.4807075,0.1389919454236342,0.1394044536396524,0.0105942763364428,0.1255515617039768,0.1294393099836458,0.1341419895138424,0.1442926711011979,0.1491192063591218,0.1523280965609559,0.0003752217219265,0.0005230363396552,0.9965888934370308,0.0783985991722381,0.0005116659844453
LT05_L2SP_165040_19900519_02_T1,1990-05-19,landsat-5,165,0.0,59.99578902,185006,0.9999621648208504,0.356985,0.466875,0.1341685399177193,0.1343778319602008,0.0117389020144889,0.1193690967547551,0.1229138735011768,0.1283413599399574,0.1401450237877325,0.1458740536919795,0.1496153123062299,0.0003729608769445,0.0012269872328465,0.9949731360063998,0.0476741294876922,0.0008270002053987
LT05_L2SP_166040_19900526_02_T1,1990-05-26,landsat-5,166,0.0,60.4027216,99094,0.5371996703963917,0.383385,0.489095,0.1251809736278798,0.1255590499298933,0.0115923815076046,0.1102963554572755,0.1138394370644473,0.1197052595532647,0.1313058113819225,0.1363752776781955,0.1395346655130275,0.0003632914202676,0.0010091428340767,0.9887379659717036,0.0064282398530688,0.0007972228389206
LT05_L2SP_165040_19900604_02_T1,1990-06-04,landsat-5,165,1.0,60.5905736,184960,0.9997135336435818,0.3739524999999999,0.4715499999999999,0.1164673578518184,0.116252020818551,0.0198444366641917,0.1011047018432462,0.1047399672677626,0.109984894939392,0.1224743447157609,0.1289058771354566,0.1344792559692566,0.0008217993079584,0.0015300605536332,0.9589370674740484,0.0058877595155709,0.0012218858131487
LT05_L2SP_166040_19900611_02_T1,1990-06-11,landsat-5,166,0.0,60.5163727,87977,0.4769331685315292,0.3845125,0.5057050000000001,0.1360742137226232,0.1371657576543385,0.0117098925806219,0.1209018925371302,0.1248367740028987,0.1310670711552733,0.1418521440310087,0.1464140167992768,0.1489246313488802,0.000431931072894,0.0007842958955181,0.996499084988122,0.0369869397683485,0.0006933630380667
LT04_L2SP_165040_19900612_02_T1,1990-06-12,landsat-4,165,0.0,62.64477565,184983,0.999837849232216,0.3596525,0.4869775,0.1518905077537309,0.1493927637529538,0.0174388874658457,0.1314591451901029,0.1355511288846181,0.142075537575771,0.1583140078768164,0.172140755180528,0.181877850962753,0.000286512814691,0.0004757193904304,0.9980592811231302,0.4761572685057545,0.0162014887854559
LT05_L2SP_165040_19900620_02_T1,1990-06-20,landsat-5,165,0.0,60.20724839,185001,0.9999351396928864,0.368095,0.4672325,0.1206620835960595,0.1203198093387544,0.0147275394559481,0.101256092861822,0.1052880546615725,0.1123275815984998,0.127536723180743,0.1353953030492176,0.1452278120925232,0.0004324300949724,0.000870265566132,0.9595137323582036,0.0374754731055507,0.0005783752520256
LT05_L2SP_166040_19900627_02_T1,1990-06-27,landsat-5,166,0.0,59.84162692,83740,0.4539639170786712,0.3996099999999999,0.5214624999999999,0.1333791146795026,0.134439389458595,0.0134501990839353,0.1174864725605605,0.1220967047084689,0.1285330350212317,0.1395827909790796,0.1435308186504501,0.1458922583067867,0.000441843802245,0.00069262001433,0.9958084547408644,0.0152376403152615,0.000489610699785
LT05_L2SP_165040_19900722_02_T1,1990-07-22,landsat-5,165,0.0,58.03376834,184985,0.9998486592834016,0.3553075,0.4617874999999999,0.1334315377992642,0.1324465887152566,0.0289214527973849,0.1124861589103287,0.1169834706476735,0.1243612896651245,0.1406951008048505,0.1539274565208855,0.1632583715223899,0.0012595615860745,0.0016487823337027,0.9904532799956752,0.1285617752790767,0.0043517041922318
LT05_L2SP_166040_19900729_02_T1,1990-07-29,landsat-5,166,0.0,57.41068531,88768,0.481221268106514,0.40489,0.5194000000000001,0.1220657262109822,0.1242079925021491,0.0165219628425416,0.100701281536715,0.1059472961560636,0.114179094075621,0.1315807626010075,0.1359726048860221,0.1385141465022818,0.0006195926459985,0.0012391852919971,0.9553442682047584,0.0043371485219899,0.0003379596250901
LT04_L2SP_165040_19900730_02_T1,1990-07-30,landsat-4,165,0.0,59.23484574,185004,0.9999513547696648,0.3700475,0.46759,0.1198336055551361,0.1192042992876541,0.015298240418941,0.1018040609104425,0.1053449849090348,0.1105244462363568,0.1274705166567954,0.1361883246327397,0.1433652701264395,0.0004540442368813,0.0009891678017772,0.9513848349224882,0.0271291431536615,0.0005999870273075
LT05_L2SP_165040_19900807_02_T1,1990-08-07,landsat-5,165,0.0,56.52638156,184932,0.9995621929269836,0.3690024999999999,0.4811475,0.1351015515687785,0.1338491476483987,0.024912590013514,0.1139815083261733,0.1185899461035853,0.1257356114666145,0.1414826079334973,0.1544069103463015,0.165954103806069,0.0010760712045508,0.0015789587524062,0.9898232863971622,0.1272575865723617,0.006705167304739
LT05_L2SP_166040_19900814_02_T1,1990-08-14,landsat-5,166,2.0,55.73958761,91803,0.4976743429612282,0.4021674999999999,0.5100500000000001,0.1153782215476706,0.1176686327605749,0.0147423570194159,0.0941186594994242,0.0985440356696263,0.1067537567486341,0.1248977783866438,0.1302247055829716,0.1321094183836069,0.0004030369377907,0.0012417894840037,0.8784789168109974,0.001655719312005,0.0001416075727372
LT04_L2SP_165040_19900815_02_T1,1990-08-15,landsat-4,165,0.0,57.40636404,184989,0.9998702793857728,0.368975,0.4735575,0.1276217958049588,0.1262086471265189,0.0179027513711353,0.1053886089355894,0.1093392347652997,0.117277010576561,0.1351699984612108,0.1462244756548089,0.1552535987408413,0.000335155063274,0.000697338760683,0.978306818243247,0.0759883020071463,0.0027731378622512
LT05_L2SP_165040_19900823_02_T1,1990-08-23,landsat-5,165,0.0,54.58253563,184921,0.9995027376454628,0.3636675,0.4621725,0.1215583284910634,0.1221947509780447,0.0284142868968845,0.1007240351792014,0.1053379836517236,0.1132159485595583,0.1297941286951403,0.1380729747204073,0.1450604139231112,0.0013519286614283,0.0019467772724568,0.9556134781879828,0.0276983144153449,0.0022171630047425
LT05_L2SP_166040_19900830_02_T1,1990-08-30,landsat-5,166,0.0,53.5352162,98566,0.5343373232717495,0.401645,0.5141199999999999,0.1235576109297231,0.125188575770939,0.0146257741501489,0.1015382763412335,0.1066433408853893,0.1146319246495675,0.1338011694545627,0.138611966562829,0.1418130370769084,0.0002536371568289,0.0009029482783109,0.9581498691232272,0.0059858369011626,0.0006696020940283
LT04_L2SP_165040_19900831_02_T1,1990-08-31,landsat-4,165,0.0,54.99116065,184991,0.9998810894369584,0.3651525,0.47078,0.1329499849273294,0.1313085522674165,0.0192924724731918,0.1101715409114145,0.1145163021996916,0.1224236327564569,0.1401759808769659,0.1531559736952848,0.1658816785706954,0.0002378494088901,0.000486510154548,0.9841397689617332,0.1206923580066057,0.0060867826002346
LT04_L2SP_166040_19900907_02_T1,1990-09-07,landsat-4,166,0.0,53.7046756,61938,0.3357728337236534,0.4106375,0.5269075000000001,0.1213602850162976,0.1237781478179165,0.0134384959736146,0.1003486145873145,0.1072528369309461,0.1157276687776064,0.1297105630723689,0.1334868235269912,0.1362263304092004,0.00032290354871,0.0008234040492105,0.9632858665116728,0.00258322838968,9.687106461300008e-05
LT05_L2SP_165040_19900908_02_T1,1990-09-08,landsat-5,165,0.0,52.00049967,184976,0.9998000140530664,0.364905,0.4622,0.1244191260596625,0.1239136683268175,0.0187283028493217,0.1038979898070817,0.1087392267646016,0.1162111993531048,0.1312622039497305,0.1416226459260425,0.1484750931026906,0.0005243923536026,0.0009190381454891,0.9714881930628838,0.0413567165470115,0.0017569846899057
LT05_L2SP_166040_19900915_02_T1,1990-09-15,landsat-5,166,2.0,50.63391348,73669,0.3993678983433081,0.41204,0.5282825,0.1198168369152495,0.1226474252782004,0.0133423160146561,0.0983604817102179,0.1036080052230078,0.1124352275851674,0.1290148010607668,0.1329380035772013,0.1355446520806369,0.000257910382929,0.0007465826874261,0.9360382250335962,0.0013574230680476,1.3574230680476183e-05
LT05_L2SP_165040_19900924_02_T1,1990-09-24,landsat-5,165,0.0,48.6663323,185001,0.9999351396928864,0.370295,0.4782599999999999,0.1329815718656356,0.1331656661577008,0.0203033058533592,0.1140347810578388,0.1188081448353347,0.1259695197136541,0.1397528212177015,0.1475769658670453,0.1541262883004281,0.00062702363771,0.0008972924470678,0.9906054561867234,0.0798752439176004,0.0024972837984659
LT05_L2SP_166040_19901001_02_T1,1990-10-01,landsat-5,166,0.0,46.99315669,96751,0.5244980050307919,0.40511,0.5242125,0.1321706923790024,0.1329018635638703,0.0117509126612568,0.1159557895124488,0.1205954581201279,0.1268564739660123,0.1378022122734098,0.1433067595103486,0.1470806224100947,0.0002170520201341,0.0004754472821986,0.989715868569834,0.0278343376295852,0.0008475364595714
LT05_L2SP_165040_19901010_02_T1,1990-10-10,landsat-5,165,0.0,44.69451975,184999,0.9999243296417007,0.36012,0.47001,0.136446100773355,0.1350287492156276,0.0207649047193602,0.1170777333174777,0.1216090091716119,0.128292730730348,0.1440344135060472,0.1550957152472334,0.1609980368240776,0.000545948897021,0.0008054097589716,0.9913675209055184,0.1581197736203979,0.0032486662090065
LT05_L2SP_165040_19901111_02_T1,1990-11-11,landsat-5,165,1.0,36.11802874,184979,0.9998162291298448,0.3481574999999999,0.4370375,0.1179509465331182,0.1175667266521489,0.0200417406640139,0.0957331905100891,0.1021161016943461,0.1088185921013286,0.126589672208493,0.1355383907216424,0.1407671847107378,0.0004973537536693,0.0025300169208396,0.9237535071548664,0.0159910043842814,0.0018110163856437
LT05_L2SP_166040_19901118_02_T1,1990-11-18,landsat-5,166,0.0,34.41777832,4013,0.0217549223696764,0.427495,0.5474224999999999,0.1206708724234182,0.1199650838012836,0.0061225066120325,0.1095759549695836,0.1136212758632086,0.1177848325456421,0.1235283307165432,0.1279531210027696,0.1315188577760266,0.0,0.0,1.0,0.0,0.0
LT04_L2SP_165040_19901205_02_T1,1990-12-05,landsat-4,165,1.0,31.80286617,184985,0.9998486592834016,0.31755,0.4204549999999999,0.136380108760704,0.1353405389917015,0.0195760181235958,0.1109401291837082,0.1161870591391146,0.1257422485371111,0.1460079297647015,0.1577312016002609,0.166063507093213,0.000659512933481,0.0016001297402492,0.9877773873557316,0.1898262021244965,0.0047084898775576
LT05_L2SP_166040_19901220_02_T1,1990-12-20,landsat-5,166,0.0,29.37975476,133091,0.7215012143290832,0.3207399999999999,0.4243325,0.1406073457007632,0.1355949830027007,0.0292049826504507,0.1113089875388124,0.1164478251738535,0.1238516656212262,0.1529320386086997,0.1698386271786217,0.1837034488489267,0.0004433057081245,0.0013524580925832,0.9862725503602798,0.2858645588356838,0.0234726615623896
LT04_L2SP_166040_19901228_02_T1,1990-12-28,landsat-4,166,0.0,29.60800876,55474,0.3007307658947003,0.4133325,0.5358725,0.127505926858757,0.1284880857231898,0.0121952976755258,0.1108781234200207,0.1151119200114018,0.1222414525127865,0.1342064183050623,0.1395952148026814,0.1438941397052373,0.0003064498684068,0.0004506615711865,0.9849659299852184,0.0169989544651548,0.0003605292569492
LT05_L2SP_165040_19901229_02_T1,1990-12-29,landsat-5,165,1.0,29.01718638,184959,0.999708128617989,0.344775,0.454225,0.1354234146873635,0.1313610883520771,0.0259678323778942,0.1050185702951522,0.1100143606050296,0.1191864237980907,0.1477005971185049,0.1653058019202034,0.1785077407432037,0.0005298471553155,0.0014814093934331,0.9753080412415724,0.216566914829773,0.019025838158727
LT04_L2SP_165040_19910106_02_T1,1991-01-06,landsat-4,165,2.0,29.67578582,184944,0.9996270532340972,0.3251675,0.42557,0.1326204127932927,0.1311169899860894,0.0231628173326719,0.1032766261889562,0.1087138042354498,0.1188955520879066,0.1451964827565994,0.1587805436823887,0.1687078648977402,0.0007840211090924,0.0022979929059607,0.9670819275023792,0.1867484211436975,0.006450601263085
LT04_L2SP_166040_19910214_02_T1,1991-02-14,landsat-4,166,0.0,35.90813268,85436,0.4631581229941885,0.2442349999999999,0.3815425,0.2288076396207175,0.2087009158497517,0.0736459341046892,0.1692178784759151,0.1769711364367907,0.1880932516461298,0.2418342579326242,0.3260585467911462,0.3693911643003199,0.0029846902944894,0.0045999344538601,0.9928016292897608,0.9842923357835104,0.5846130436818203
LT05_L2SP_165040_19910215_02_T1,1991-02-15,landsat-5,165,0.0,35.86967797,184645,0.998010950581851,0.0991725,0.216625,0.2872642704969161,0.29108543305733,0.130696533332858,0.1273589275629622,0.1407208808885385,0.187133507959026,0.3835168994169506,0.4317776289994202,0.4581798774241974,0.0122613664058057,0.0184353759917679,0.9629017845054022,0.8347531750115086,0.7417260147851282
LT05_L2SP_166040_19910222_02_T1,1991-02-22,landsat-5,166,0.0,37.88796131,124793,0.6765168271315812,0.0406525,0.0965599999999999,0.2327316481393442,0.174586064636157,0.4117681970413651,-0.0880766513038742,0.0155693756711238,0.1310029306869642,0.386488096369961,0.5723017250126586,0.7012755629460228,0.090381672048913,0.1312573621917896,0.825142435873807,0.5809380333832828,0.4640324377168591
LT04_L2SP_165040_19910223_02_T1,1991-02-23,landsat-4,165,0.0,38.42843664,182421,0.9859901736634724,0.0511849999999999,0.1929475,0.2219991005644578,0.2365212654015462,0.2584032623617032,-0.1821216845115255,-0.1364960596123285,-0.0063013174679992,0.3861528526667794,0.5410703937555645,0.656354580918185,0.2562533918792244,0.2945987578184529,0.6871083921259066,0.6669078669670707,0.5688051266027486
LT04_L2SP_166040_19910302_02_T1,1991-03-02,landsat-4,166,0.0,40.5606544,106568,0.5777170613236187,0.152165,0.28048,0.3244581653477438,0.2207049044511846,0.1882451273327091,0.1830537250354181,0.1896365378696608,0.1995598124610362,0.4109952050103419,0.6211685702460348,0.7374054874067156,0.0015107724645296,0.0026274303730951,0.995364462127468,0.990287891299452,0.7468095488326703
LT05_L2SP_166040_19910310_02_T1,1991-03-10,landsat-5,166,0.0,43.00153421,119682,0.6488095238095238,0.118725,0.26453,0.2490695412223491,0.1853086710047475,0.2869009627482111,0.0220730264833335,0.1287321271502386,0.1465316337280975,0.3522636300311983,0.5995443452357181,0.7523295481102312,0.0437158469945355,0.0596497384736217,0.9236643772664228,0.704040707875871,0.4660684146321084
LT05_L2SP_166040_19910326_02_T1,1991-03-26,landsat-5,166,0.0,48.33832198,115746,0.627472027062191,0.064385,0.08897,0.1734540199615749,0.1631431336255898,0.2444770040757897,-0.1498691232477765,-0.1031473388029914,-0.0098430333705451,0.3649594785088746,0.4575305391768595,0.4952053263643293,0.2673267326732673,0.3560727800528744,0.5808148877714997,0.5156031309937277,0.4574585730824391
LT05_L2SP_166040_19910411_02_T1,1991-04-11,landsat-5,166,2.0,53.28740962,115066,0.6237856709168185,0.0538799999999999,0.0379575,-0.106944801341858,-0.1627298165989306,0.1987138855396873,-0.2945370577631487,-0.2717307816279932,-0.2209035522344871,-0.0520031187054967,0.1745459411204558,0.2836844820311585,0.8095353970764605,0.8451236681556672,0.1327064467349173,0.1105626336189665,0.0895138442285297
LT04_L2SP_166040_19910521_02_T1,1991-05-21,landsat-4,166,1.0,59.86195575,30454,0.1650945441929048,0.2079349999999999,0.299565,0.1810805951076676,0.1760331102025239,0.0279062074931576,0.1450758378650672,0.1521043288200599,0.1636578014684725,0.1895743338046315,0.2283081344857035,0.2439923766942535,0.0,0.0,0.9999343271819794,0.918500032836409,0.1636566625073882
LT05_L2SP_165040_19910522_02_T2,1991-05-22,landsat-5,165,0.0,60.68842878,184462,0.9970218308983692,0.20403,0.2400275,-0.0025333354205892,-0.0074698238209948,0.1353937871184696,-0.190390716430714,-0.1684357044131846,-0.0917635995678084,0.0500463739251338,0.1635550581695917,0.2512497988143131,0.5427621949236157,0.7498292331211849,0.1626405438518502,0.1120393360150058,0.0731099088159078
LT05_L2SP_166040_19910529_02_T1,1991-05-29,landsat-5,166,2.0,61.02764543,77833,0.4219414086217365,0.17785,0.240825,0.1644964347090275,0.1456531266550962,0.1666480864272839,0.0811510839871707,0.1051411065099655,0.1292434249014015,0.164716074487046,0.2972398318492352,0.4037600694623923,0.0225225803964899,0.0298331042102964,0.9158069199439828,0.4284172523222797,0.1787802089088176
LT05_L2SP_166040_19910614_02_T1,1991-06-14,landsat-5,166,0.0,61.02930346,105660,0.5727946916471507,0.0636149999999999,0.06851,0.0776564671990974,0.081869603507197,0.2396625247390988,-0.2187041980067558,-0.1924198228729227,-0.1094716158332144,0.2678280966391458,0.3428068528832744,0.3914566465437346,0.4021010789324247,0.4711906113950407,0.4786863524512587,0.4245315161839864,0.3599186068521673
LT04_L2SP_165040_19910615_02_T1,1991-06-15,landsat-4,165,0.0,59.91857841,183385,0.9912006183349278,0.0478575,0.082755,0.1743255689865159,0.2390842333907507,0.2377683345130012,-0.1747152226100559,-0.1510922751356427,-0.06096721520062,0.3595255348612676,0.4228265732098226,0.4943388673034122,0.3231398424080486,0.3626796084739755,0.6175914060582927,0.5825176541156584,0.5443465932328162
LT04_L2SP_166040_19910622_02_T1,1991-06-22,landsat-4,166,0.0,59.55926537,52177,0.282857359701622,0.174385,0.26783,0.19374927416305,0.2029577983281664,0.0570573271742281,0.1087170952992394,0.1352353919414773,0.1776837557393724,0.2190913752162244,0.2391432006236926,0.2510993144219634,0.0117484715487666,0.020756271920578,0.9577591659160166,0.8599382869846868,0.5423654100465722
LT05_L2SP_165040_19910623_02_T1,1991-06-23,landsat-5,165,4.0,60.68831999,183911,0.9940436617967386,0.045135,0.03606,-0.0459736910245282,-0.0853431618698518,0.2378004284596025,-0.2619023034765275,-0.2265960184719772,-0.1702547749012129,0.0304106778328729,0.2175274432555311,0.3742900143889413,0.6947599654180555,0.7641848502808424,0.1803589779839161,0.1404646812860568,0.1091343095301531
LT05_L2SP_166040_19910630_02_T1,1991-06-30,landsat-5,166,2.0,60.3160053,66372,0.3598100442362737,0.14244375,0.2144249999999999,0.1607523700162561,0.1866136612973423,0.1915284533643899,-0.0280384656698124,0.0565529120911909,0.1415531207518339,0.20630329852853,0.2198469445043872,0.2857709653993541,0.0594075815102754,0.0869945157596576,0.8443922135840415,0.7221569336467185,0.3333634665220273
LT04_L2SP_165040_19910701_02_T1,1991-07-01,landsat-4,165,0.0,58.97284879,184181,0.9955030187067936,0.0501949999999999,0.03969,-0.0116556352011117,-0.0878483184389734,0.225791601003786,-0.2616167612979764,-0.2332637317856749,-0.1801587775188001,0.11745727687732,0.381092527379267,0.4446044844216335,0.6471405845336924,0.6946427698839728,0.2560144640326635,0.2240133347087919,0.1941785526194341
LT04_L2SP_166040_19910708_02_T1,1991-07-08,landsat-4,166,1.0,58.4356665,26243,0.1422662416514875,0.256665,0.383165,0.1803750233157095,0.1956110158503008,0.0452562845393871,0.090543161749353,0.1104769723463686,0.1527469346339214,0.2160214572532935,0.2263041626327791,0.2305849605421669,0.0001905269976755,0.008040239301909,0.9324772320237776,0.7645086308729947,0.4646191365316465
LT05_L2SP_165040_19910709_02_T1,1991-07-09,landsat-5,165,0.0,59.74018171,180033,0.973082972547875,0.0680149999999999,0.14738,0.1817093641455369,0.1774551852670102,0.3249671797863412,-0.240598616264403,-0.1554007637064579,0.0634831977707977,0.2997931006368095,0.6086844312986651,0.7556312404239954,0.1915982069953841,0.2403226075219543,0.7051873823132425,0.6063943832519594,0.4203951497780962
LT05_L2SP_166040_19910716_02_T1,1991-07-16,landsat-5,166,0.0,59.22886818,73525,0.3985872582184057,0.149965,0.2253975,0.1525318649973996,0.1866271496308136,0.1776769869745143,-0.0713223748961562,0.0043128147642256,0.0877319463686744,0.2258814719474964,0.2742914315246135,0.3176100595626169,0.0952057123427405,0.1704862291737504,0.7254811288677321,0.6150017001020062,0.437402244134648
LT04_L2SP_165040_19910717_02_T1,1991-07-17,landsat-4,165,0.0,57.67231669,182737,0.987698161750796,0.060425,0.1121524999999999,0.1221684004370445,0.1363899704679214,0.222336283970662,-0.2191351442930818,-0.1760764340975747,-0.0263885703941413,0.1973439996919699,0.4223080623781932,0.5559636010720069,0.2689603090780739,0.3268522521437914,0.5847365339258059,0.4560050783366258,0.2418503094611381
LT05_L2SP_165040_19910725_02_T1,1991-07-25,landsat-5,165,0.0,58.50806792,180825,0.9773637528173696,0.0711775,0.1414125,0.1444801061168827,0.1465690086387223,0.3081134386157377,-0.2415529996994399,-0.1632819743313863,0.0362964996951998,0.2262612071656219,0.5352658915023356,0.7050630859951492,0.2190626296142679,0.2607604037052399,0.6562698741877506,0.4761565049080603,0.2706152357251486
LT05_L2SP_166040_19910801_02_T1,1991-08-01,landsat-5,166,0.0,57.88395954,79784,0.4325179980917686,0.1708925,0.24935,0.1729473670167892,0.177692430328832,0.1571192658375538,0.0484406223098478,0.0848434760449266,0.13392289512952,0.2078189427064082,0.2442022992935895,0.3647514348481658,0.0318986262909856,0.0502481700591597,0.8586308031685551,0.6892860723954678,0.3280231625388549
LT04_L2SP_165040_19910802_02_T1,1991-08-02,landsat-4,165,0.0,56.13286748,181966,0.98353088701875,0.0679874999999999,0.13099,0.1814414488627404,0.2099706667719569,0.2175356534760263,-0.192107716921928,-0.1480834431396217,0.0618550840687272,0.2832143796224965,0.433825884117258,0.5621087086441863,0.207555257575591,0.2365551806381411,0.7180901926733566,0.6323104316190937,0.5233944802875262
LT04_L2SP_166040_19910809_02_T1,1991-08-09,landsat-4,166,1.0,55.35773331,11671,0.0632697979009454,0.27806,0.434205,0.2077195888830141,0.216291623216435,0.0338688294340272,0.1477079269011177,0.1726333422132033,0.1978928143153177,0.2269534844197967,0.2333748913729407,0.2372641985481145,0.0016279667552052,0.0095964356096307,0.9827778253791448,0.9460200496958272,0.729671836175135
LT05_L2SP_165040_19910810_02_T1,1991-08-10,landsat-5,165,1.0,56.97556296,181223,0.9795149530033024,0.08215,0.136985,0.1119823166677848,0.1382344295097533,0.2872305810967279,-0.2694984027302753,-0.2045100136307065,-0.0283227949395553,0.2123079865501583,0.4452703959231068,0.6501645166384471,0.280466607439453,0.3400506558218327,0.5784420299851564,0.4652113694177891,0.3102531135672624
LT05_L2SP_166040_19910817_02_T1,1991-08-17,landsat-5,166,0.0,56.15623628,107513,0.5828400121432908,0.094635,0.164925,0.1936581059847368,0.2313741742671802,0.2316059250056141,-0.121109665183271,-0.0451536552261112,0.0986992518400732,0.2954755082405327,0.3435576538767,0.5449437388530595,0.1367555551421688,0.183456884283761,0.7479281575251365,0.6609619301851869,0.5764047138485578
LT05_L2SP_165040_19910826_02_T1,1991-08-26,landsat-5,165,0.0,54.94264265,182558,0.9867306621696854,0.0714799999999999,0.10448,0.0499366566700896,0.0820510959068472,0.2752464147169031,-0.2805447095290146,-0.2326971056433566,-0.1193220327426434,0.1664821586282352,0.2996519852230765,0.5440767873922753,0.3862334162293627,0.4565781833718599,0.4731427820199608,0.3435620460346849,0.1529541296464685
LT05_L2SP_166040_19910902_02_T1,1991-09-02,landsat-5,166,0.0,53.84215667,86357,0.4681509671263769,0.1520274999999999,0.239065,0.187094576766219,0.2031984376773923,0.1567826486305317,0.0029646170871566,0.0561760327900346,0.1261090248066796,0.2420421430732817,0.2591678429346277,0.3589839927581481,0.0482184420487048,0.0852855008858575,0.8092800815220538,0.6921152888590386,0.516889192537953
LT05_L2SP_165040_19910911_02_T1,1991-09-11,landsat-5,165,0.0,52.21317784,181522,0.9811310556555484,0.0721675,0.1235925,0.0952666538022526,0.1236903898010285,0.3184998294757588,-0.2663776964485542,-0.1901599233686436,-0.0156090459549546,0.1678922891218165,0.4311578746270554,0.6829602103944553,0.268044644726259,0.3646279789777548,0.5463414902876786,0.4113330615572768,0.1711087361311576
LT05_L2SP_166040_19910918_02_T1,1991-09-18,landsat-5,166,0.0,50.77246055,69432,0.3763986468904501,0.05608,0.0318525,-0.2145037330493063,-0.2748983564109022,0.2056035450144739,-0.3820751151792474,-0.3559137900198506,-0.30998482968314,-0.203429816043737,0.0503545119408373,0.3200519126435193,0.8837279640511579,0.899844452125821,0.0907938702615508,0.0834629565618158,0.0772842493374812
LT05_L2SP_165040_19910927_02_T1,1991-09-27,landsat-5,165,0.0,48.72339926,181124,0.9789798554696156,0.09392,0.1309624999999999,0.055684192914411,0.0914296282064805,0.3020213969807394,-0.3383205233713877,-0.254274150184379,-0.0700580801913386,0.1642545931961634,0.3267326684209194,0.5981941677803204,0.3508425167288708,0.4312791236942647,0.4862856385680528,0.3779786223802477,0.134675691791259
LT05_L2SP_166040_19911020_02_T1,1991-10-20,landsat-5,166,2.0,42.69336636,68458,0.3711184838234018,0.05091,0.0714799999999999,0.1482977666566397,0.1755972568761052,0.1540096728249579,-0.1234184754903498,-0.068609661276824,0.0241894556054192,0.2784608692118565,0.335481881866955,0.3600270217030702,0.2412428058079406,0.3062023430424493,0.6490548949720997,0.5492272634315931,0.4403137690262643
LT05_L2SP_165040_19911029_02_T1,1991-10-29,landsat-5,165,1.0,40.22668906,184903,0.9994054471847924,0.0697475,0.070655,0.0135479398390504,0.0120245885828896,0.1594462192554087,-0.221764029533058,-0.183977417241961,-0.1207068534050807,0.1686672477207806,0.1877468390899501,0.2009348875441182,0.4827504150825027,0.5432902657068841,0.3907940920374466,0.3212981941883041,0.0518650319356635
LT05_L2SP_165040_19911114_02_T1,1991-11-14,landsat-5,165,1.0,36.03596189,185012,0.9999945949744072,0.0874849999999999,0.082975,-0.015315065195964,-0.0223154734197672,0.1384650685139548,-0.2158643014724064,-0.1852661336653283,-0.1361928412114831,0.1285685329080967,0.148706604812172,0.1585400691968164,0.5302304715369814,0.5988098069314423,0.3273625494562515,0.0927075000540505,0.0130640174691371
LT05_L2SP_166040_19911223_02_T1,1991-12-23,landsat-5,166,1.0,29.74682857,63807,0.3459048920114493,0.2758875,0.366335,0.103607146050074,0.1375275952553982,0.0816263102971001,-0.0862684896105582,-0.0180808406939415,0.1011744546485041,0.148773441674218,0.157945036883025,0.1639258418285794,0.1216010782516024,0.1829423104048145,0.7522999043992038,0.2324666572633096,0.0017239487830488
LT05_L2SP_166040_19920108_02_T1,1992-01-08,landsat-5,166,0.0,29.74995337,88241,0.4783643420938503,0.266235,0.328495,0.0496137150397322,0.1045205339468559,0.1181837582464188,-0.1887635158027104,-0.1396139457575115,-0.0372153981004742,0.1435911627324081,0.1561114532914776,0.1616284862614879,0.2951802450108226,0.376956290159903,0.5186251289083306,0.1698756813726045,6.799560295100916e-05
LT05_L2SP_165040_19920202_02_T1,1992-02-02,landsat-5,165,3.0,33.12718955,184857,0.9991568160075238,0.1837625,0.16421,-0.0500712424392959,-0.059441901492863,0.147646694691888,-0.2617438965320235,-0.2348676858075217,-0.1836669392162733,0.1026268193691063,0.1390153350894548,0.1481510856351808,0.5884981363973233,0.6531102419708207,0.2550728400872025,0.0394196595206024,0.0008925818335253
LT05_L2SP_165040_19920218_02_T1,1992-02-18,landsat-5,165,1.0,37.12322041,184960,0.9997135336435818,0.1985025,0.176695,-0.0321250023023127,-0.0484783955134143,0.1162088903442258,-0.1919386743080021,-0.1750055751430913,-0.1403873522146037,0.0922914621870531,0.1247096476276069,0.1308381066373684,0.5982753027681661,0.6716154844290657,0.2229563148788927,0.0013354238754325,0.0006217560553633
LT05_L2SP_165040_19920305_02_T1,1992-03-05,landsat-5,165,1.0,42.05007783,180093,0.9734072740834429,0.2189074999999999,0.215085,-0.0141299466923959,-0.0124510113861614,0.1158026221186078,-0.1953390452893827,-0.1742464961679873,-0.1169172738804532,0.0991209411414597,0.1330447382418689,0.139980458808974,0.5281993192406146,0.626892772067765,0.2449512196476265,0.0095950425613433,0.0003220558267117
LT05_L2SP_166040_19920312_02_T1,1992-03-12,landsat-5,166,0.0,44.35893965,57738,0.3130041634139995,0.3391375,0.4522175,0.1231387046491432,0.1388083824883035,0.0467498560365599,0.0103397523645635,0.0641009621227645,0.1202960514304077,0.1482241713727589,0.155397797793951,0.1600197672666733,0.041619037722124,0.0891440645675291,0.8560220305518029,0.2098271502303509,0.0005542277183137
LT05_L2SP_166040_19920328_02_T1,1992-03-28,landsat-5,166,4.0,49.63286495,52158,0.2827543585740307,0.3126,0.4076675,0.1220593024877138,0.1348852457050851,0.0486956345945452,0.0233109620960532,0.0591432091863992,0.108759896208042,0.1544993866366251,0.1644499623960247,0.1692647204399182,0.034453008167491,0.0832087119904904,0.7900993136239887,0.3358449327044748,0.0005176578856551
LT05_L2SP_166040_19920413_02_T1,1992-04-13,landsat-5,166,2.0,54.40382804,40671,0.2204820452771272,0.336965,0.4408875,0.1283874793877096,0.1337467299830513,0.0233745325051798,0.0940623223147672,0.1080727924935747,0.1214226136143688,0.1417515566493267,0.1471747658078727,0.1500209751976724,0.0069336873939662,0.019694622704138,0.936760836959996,0.0512158540483391,0.0
LT05_L2SP_166040_19920531_02_T1,1992-05-31,landsat-5,166,0.0,61.24880196,38253,0.2073737965131407,0.350055,0.461925,0.1351037966619243,0.1381366943362227,0.0159298207748622,0.1092359508294803,0.1187212598737102,0.1292301162033261,0.1450980149044488,0.1499773650277074,0.152341089245669,0.0,0.0048100802551433,0.9675058165372652,0.0967767233942435,0.0
LT04_L2SP_166040_19920624_02_T1,1992-06-24,landsat-4,166,2.0,57.18607728,122949,0.6665202966432474,0.29764,0.36793,0.0861184220908292,0.10869424026319,0.0574640517889412,-0.0233050846848056,-0.0038248774994155,0.0442110873257759,0.1336335059120678,0.1435385864560496,0.1474176065003035,0.1110867107499857,0.2704373358059032,0.5501874761079797,0.0291096308225361,0.0008133453708448
LT05_L2SP_165040_19920625_02_T1,1992-06-25,landsat-5,165,0.0,60.57526686,185012,0.9999945949744072,0.24187,0.2812225,0.0597161021552424,0.075148848707899,0.074896034075195,-0.0562981693873489,-0.0409400254122182,-0.0023937278054335,0.1242071642309738,0.1404640234925505,0.1463388948279562,0.2567455083994551,0.421951008583227,0.4099896222947701,0.0311709510734438,0.0057563833697273
LT05_L2SP_166040_19920702_02_T1,1992-07-02,landsat-5,166,2.0,60.13393218,45986,0.2492952554427964,0.3583875,0.47639,0.1351053312464853,0.1413107613015833,0.0236742704039138,0.0977020548944005,0.1140409078434102,0.12607440529002,0.149800976260335,0.1551266005396325,0.1579895047715858,0.0024137781063802,0.0194406993432783,0.9470708476492846,0.2421606575914408,0.0
LT05_L2SP_166040_19920718_02_T1,1992-07-18,landsat-5,166,1.0,58.92221548,49147,0.2664313904068002,0.3580575,0.477325,0.1332507181958534,0.1412899252950796,0.0279808319604029,0.0778110056395751,0.1078646601100803,0.1221443302613616,0.1506763400365736,0.1567616111404441,0.1603331240517285,0.0049443506216045,0.0280993753433576,0.9298024294463548,0.2724886564795409,0.0
LT04_L2SP_166040_19920726_02_T1,1992-07-26,landsat-4,166,2.0,55.12419792,118710,0.6435402029664324,0.320135,0.4076675,0.0906255694273224,0.1132207620426926,0.0624942321948061,-0.028510780854629,-0.0063096646741772,0.0462879926301825,0.1423553277712423,0.1528677106826945,0.1570132865919579,0.1174374526156178,0.2600876084575857,0.5675090556819139,0.1403757055008002,5.054334091483447e-05
LT05_L2SP_166040_19920803_02_T1,1992-08-03,landsat-5,166,1.0,57.43971494,44682,0.2422261254228467,0.36243,0.4793325,0.1323224510330435,0.1373419151605196,0.0414731773532147,0.096392804824715,0.1085914178737619,0.1226611106043083,0.1449527755293327,0.1511828668360648,0.1547429381856542,0.0064455485430374,0.0170090864330155,0.9419005416051206,0.1180564880712591,0.0084374020858511
LT05_L2SP_166040_19920819_02_T1,1992-08-19,landsat-5,166,2.0,55.55982691,61324,0.3324442709688611,0.3869875,0.4685525,0.085222747109079,0.0956710609979962,0.0334496989807221,-0.0022880780500895,0.0313431953947157,0.080023955712124,0.1057173526173952,0.1105586600800523,0.1132705220152605,0.0541712869349683,0.1214858782858261,0.4037407866414454,0.0,0.0
LT04_L2SP_165040_19920820_02_T1,1992-08-20,landsat-4,165,0.0,52.71950258,185007,0.9999675698464432,0.3373225,0.3252225,-0.0008927036445625,-0.0118567966401678,0.0596309259415638,-0.0847186423857152,-0.0744861865463785,-0.0522359050380724,0.0621185107692361,0.0821185136172297,0.0865198666487691,0.5586383217932295,0.6910279070521655,0.0022323479652121,0.0002540444415616,0.0001351300221072
LT05_L2SP_165040_19920828_02_T1,1992-08-28,landsat-5,165,0.0,54.24452264,184995,0.9999027095393296,0.264805,0.315075,0.0736647973830374,0.086776971369334,0.0713009979891725,-0.0325486063060619,-0.0131989096208602,0.0211883610832387,0.1332446782843836,0.1475309565972622,0.1536457384442521,0.1533176572339793,0.3585123922268169,0.4491094353901457,0.0775426362874672,0.0049568907267764
LT05_L2SP_165040_19920913_02_T1,1992-09-13,landsat-5,165,1.0,51.34070778,184998,0.999918924616108,0.2636775,0.3203824999999999,0.0786501433639371,0.0929246876940818,0.0761288055858875,-0.0265089560717473,-0.0043373893914861,0.0344043217720614,0.1354994506193489,0.1514581423118066,0.1578336570275225,0.1139850160542276,0.3151655693575065,0.4696537259862269,0.1164012583919826,0.004902755705467
LT05_L2SP_166040_19920920_02_T1,1992-09-20,landsat-5,166,0.0,49.83220132,62241,0.3374154306531355,0.344115,0.4619525,0.1329344805322031,0.1415259064194854,0.0340373613008668,0.0628341114387881,0.0964466318788399,0.1220340822948129,0.1526884192896444,0.1613710823922145,0.1675250831749993,0.0057679021866615,0.033530952266191,0.894105171832072,0.3091370639931877,0.0001606657990713
LT05_L2SP_166040_19921006_02_T1,1992-10-06,landsat-5,166,0.0,45.91369363,100776,0.5463179807442102,0.34054,0.433875,0.1012512329730003,0.1175541065893106,0.0553863273218459,0.0032860343464444,0.0236678751117922,0.0719276720412512,0.1401565124551559,0.149355822464996,0.1540058341286098,0.0446534889259347,0.1785444947209653,0.6411844089862666,0.0881360641422561,0.0014785266333253
LT05_L2SP_165040_19921015_02_T1,1992-10-15,landsat-5,165,0.0,43.50023378,184871,0.999232486365823,0.2679125,0.3224999999999999,0.0769416017203106,0.0876800592223622,0.0707446633182293,-0.0141625867783188,0.003174936361746,0.035696169953869,0.1263130221311366,0.1422131909548457,0.1498472189821808,0.0870012062465178,0.3196336905193351,0.4296834008578955,0.0494939714719993,0.0078919895494696
LT05_L2SP_165040_19921031_02_T2,1992-10-31,landsat-5,165,1.0,39.09631572,185001,0.9999351396928864,0.35396,0.442455,0.1073329869038593,0.1117824578406205,0.0292115657439913,0.0515332804693785,0.0734679804147369,0.0963094232946276,0.1270796700057894,0.1379142398073835,0.1424253431462032,0.0099567029367408,0.0467294771379614,0.7108502116204777,0.0097999470273133,3.243225712293447e-05
LT05_L2SP_166040_19921123_02_T1,1992-11-23,landsat-5,166,3.0,33.43275394,88067,0.4774210686095932,0.3727425,0.4305199999999999,0.0437916631456672,0.0672292511645687,0.0566374875180753,-0.0752349091785419,-0.050681522793632,0.0123246161080277,0.0839694655554164,0.094190923317363,0.0989611692500167,0.220843221638071,0.3501311501470471,0.0269453938478658,0.0,0.0
LT05_L2SP_165040_19921218_02_T1,1992-12-18,landsat-5,165,0.0,29.69165151,183021,0.98923318901915,0.2242425,0.2569125,0.0385984389395579,0.0661938058835245,0.1095077110439327,-0.1509218751966253,-0.1115282552390898,-0.028625617417591,0.121893869792645,0.1387954581745483,0.1474075235530786,0.316717753700395,0.4553685096245786,0.3881193961348698,0.0402959223258533,0.0089716480622442
LT05_L2SP_166040_19930126_02_T1,1993-01-26,landsat-5,166,0.0,31.59344006,113342,0.6144396738659034,0.28505875,0.3720825,0.1034297718530334,0.1364157325403155,0.0817736797240148,-0.0559472890720273,-0.0067036773996621,0.0724061323814317,0.152311072058161,0.1627803364550361,0.1693979160178639,0.1076476504737873,0.1983642427343791,0.6801979848599813,0.2928040796880238,0.0071729808896966
LT04_L2SP_165040_19930127_02_T1,1993-01-27,landsat-4,165,0.0,30.51023592,181726,0.982233680876479,0.2252875,0.272725,0.0725229410367889,0.099845553671781,0.1020383957356726,-0.0908759214465302,-0.0543621860180567,0.0195268688839398,0.1405395181551942,0.1568284661030774,0.171659204499867,0.2011214685845724,0.3311083719445759,0.4994937433278672,0.1494062489682268,0.0268095924633789
LT05_L2SP_166040_19930227_02_T1,1993-02-27,landsat-5,166,0.0,39.73186271,125236,0.6789183797380519,0.302865,0.3752725,0.0903327848563549,0.1198723549166171,0.0714798207304921,-0.0420936800614449,-0.0070120821080362,0.0585005842434959,0.1347263019512282,0.1431316282525895,0.1493454687341824,0.1123079625666741,0.2266121562490018,0.6133779424446645,0.0467916573509214,0.0073141908077549
LT04_L2SP_165040_19930228_02_T1,1993-02-28,landsat-4,165,0.0,38.64216538,184938,0.9995946230805404,0.25815,0.3056975,0.0595015627883017,0.0810493806855482,0.089100200865991,-0.0979373273008361,-0.0576220843321956,0.0077981533569704,0.1295880579320554,0.1409195594281785,0.1467477028546927,0.225740518444019,0.3863727303204317,0.4255588359342049,0.0321459083584768,0.006018233137592
LT05_L2SP_165040_19930324_02_T1,1993-03-24,landsat-5,165,0.0,47.96080986,184977,0.9998054190786594,0.2622475,0.308365,0.0576967770949839,0.0771525079130671,0.0908098567124038,-0.0912378627648967,-0.0558217953145844,0.0048606089690672,0.1251701053199266,0.1357055090982792,0.1414246833960298,0.2363320845294279,0.4000389237580888,0.4205982365375155,0.0256842742611243,0.0104121052887656
LT05_L2SP_165040_19930409_02_T1,1993-04-09,landsat-5,165,0.0,52.94297068,160010,0.864858145103317,0.1985025,0.2308425,0.0548430380050813,0.0755343708934051,0.1126048169404958,-0.151930358404611,-0.09575551178285,-0.0160500957046232,0.140639237333656,0.1721219545559313,0.1940325745248366,0.290819323792263,0.4278232610461846,0.4244234735329042,0.1935691519280045,0.0395287794512842
LT05_L2SP_166040_19930416_02_T1,1993-04-16,landsat-5,166,1.0,54.86176969,95661,0.5185889929742389,0.322775,0.4092625,0.0941980481016636,0.119108501269258,0.0566331102636173,-0.0305623774390057,0.0029809490176935,0.0726880132101691,0.1326202964263441,0.1394096507522257,0.1430919083205723,0.0945630925873658,0.1932658032008864,0.6536415048975026,0.00863465780203,0.0003345145879721
LT05_L2SP_166040_19930502_02_T1,1993-05-02,landsat-5,166,2.0,58.36797913,88859,0.4817145892965565,0.3279725,0.4191075,0.1002394881430372,0.1198919560235166,0.0453193021197142,-0.0020674689690165,0.0253637390178151,0.085966337831631,0.1294791873344126,0.1357004369338222,0.1387985725747921,0.0520712589608255,0.1513971572941401,0.6969693559459368,0.0032748511687054,0.0003038521702922
LT05_L2SP_165040_19930527_02_T1,1993-05-27,landsat-5,165,2.0,60.95688334,184991,0.9998810894369584,0.2621925,0.30655,0.0648446660897608,0.0771189788170523,0.0623032506475878,-0.044649285770782,-0.0212757010714215,0.0198438056226705,0.1179654707100539,0.1277689709090496,0.132568484699011,0.1706407338735397,0.3789751933877864,0.3992788838375921,0.0116870550459211,0.003010957289814
LT05_L2SP_166040_19930603_02_T1,1993-06-03,landsat-5,166,2.0,61.10022879,90839,0.4924483910139647,0.338065,0.4359375,0.1078991538632239,0.1252859926882407,0.0409735005897749,0.0175155819982307,0.0403728444719575,0.0924298560030977,0.1346992648751171,0.1404844127812287,0.1438302710035013,0.023360010568148,0.1225354748511102,0.7236869626482018,0.0122854720989883,0.0006715177401776
LT05_L2SP_165040_19930612_02_T1,1993-06-12,landsat-5,165,0.0,61.00871792,184955,0.9996865085156178,0.2747325,0.34076,0.0966671853066589,0.106770001211982,0.0572112934091802,-0.0029653859890745,0.0162563473542108,0.0546196965901891,0.1439771869851419,0.1540328407042421,0.159464318923501,0.0563920953745505,0.2294125598118461,0.531075126382093,0.1561731231921278,0.0092292719850774
LT05_L2SP_166040_19930619_02_T1,1993-06-19,landsat-5,166,2.0,60.76591757,113003,0.6126019169051956,0.3217025,0.4204275,0.1177894737441397,0.1342840920468399,0.0437479749991684,0.033367908009295,0.0525580961340363,0.095982783852058,0.1463820258475273,0.1560063167491027,0.1615582771868974,0.0087077334230064,0.0927320513614682,0.7314584568551278,0.1821013601408812,0.0035928249692486
LT05_L2SP_165040_19930628_02_T1,1993-06-28,landsat-5,165,0.0,60.30066039,184960,0.9997135336435818,0.2531725,0.3369925,0.1238616264442474,0.1382538795368245,0.0637612450016388,0.0166378260164384,0.0362051394050591,0.0800693238953587,0.1681817898831591,0.1893509457744643,0.206788872610078,0.0217560553633218,0.1402843858131487,0.6716208910034602,0.4401330017301038,0.0651113754325259
LT05_L2SP_166040_19930705_02_T1,1993-07-05,landsat-5,166,1.0,59.85453231,139356,0.755464480874317,0.31326,0.4022775,0.1108643896881259,0.124646654356121,0.053681335956981,0.0275619647827862,0.0454668123646241,0.0855117608111235,0.1388801679027517,0.1505638574873803,0.1606372823427331,0.0128806796980395,0.1133356296104939,0.6804443296305864,0.1067338327736157,0.0161169953213352
LT05_L2SP_165040_19930714_02_T1,1993-07-14,landsat-5,165,0.0,59.20613939,184904,0.9994108522103852,0.28609,0.351265,0.0836566495732436,0.0971892911624258,0.0626297494007614,-0.0040241331761056,0.0117199461930333,0.0466614261230866,0.1238627382130337,0.1359668076969133,0.1441162904257084,0.0609126898282351,0.2661651451564055,0.4841431229178384,0.0328765197075239,0.0075336390775753
LT05_L2SP_166040_19930721_02_T1,1993-07-21,landsat-5,166,0.0,58.6392648,138447,0.7505366900858704,0.3217575,0.404945,0.0985138692402918,0.1136764777693809,0.0467095531392427,0.0143803869532247,0.0315469565286641,0.0724424937264919,0.1294966816738537,0.1396892435792809,0.1473183896521247,0.0249337291526721,0.1614769550802834,0.606882055949208,0.0404053536732468,0.0047093833741431
LT05_L2SP_166040_19930806_02_T1,1993-08-06,landsat-5,166,0.0,57.15088847,134361,0.7283860265417642,0.3173575,0.3937525,0.0957761836014451,0.1091725347830023,0.0487908996678176,0.0191766991208731,0.0366237357335612,0.0728785826794623,0.1234991250540709,0.1333775788389813,0.1406258150720508,0.0189042951451686,0.1486145533302074,0.5845446223234421,0.0255952248048168,0.005723386994738
LT05_L2SP_165040_19930815_02_T1,1993-08-15,landsat-5,165,2.0,56.13375184,184982,0.9998324442066232,0.286035,0.3416674999999999,0.0734752636182258,0.0879981970998484,0.0513136156108356,-0.014719450980777,0.0028944466647592,0.0401615208992198,0.1112868477830961,0.1226650981803947,0.1306149166211038,0.0903817668746148,0.2974613746202333,0.3994604880474857,0.0156555772994129,0.0024867284384426
LT05_L2SP_166040_19930822_02_T1,1993-08-22,landsat-5,166,0.0,55.2161615,134251,0.7277897042241305,0.3261025,0.4008474999999999,0.092725905240984,0.1054467736047437,0.0439839602668788,0.0132322784993056,0.0315802904625605,0.0690759506389742,0.1195493660079611,0.1303477394732126,0.1390109708611544,0.0259066971568182,0.1661663600271133,0.5576494774713038,0.024141347178047,0.0049981005728076
LT05_L2SP_165040_19931002_02_T1,1993-10-02,landsat-5,165,0.0,47.1230556,184960,0.9997135336435818,0.2533925,0.3207399999999999,0.095922553142812,0.1101409711213576,0.0581066562658547,0.0036723133262012,0.029714771169524,0.0697715878579701,0.126224215460551,0.1412320547584421,0.1585044724804043,0.0449070069204152,0.1676794982698962,0.5854671280276816,0.0675713667820069,0.0144463667820069
LT05_L2SP_166040_19931110_02_T1,1993-11-10,landsat-5,166,2.0,36.67082331,135026,0.7319910660074594,0.302975,0.372165,0.0901173122698217,0.1079652102592522,0.0500359271502833,-0.0017962579330271,0.0215982068435246,0.0627816937715982,0.1238788598584438,0.1329974498926011,0.1385872943387474,0.0526639313909913,0.1954660583887547,0.5557892554026632,0.0192333328396012,0.003651148667664
LT05_L2SP_165040_19931119_02_T1,1993-11-19,landsat-5,165,1.0,34.49369836,184465,0.9970380459751476,0.2678025,0.3115549999999999,0.0633806597422091,0.0756747859189025,0.0589290796496403,-0.0502142890680821,-0.0223862320960428,0.0247925957367337,0.1119264027388161,0.1228188182332162,0.1287285907895594,0.1597701460981758,0.361065784837232,0.3762881847504947,0.0064998780256417,0.0013661128127287
LT05_L2SP_166040_19940214_02_T1,1994-02-14,landsat-5,166,0.0,35.69043841,103211,0.559518388411831,0.3502475,0.4389625,0.0938049713784696,0.1140624591250112,0.0450465181515134,0.000802275542842,0.0250955376833133,0.0737232061319432,0.1235870037333054,0.1293169138341154,0.1333996980605177,0.0490936043638759,0.1720649930724438,0.6373061010938756,0.0046603559698094,0.0003294222515042
LT05_L2SP_166040_19940302_02_T2,1994-03-02,landsat-5,166,2.0,40.3944877,113311,0.6142716193945702,0.38619,0.4592025,0.0599503004178297,0.0823175638216206,0.0555187739099693,-0.0284609254886685,-0.0094943135501381,0.0307573453669452,0.0943980714134509,0.0989021302051891,0.1027431514718796,0.1321583959191958,0.3243639187722286,0.0642391294755142,3.530107403517752e-05,1.765053701758876e-05
LT05_L2SP_166040_19940318_02_T1,1994-03-18,landsat-5,166,0.0,45.59305598,81852,0.4437288576632839,0.3659225,0.4725125,0.1159597245989422,0.1266335999258563,0.0375234103702376,0.0396572459126082,0.0665896515262227,0.1151724429975317,0.1329282316483532,0.1382885566966523,0.1420881636548956,0.010335727899135,0.0670600596198015,0.8157772565117529,0.0162977080584469,0.0036529345648243
LT05_L2SP_165040_19940327_02_T1,1994-03-27,landsat-5,165,1.0,48.51174458,184983,0.999837849232216,0.227515,0.24022,0.0467732673860397,0.0451224376711325,0.0747878679803416,-0.0690254877988565,-0.0454637178290908,-0.005612283061484,0.1191428090997612,0.1314523118485338,0.1362361117533805,0.2748036306038933,0.5207559613586114,0.3398474454409324,0.0064168058686473,0.002794851418779
LT05_L2SP_165040_19940412_02_T1,1994-04-12,landsat-5,165,0.0,53.27735427,184951,0.9996648884132466,0.2975025,0.358305,0.0890734075693347,0.0941589115112074,0.0509743174036387,0.0043073410516618,0.0218777760991852,0.0527325022870221,0.1325696500591534,0.140058708369897,0.1442721899701649,0.0414596298479056,0.237008721228866,0.4694973263188628,0.0256824780617568,0.0054771263740125
LT05_L2SP_165040_19940428_02_T1,1994-04-28,landsat-5,165,0.0,57.02526916,184992,0.9998864944625512,0.262605,0.3091075,0.0784092875513847,0.081358956675241,0.0595224264073236,-0.0241563523866114,-0.002337276005531,0.0332874183593224,0.1350934111477406,0.1452219341164564,0.1496453875491975,0.1054153693132676,0.3369443002940667,0.4169855993772703,0.0458560370178169,0.002254151530877
LT05_L2SP_165040_19940530_02_T1,1994-05-30,landsat-5,165,2.0,60.29732781,184812,0.998913589855848,0.3038,0.37123,0.0956013287012128,0.1032912109493028,0.0548407916050364,0.0267309546253984,0.04222348585047,0.0687408104895084,0.1291895254608022,0.1359639592760282,0.1397922201929695,0.0093554531091054,0.1379239443326191,0.522081899443759,0.0176070817912256,0.004523515789018
LT05_L2SP_166040_19940606_02_T1,1994-06-06,landsat-5,166,0.0,60.32220733,50568,0.2741347905282331,0.38179,0.5052924999999999,0.1334298797591158,0.1364638333402096,0.0158192230868506,0.1064030963064301,0.1227042175146592,0.1314632069536172,0.1412033341866866,0.1447803826350969,0.1469842211224658,0.0009096661920582,0.0043703527922797,0.9582146812213256,0.0183119759531719,7.910140800506249e-05
LT05_L2SP_165040_19940615_02_T1,1994-06-15,landsat-5,165,0.0,60.09727541,184981,0.9998270391810306,0.28587,0.35946,0.115209480928976,0.1244682705408936,0.0391775692939585,0.0485026745415028,0.0622364527256949,0.0893355395382834,0.1409775076043807,0.1498190388686748,0.1660591138446785,0.0046923738113644,0.055616522778015,0.6771776560835978,0.0971829539249977,0.0143528254253139
LT05_L2SP_166040_19940622_02_T1,1994-06-22,landsat-5,166,1.0,59.77176676,46006,0.2494036776823662,0.3837425,0.5073000000000001,0.1358907641993879,0.138631996590643,0.0147716761381311,0.1125400804231689,0.124419547989664,0.1335906325606107,0.1428294457297335,0.1463525118316758,0.1489547232672998,0.0001738903621266,0.0024562013650393,0.9678302830065644,0.031191583706473,0.000130417771595
LT05_L2SP_165040_19940701_02_T1,1994-07-01,landsat-5,165,0.0,59.2257578,184954,0.999681103490025,0.3122975,0.3828075,0.0995078986832857,0.1008228308150918,0.0462080192020495,0.0325036866377147,0.0456776141128903,0.0680048250554277,0.1398664909179118,0.1482931832865681,0.1516492146357066,0.0068827924781296,0.1246039555781437,0.5059312045157174,0.0727261913773154,0.0023140889085934
LT05_L2SP_166040_19940708_02_T1,1994-07-08,landsat-5,166,0.0,58.71579707,53839,0.2918672478098708,0.376125,0.50092,0.1344228876717516,0.1390675400623767,0.0186777073486213,0.0925406080277056,0.1171554971487471,0.1323944012108982,0.1440718244942383,0.1482812518893786,0.1503925092641079,0.0003343301324318,0.0069652110923308,0.9402663496721708,0.0551273240587678,5.572168873864671e-05
LT05_L2SP_166040_19940724_02_T1,1994-07-24,landsat-5,166,0.0,57.3837198,73341,0.3975897736143637,0.3755475,0.4969325,0.1252740259955804,0.1349878812977615,0.0263308831050584,0.0623465582528822,0.0843247116171347,0.1223978737876446,0.1406302498629774,0.1450390234757924,0.1468788473936483,0.0016770973943633,0.0267517486808197,0.8562059421060525,0.019075278493612,6.817469082777709e-05
LT05_L2SP_166040_19940809_02_T1,1994-08-09,landsat-5,166,2.0,55.77385358,88095,0.4775728597449909,0.3612749999999999,0.4702025,0.1078897202322607,0.1258344602203298,0.0378984997866138,0.0283503846996438,0.0445707271626374,0.0843549263360615,0.1342648021385882,0.1398946384380248,0.1432652042429969,0.0086724558715023,0.1157727453317441,0.6945570123162496,0.0088994835121176,0.0
LT05_L2SP_165040_19940818_02_T1,1994-08-18,landsat-5,165,0.0,54.68643653,184963,0.9997297487203602,0.306275,0.375795,0.1019115238842071,0.1051396791847075,0.0469082539940654,0.0373387643625701,0.0496516586809181,0.071188722792024,0.1398837098498611,0.1478607009648553,0.1515217769902026,0.0110454523337099,0.101490568383947,0.5355990116942307,0.0648616209728432,0.0026708044311565
LT05_L2SP_166040_19940825_02_T1,1994-08-25,landsat-5,166,0.0,53.72266411,86670,0.469847775175644,0.3621,0.49289,0.1316223625192215,0.1471368077801295,0.0354924256362541,0.0587975345958215,0.0772365499402377,0.115646448236818,0.1545032852660803,0.1594881917386759,0.1628744332716509,0.0044882889119649,0.0318910811122649,0.817053190261913,0.4134994807892004,0.0002653744086765
LT05_L2SP_165040_19940903_02_T1,1994-09-03,landsat-5,165,0.0,52.2961717,185001,0.9999351396928864,0.29962,0.3748875,0.1072174781531601,0.1105775737044982,0.0406257161080753,0.0444095073827927,0.0569237482798564,0.0813876073235387,0.1406060928318355,0.1494686753156972,0.1539164565308542,0.0071675288241685,0.0682536851152156,0.580499564867217,0.0881130372268258,0.0039891676261209
LT05_L2SP_166040_19940910_02_T1,1994-09-10,landsat-5,166,0.0,51.02432559,84368,0.4573683754011622,0.3686999999999999,0.4940724999999999,0.1234919345303412,0.1391971912373239,0.0451917046677174,0.0526189527017288,0.0707575756962269,0.1087437703062917,0.1466503788037975,0.151788903707637,0.1546479958453541,0.006080504456666,0.0431206144509766,0.7904774322017827,0.139804191162526,0.0012326948606106
LT05_L2SP_165040_19940919_02_T1,1994-09-19,landsat-5,165,0.0,49.19465522,184938,0.9995946230805404,0.2957425,0.363585,0.1055173235497954,0.107670164376476,0.0512341761319017,0.0384755518995467,0.0507906809407991,0.0744237683982734,0.1425508255332244,0.1515221520344198,0.1574000977914791,0.0117552909623765,0.097438060322919,0.5506980717862202,0.1218192042738647,0.0133558273583579
LT05_L2SP_166040_19940926_02_T1,1994-09-26,landsat-5,166,0.0,47.61308203,81892,0.4439457021424234,0.3635025,0.475675,0.1181215286463421,0.1326006198617511,0.0353283560456443,0.0446980831133302,0.064486891333635,0.1059039790116801,0.1401265747661539,0.1449231074907029,0.1483052989258796,0.007522102281053,0.062057343818688,0.7769134958237679,0.024593366873443,0.0
LT05_L2SP_166040_19941012_02_T1,1994-10-12,landsat-5,166,0.0,43.58451588,81680,0.4427964264029838,0.3597349999999999,0.495035,0.1376465571749071,0.1496398867722844,0.0404680898922416,0.0726101638908906,0.0899192001093726,0.1296339359666851,0.1575644013776047,0.1625326012827433,0.1662688940015119,0.0045543584720861,0.0193315377081292,0.8696498530852106,0.4930215475024486,0.0025832517140058
LT05_L2SP_166040_19941028_02_T1,1994-10-28,landsat-5,166,0.0,39.25507274,94307,0.5112488073553647,0.356435,0.45274,0.1051455008077119,0.1136831705745407,0.0310571858477254,0.0441937491792412,0.0616111434807274,0.0949598920890856,0.1227652683210901,0.1317439068142354,0.1372872884708273,0.0067863467186953,0.0646399524955729,0.7186953248433309,0.0154707497852757,0.0002120733349592
LT05_L2SP_165040_19941208_02_T1,1994-12-08,landsat-5,165,0.0,29.97523986,184559,0.9975461183808704,0.2867775,0.3595425,0.1052693944794415,0.1158516478745741,0.0617874318804122,0.0416349059228942,0.0559551764650028,0.083792452125417,0.1330391245800717,0.1432550098552955,0.1507133454719876,0.011828195861486,0.0691594557837873,0.6265421897604561,0.0512410665424064,0.0090269236395949
LT05_L2SP_165040_19941224_02_T1,1994-12-24,landsat-5,165,0.0,28.3402139,184437,0.9968867052585494,0.246105,0.303305,0.0925879471932621,0.0990036218422537,0.0603710893117104,0.0076501443799136,0.027947191092751,0.0595286360073833,0.1364745718936624,0.1477826817129025,0.154147599545931,0.0390865173473869,0.1905040745620455,0.4962236427614849,0.0839582079517667,0.0030200014096954
LT05_L2SP_165040_19950210_02_T1,1995-02-10,landsat-5,165,0.0,33.13531835,184696,0.9982866068870836,0.24242,0.30276875,0.1106561756117156,0.1232077436498268,0.068522829651894,0.0350118484577689,0.0559858978698399,0.0880655635737306,0.1404211088444318,0.1533792471173169,0.1673874658923849,0.0213161086325637,0.083066227747217,0.6737395503963269,0.125725516524451,0.0196430891843894
LT05_L2SP_166040_19950305_02_T1,1995-03-05,landsat-5,166,0.0,39.55701888,98595,0.5344945355191257,0.295715,0.3980425,0.1339589120037002,0.151006169254813,0.0437832671071303,0.0554095681387799,0.0756148529261277,0.1147110832509432,0.160725209647712,0.1673113294885087,0.1707392037009863,0.0078198691617221,0.0401135960241391,0.8142400730260155,0.5197626654495664,0.0032151731832243
LT05_L2SP_165040_19950330_02_T1,1995-03-30,landsat-5,165,1.0,47.36985046,184961,0.9997189386691746,0.2470125,0.3051474999999999,0.100370778337782,0.1053823373786294,0.0520341182951536,0.0165257188010631,0.0358604513963987,0.0667202813019056,0.145071622592065,0.1542688855201778,0.1587436920508236,0.0248160423008093,0.1585577500121647,0.5291169489784333,0.1696844199588021,0.0015246457361281
LT05_L2SP_165040_19950501_02_T1,1995-05-01,landsat-5,165,0.0,55.13642029,184951,0.9996648884132466,0.2476175,0.311665,0.102231676113999,0.1092994701553769,0.0561546407771036,0.0197082836845513,0.0378745645890866,0.0696862255093403,0.1437993581773119,0.1531722210749614,0.1609692287145696,0.0218976918210769,0.1488988975458364,0.5511892339051965,0.1414266481392369,0.0064233229341825
LT05_L2SP_166040_19950508_02_T1,1995-05-08,landsat-5,166,0.0,56.15981831,99984,0.5420244600572469,0.291865,0.402415,0.1358591484139018,0.1474013345395811,0.0388489823286689,0.0617221888437526,0.08002464006528,0.118213388350259,0.1598852329861661,0.1727881817163047,0.178031441294733,0.0044207073131701,0.0281745079212674,0.8308829412706032,0.4307889262281965,0.0039806369019043
LT05_L2SP_165040_19950517_02_T1,1995-05-17,landsat-5,165,0.0,57.07747811,184969,0.9997621788739168,0.2569125,0.3337199999999999,0.1196007781145202,0.1286554876470547,0.0528275693741858,0.0498634384963685,0.0651917510268729,0.0926739924398788,0.1521329079778902,0.1601875678509012,0.1665293268532182,0.0080986543691105,0.0509382653309473,0.686596132324876,0.2990663300336813,0.0125372359692705
LT05_L2SP_166040_19950524_02_T1,1995-05-24,landsat-5,166,0.0,57.48169301,98485,0.5338982132014919,0.300005,0.417485,0.1489804192946104,0.1604984445005081,0.0346939391383923,0.0823534653192933,0.1013574018443761,0.1369889096688366,0.1688566949956114,0.1759267214386279,0.1807413851849414,0.0034319947200081,0.0132609026755343,0.906483220795045,0.6761943443163934,0.0109458293141087
LT05_L2SP_166040_19950609_02_T1,1995-06-09,landsat-5,166,0.0,57.5588399,98431,0.5336054731546535,0.312765,0.4207025,0.1318722500843423,0.1449329943033495,0.0389756983665745,0.0656775587081269,0.0818374914281115,0.1171456476600635,0.1528979601156121,0.1589522579784113,0.1626374173350365,0.0043482236287348,0.0237323607400107,0.8318720728225864,0.347786774491776,0.0036167467566112
LT05_L2SP_165040_19950618_02_T1,1995-06-18,landsat-5,165,0.0,57.21719201,184965,0.9997405587715458,0.2707175,0.3486525,0.1192211089818928,0.1254581827952778,0.0423659901351246,0.0537446629546539,0.0680903385745266,0.0935019631453829,0.1503883225132533,0.1586489722621775,0.1636557115190575,0.0052820803935879,0.0406239018192631,0.7016408509718055,0.2560484415970589,0.0080717973670694
LT05_L2SP_166040_19950625_02_T1,1995-06-25,landsat-5,166,0.0,56.81448191,85437,0.463163544106167,0.33218,0.442785,0.1360292330957067,0.1467798808487151,0.030630621256402,0.0739811347232074,0.0893143132159218,0.1284261426479169,0.1537449937183403,0.1590642807780353,0.1625166053402609,0.0023057925723047,0.0142210049510165,0.8681718693306179,0.3829839530882404,0.0024462469421913
LT05_L2SP_165040_19950704_02_T1,1995-07-04,landsat-5,165,0.0,56.17671221,184942,0.9996162431829114,0.266235,0.3476075,0.1254173617508793,0.1312987655356095,0.0430174264957135,0.0562819029753398,0.072193256899594,0.0954655434528988,0.1588886530846827,0.1677013278701281,0.1719855522328483,0.0053854722020957,0.0372495160644959,0.736614722453526,0.3612267629851521,0.0098247017984016
LT05_L2SP_166040_19950711_02_T1,1995-07-11,landsat-5,166,0.0,55.62174507,80881,0.438464957932171,0.3442525,0.4573325,0.1318185618659372,0.142641922321674,0.0292657206232615,0.068189002388112,0.087793275377376,0.125282656843554,0.1496476406523923,0.1542986571456444,0.1573953579430352,0.0022996748309244,0.0203508858693636,0.8580630803278891,0.2349624757359577,0.0011374735722852
LT05_L2SP_165040_19950720_02_T1,1995-07-20,landsat-5,165,1.0,54.84477518,185007,0.9999675698464432,0.2770975,0.3445824999999999,0.1026761851551348,0.1038411791827202,0.0446317577695127,0.0353535945119736,0.0496939086027562,0.0726638586730857,0.1400511484801219,0.1509569800286242,0.1549295772424651,0.0094428859448561,0.1013313009778008,0.5338014237299129,0.1121417027463825,0.0022215375634435
LT05_L2SP_166040_19950727_02_T1,1995-07-27,landsat-5,166,2.0,54.18936977,71622,0.3882708821233411,0.353355,0.4717699999999999,0.1343079067064133,0.1433782758450195,0.0254205763052218,0.0761715524196203,0.0939517049739155,0.1288228600378928,0.1497891841126355,0.1541296488992591,0.1572911840284093,0.0007818826617519,0.0104157940297673,0.8816425120772947,0.2485967998659629,0.0002792438077685
LT05_L2SP_166040_19950812_02_T1,1995-08-12,landsat-5,166,1.0,52.50511761,60238,0.326556943360222,0.34758,0.48123,0.1530452207415086,0.1590033257354246,0.0212048669701612,0.1027026799076763,0.1277517917534014,0.1502801675149878,0.1646794547349475,0.1695371397698309,0.1721149236444956,0.000182608984362,0.0025565257810684,0.959344599754308,0.7521000033201634,0.0008466416547694
LT05_L2SP_165040_19950821_02_T1,1995-08-21,landsat-5,165,0.0,51.39348372,184982,0.9998324442066232,0.27542,0.3478549999999999,0.1143499887848329,0.1206251817157789,0.0448774605753208,0.0510904454898392,0.063884998588887,0.0861012640901148,0.1469520019950247,0.1550751278364232,0.1600413831982957,0.0081629563957574,0.0475559784195219,0.6390729908855997,0.1937485809430106,0.0064492761457871
LT05_L2SP_166040_19950828_02_T1,1995-08-28,landsat-5,166,0.0,50.41206345,49510,0.2683992540549917,0.3644099999999999,0.5020199999999999,0.1521877427022532,0.1562957548632532,0.0169407121890997,0.120522166722122,0.1365142720117146,0.1495210075890219,0.161225629223413,0.1650220390848769,0.1670208465238269,0.0001413855786709,0.0014340537265198,0.9742678246818824,0.7373257927691376,0.0011310846293678
LT05_L2SP_165040_19950906_02_T1,1995-09-06,landsat-5,165,0.0,48.98510293,184985,0.9998486592834016,0.2714325,0.3407325,0.1086596431872599,0.113681624575722,0.0432631184384811,0.0426208449569457,0.0563092996373009,0.0795846936810118,0.1442313500534974,0.1525474924980773,0.1565146083827519,0.0097575479092899,0.0725680460577884,0.609860258939914,0.1480174068167689,0.0031948536367813
LT05_L2SP_166040_19950913_02_T2,1995-09-13,landsat-5,166,0.0,47.73656263,33599,0.1821439413652528,0.3650425,0.49795,0.1506551502312936,0.1523937450584526,0.0096767082628462,0.1314143813801136,0.1379231912637533,0.1458301557714462,0.1570045701796864,0.1611318634707196,0.1635574886861249,0.0,0.0,0.9999107116283222,0.5925473972439655,0.0
LT05_L2SP_165040_19950922_02_T2,1995-09-22,landsat-5,165,0.0,45.92996941,185013,1.0,0.3706799999999999,0.49377,0.1297436313806276,0.1426529512737958,0.0351573927022877,0.0639706162044339,0.076532277653366,0.1123295992467006,0.1523778224153889,0.1589081772653286,0.1639991027860615,0.0028700685897747,0.0228632582575278,0.7983060649792176,0.3132969034608379,0.0029349288968883
LT05_L2SP_166040_19950929_02_T1,1995-09-29,landsat-5,166,0.0,44.38198045,23673,0.1283339838667707,0.3865475,0.4937975,0.1200850396519019,0.1210384373365247,0.0086074930784292,0.105750244851675,0.1100010310715099,0.116071933294304,0.1255990716132766,0.129570627314041,0.132315485253729,0.0,0.0006758754699446,0.9815401512271364,8.448443374308283e-05,0.0
LT05_L2SP_165040_19951008_02_T1,1995-10-08,landsat-5,165,0.0,42.24131556,185002,0.9999405447184792,0.2852375,0.34076,0.0861798571362918,0.089922983965996,0.0428843600206628,0.0179176697018488,0.0321228298470973,0.0575727836493887,0.1229328389274166,0.1319619704615822,0.1361949819226437,0.0203457259921514,0.2016248472989481,0.4326277553756175,0.007453973470557,0.0011567442514134
LT05_L2SP_166040_19951015_02_T1,1995-10-15,landsat-5,166,0.0,40.47452047,20269,0.1098805186919941,0.381845,0.49223,0.124300591947592,0.1250510467368066,0.0087868243422499,0.1095979207490617,0.1139500289936923,0.1195181480325375,0.1300128840395269,0.1342183504699399,0.1366246829264995,0.0,0.000542700675909,0.98746854802901,0.0003453549755784,0.0
LT05_L2SP_166040_19951116_02_T1,1995-11-16,landsat-5,166,0.0,32.47340297,183387,0.9941614623991674,0.2791325,0.3341599999999999,0.0826353436374254,0.0906460393351383,0.0422871037160519,0.0169785706337586,0.032042128757857,0.055842727690465,0.1136372675304297,0.1233944010224803,0.1279331974384024,0.0221935033562902,0.1974840092263901,0.4294633752665129,0.0081794238413846,0.0011124016424283
LT05_L2SP_165040_19951125_02_T1,1995-11-25,landsat-5,165,2.0,30.55542185,184946,0.9996378632852828,0.3092999999999999,0.3502475,0.0634547112558164,0.0720830725134107,0.0422301679208106,0.0081189219943993,0.0233635378464591,0.0433266694710282,0.087971727170035,0.0967514416145572,0.1032375677673987,0.0357563829442107,0.3097444659522239,0.0734322450877553,0.0046337849967017,0.0010165129280979
LT05_L2SP_165040_19951227_02_T2,1995-12-27,landsat-5,165,2.0,26.80208976,185009,0.9999783798976288,0.3598725,0.435415,0.0920296309202266,0.0969481986030127,0.0285009430211159,0.0381501131980597,0.0623538087839654,0.0840792128083291,0.1078529622002834,0.1196001054348398,0.1265418724689216,0.013642579550184,0.0680723640471544,0.4171256533465939,0.0007242890886389,0.0
LT05_L2SP_166040_19960307_02_T1,1996-03-07,landsat-5,166,0.0,39.81428756,171308,0.9286798508109984,0.2436575,0.2906275,0.0824058437476272,0.0922905669408917,0.0576109525549738,-0.0023833382921666,0.0191627031878035,0.0533656283529729,0.1260496813860012,0.134974509204589,0.1394526551426663,0.0538386998855862,0.2327386928806594,0.4589919910336937,0.0098477595909122,0.0009048030448081
LT05_L2SP_165040_19960316_02_T1,1996-03-16,landsat-5,165,0.0,42.801189,184900,0.999389232108014,0.2579025,0.3181274999999999,0.0910445731156944,0.107055960938338,0.0684946619631274,0.0156014750272308,0.0325075405395227,0.0701684695885962,0.1254221199428466,0.13465242809376,0.1409433926925849,0.0340292049756625,0.1517468902109248,0.5525689561925365,0.0270470524607896,0.0046619794483504
LT05_L2SP_165040_19960401_02_T1,1996-04-01,landsat-5,165,0.0,48.02861782,184998,0.999918924616108,0.24814,0.3105374999999999,0.0970920717295931,0.1133270551930964,0.0676820070899425,0.0145099010624287,0.0377449389183946,0.07259743918312,0.1349956511114861,0.1439973370611746,0.1501998037394258,0.0335517140725845,0.1402231375474329,0.5911523367820193,0.0503518956961696,0.0048000518924528
LT05_L2SP_165040_19960417_02_T1,1996-04-17,landsat-5,165,0.0,52.63369627,184918,0.9994865225686844,0.260075,0.33339,0.1051275044859661,0.127035400251741,0.0802749247285187,0.0174197965350351,0.049899412055148,0.0865610344840306,0.1429133315732723,0.1525434230412754,0.1608314400511341,0.0378167620242485,0.1002065780508117,0.672957743432224,0.1271806963086341,0.0082847532419775
LT05_L2SP_166040_19960526_02_T1,1996-05-26,landsat-5,166,0.0,58.63537346,170339,0.9234267933038424,0.2738525,0.3417775,0.1019854730283962,0.1138368345768303,0.0507199408676663,0.0304484483955751,0.0477811853344653,0.078959842679055,0.1345916019450035,0.1417121287968423,0.1469798405237859,0.0177352221158982,0.1058712332466434,0.5900410358168123,0.0373373097176806,0.0045732333757976
LT05_L2SP_165040_19960604_02_T1,1996-06-04,landsat-5,165,0.0,58.91488797,184954,0.999681103490025,0.275145,0.3434275,0.0989200271278688,0.1118395825040308,0.055629036879166,0.0350424005942896,0.051254451437742,0.0787189154576853,0.1247616936203991,0.133725908961586,0.1459300294115702,0.0162851303567373,0.0959319614606875,0.5967808211771576,0.0426862895638915,0.0079911761843485
LT05_L2SP_166040_19960611_02_T1,1996-06-11,landsat-5,166,0.0,58.91423578,181848,0.9858183710642728,0.27036,0.3440325,0.1133718630875101,0.125188342185405,0.0556095285725868,0.0499514540759671,0.0654737746652553,0.0923911778465813,0.1403839769475301,0.1483976661279329,0.1562017329825957,0.0118065637235493,0.0500637895385156,0.6930898332673442,0.0828164181074303,0.009936870353262
LT05_L2SP_165040_19960620_02_T1,1996-06-20,landsat-5,165,0.0,58.70806229,185003,0.999945949744072,0.2934875,0.360065,0.0960320681651927,0.1059528521518703,0.043822302859322,0.0338580725056851,0.049256403018995,0.0754343089463131,0.1241556813477718,0.1315861372978688,0.1363921674087794,0.0133619454819651,0.1022469905893418,0.5444073879883029,0.0171889104501008,0.0023621238574509
LT05_L2SP_166040_19960627_02_T1,1996-06-27,landsat-5,166,0.0,58.42854195,184374,0.999512099921936,0.2757775,0.3482949999999999,0.1044667693231089,0.1158237423588791,0.0510836751988195,0.039616031279103,0.0569469807746847,0.082234398026016,0.1311750082779329,0.1392422269867455,0.1461345398607572,0.013130918676169,0.0773265210929957,0.6217308297265342,0.0383134281406272,0.0068339353704969
LT05_L2SP_165040_19960706_02_T1,1996-07-06,landsat-5,165,2.0,57.9696725,184945,0.9996324582596898,0.2909575,0.36507,0.1046706856151479,0.115908109015483,0.0500915035042328,0.0392004259107843,0.0554272386924132,0.0835020827847336,0.1319809303112387,0.1406724741968851,0.1488269311236024,0.0128795047176187,0.0788720971099516,0.6192381518829922,0.0467760685609235,0.0066127767714726
LT05_L2SP_166040_19960713_02_T1,1996-07-13,landsat-5,166,0.0,57.55004275,184395,0.9996259432734844,0.2822675,0.3552249999999999,0.1013523321415987,0.1122580009556976,0.0502579729579097,0.0344088076865676,0.0506752340433996,0.0783026946148331,0.129794368420521,0.1378627135238345,0.1436405572290974,0.0154722199625803,0.0982239214729249,0.5890018709834866,0.030955286206242,0.0059383388920523
LT05_L2SP_165040_19960722_02_T1,1996-07-22,landsat-5,165,0.0,56.94363753,185004,0.9999513547696648,0.2725875,0.3615225,0.1292811303975014,0.1401771137516822,0.0443347138361065,0.0680790129517784,0.0839899275120045,0.110494415502427,0.1545889821953529,0.1623351341054354,0.1682992814531448,0.0089998054096127,0.0237400272426542,0.8077717238546194,0.3609327365894791,0.0100754578279388
LT05_L2SP_166040_19960729_02_T1,1996-07-29,landsat-5,166,0.0,56.41873348,184438,0.9998590510885592,0.2745675,0.347965,0.1042603137043519,0.1150591490573809,0.0487231836349227,0.0405858903233253,0.0570377295242498,0.0812692962422803,0.1326527071273194,0.1403664008518312,0.1457724214947819,0.0132564872748565,0.0751038289289625,0.6178878539129681,0.0324553508496079,0.0028085318643663
LT05_L2SP_165040_19960807_02_T1,1996-08-07,landsat-5,165,0.0,55.66044813,184999,0.9999243296417007,0.2845775,0.36705,0.1166998871826959,0.1264435774211506,0.0409615879572514,0.058517674276577,0.0732264790760801,0.0957248464819085,0.1424566086115428,0.1498591354414123,0.1555651285722175,0.0091622116876307,0.0332650446759171,0.7241606711387629,0.0990599949188914,0.0044216455224082
LT05_L2SP_166040_19960814_02_T1,1996-08-14,landsat-5,166,0.0,54.9673565,184418,0.9997506288489896,0.2802325,0.353135,0.1037310529005459,0.1143318872565769,0.0461726260669569,0.0409781963306935,0.0553919571759216,0.0797548160003435,0.1320882601865615,0.1399491092439647,0.1450498087731839,0.0129271546161437,0.0760934399028294,0.6066381806548168,0.028760750035246,0.0030636922643125
LT05_L2SP_166040_19960830_02_T1,1996-08-30,landsat-5,166,0.0,52.97946711,184461,0.9999837366640644,0.2716525,0.34362,0.1079054932064787,0.1171635619207465,0.0405850323629656,0.0467557415481201,0.0615683808379837,0.0852606417362608,0.1347963088515734,0.1433561179006032,0.1488079126722578,0.0117097923138224,0.0567111747198594,0.6426236440223136,0.0437707699730566,0.0025533852684307
LT05_L2SP_165040_19960908_02_T1,1996-09-08,landsat-5,165,0.0,51.55179776,184973,0.999783798976288,0.289335,0.3643,0.1072190505295183,0.1145609809443794,0.0431417914504135,0.0483874453149724,0.0627064922318907,0.0853324639605986,0.1301937609503538,0.141568566745622,0.1565118007056257,0.0100122720613278,0.0527860822930914,0.6300487098117022,0.0646905224005665,0.007395673963227
LT05_L2SP_166040_19960915_02_T1,1996-09-15,landsat-5,166,0.0,50.2650292,184396,0.9996313643854629,0.2809475,0.36518,0.1240596635122428,0.1326088933854044,0.0418805495965724,0.0686378464691737,0.0808748000937431,0.1035905078802571,0.147025303460825,0.1552122610932828,0.1617538521663119,0.0061281155773444,0.0205102062951474,0.7912210677021193,0.1837946593201588,0.0097507538124471
LT05_L2SP_165040_19960924_02_T1,1996-09-24,landsat-5,165,0.0,48.39890679,184973,0.999783798976288,0.3065775,0.3812125,0.1032594232308481,0.1108550106981365,0.0431884676770616,0.0473503909138839,0.0610951652046536,0.0812696347849296,0.1287698691500111,0.1371891163745234,0.1424186515780735,0.0090986252047596,0.0580084661004579,0.5946867921264184,0.0230736377741616,0.0037248679537013
LT05_L2SP_166040_19961001_02_T1,1996-10-01,landsat-5,166,0.0,46.79141291,184396,0.9996313643854629,0.29346,0.362155,0.0939655320173344,0.1020373733824756,0.0444799524227578,0.0366004493636285,0.0494597310426574,0.0711076324103398,0.1213250809477386,0.129310294233073,0.1342209268688676,0.0119742293759083,0.1019490661402633,0.5148159396082345,0.0127443111564242,0.0024729386754593
LT05_L2SP_165040_19961010_02_T1,1996-10-10,landsat-5,165,3.0,44.56629223,184988,0.99986487436018,0.2790775,0.33845,0.0848660465633487,0.0944521428109816,0.0431127198464322,0.0240714339626721,0.0394380037989626,0.0631301920157055,0.1129750693209525,0.1219723208793879,0.1265040850129932,0.0204013233290808,0.1586481285272558,0.4453261833199991,0.0064815015028001,0.0009189785283369
LT05_L2SP_165040_19961026_02_T2,1996-10-26,landsat-5,165,0.0,40.36528298,184915,0.999470307491906,0.2865575,0.3544,0.0962532877658584,0.1059610697619538,0.0513942175457837,0.0364764372347023,0.0533211780747007,0.0748581499884098,0.1230695567262636,0.1312634592153459,0.1365263282987077,0.0165048806208257,0.0879485168861368,0.5539301841386584,0.01878160235784,0.0035421680231457
LT05_L2SP_166040_19961102_02_T1,1996-11-02,landsat-5,166,1.0,38.52348726,184457,0.9999620522161504,0.26662,0.3388075,0.1152607255170231,0.1247347585976606,0.0421791044778089,0.0566693501581356,0.0729461150557315,0.0943173580767971,0.1406276606974484,0.1493089742023924,0.1550990921586335,0.0092704532763733,0.0378624828550827,0.7228351323072586,0.0908992339678082,0.0027215014881517
LT05_L2SP_165040_19961111_02_T1,1996-11-11,landsat-5,165,1.0,36.24163454,184917,0.9994811175430915,0.2928825,0.3588,0.0973100098743435,0.1062121868126518,0.0462100170619798,0.0409803415431845,0.0547793063130134,0.0760667395851811,0.1210194951526448,0.1299517103209984,0.136861385311884,0.0112807367629801,0.0760665595916005,0.5618358506789533,0.0236322241870677,0.0035962080284668
LT05_L2SP_166040_19961204_02_T1,1996-12-04,landsat-5,166,1.0,31.52550655,184416,0.9997397866250324,0.25672,0.31832,0.0996285150838763,0.1092609853327312,0.0516401732810374,0.0315223987322377,0.0542169024813973,0.0832172604582349,0.1227198337887413,0.1353058748513307,0.1478818485421063,0.0168098212736422,0.0905181762970675,0.6223917664410897,0.0456142634044768,0.0059051275377407
LT05_L2SP_166040_19970105_02_T1,1997-01-05,landsat-5,166,0.0,29.58990222,184437,0.9998536299765808,0.2374425,0.3154875,0.1314693848026454,0.1421393609555488,0.057567130359839,0.063146712561196,0.0859239060607994,0.1145037093095138,0.155325418237237,0.1685203076419946,0.1812892843061784,0.0083931098423852,0.0306229227324235,0.8313299392204384,0.3565770425673807,0.02097735270038
LT05_L2SP_166040_19970206_02_T1,1997-02-06,landsat-5,166,0.0,34.33632076,184460,0.999978315552086,0.25903,0.336745,0.1207282304804812,0.1315285251366122,0.0489008634678666,0.0517832364341818,0.0737223304016421,0.1028855915389035,0.1442875847342315,0.1556312263330124,0.1664865612161536,0.0089829773392605,0.0432505692291011,0.7686165022227041,0.156472948064621,0.0078607828255448
LT05_L2SP_165040_19970319_02_T1,1997-03-19,landsat-5,165,0.0,47.10141914,184985,0.9998486592834016,0.2288899999999999,0.26387,0.0871701092043666,0.1019246833660521,0.0593255404467946,-0.010716020350594,0.020791173213138,0.0675600929511647,0.1207026314824938,0.1323302631229834,0.1402858053556621,0.0627726572424791,0.1767819012352353,0.5191826364299809,0.0230775468281211,0.0036813795713165
LT05_L2SP_166040_19970326_02_T1,1997-03-26,landsat-5,166,0.0,49.47581472,175632,0.9521207390059848,0.25639,0.3412,0.1294124801328951,0.143984981494651,0.0541562940046326,0.0257702311059277,0.0718185641446541,0.1126499605390103,0.1603065313375501,0.1729332594220822,0.1818084222907189,0.0326762776714949,0.0714733078254532,0.8150621754577754,0.4266705383984695,0.0155324769973581
LT05_L2SP_166040_19970411_02_T1,1997-04-11,landsat-5,166,2.0,54.5217892,183807,0.9964383294301328,0.3070725,0.3495324999999999,0.065552390818323,0.0687083672711732,0.0368372727914258,0.0048857280811346,0.0146251899066663,0.0354045639343203,0.1013055561092893,0.1097143105203215,0.1131962081124959,0.0343077249506275,0.3659925900536976,0.2656645285544076,3.808342446152758e-05,1.6321467626368965e-05
LT05_L2SP_166040_19970427_02_T1,1997-04-27,landsat-5,166,0.0,58.59504234,184438,0.9998590510885592,0.2777025,0.348405,0.09919602180054,0.1119159639553458,0.045369042560933,0.028848738374129,0.0461295615784044,0.0739971187858223,0.1287090930796425,0.1359249723765291,0.140831634932657,0.014861362625923,0.1155618690291588,0.5867988158622409,0.0211019421160498,0.0023259848838091
LT05_L2SP_165040_19970506_02_T1,1997-05-06,landsat-5,165,0.0,60.28500623,185003,0.999945949744072,0.281195,0.36859,0.1164088997667079,0.1300198722157408,0.0451296410656557,0.0471892453390761,0.0654219176664664,0.0952987953443293,0.1429154642830886,0.1509513645132229,0.158359067272587,0.0092106614487332,0.0558261217385664,0.7195396831402734,0.1121603433457835,0.0054701815646232
LT05_L2SP_166040_19970513_02_T1,1997-05-13,landsat-5,166,0.0,61.27000482,184304,0.9991326220834418,0.26068,0.3530525,0.1384382714786881,0.1502440706939222,0.0512113579547684,0.0657251866050638,0.0833248095223976,0.1151719618343072,0.1611143907351314,0.1726532292582646,0.1926612662510726,0.0079108429551176,0.0253168677836617,0.8258529386231444,0.5028051480163208,0.0407370431461064
LT05_L2SP_165040_19970522_02_T1,1997-05-22,landsat-5,165,1.0,62.12335561,184857,0.9991568160075238,0.284495,0.3697175,0.1191492809916752,0.1289394850130731,0.036382975642065,0.0597646704535884,0.0732832151892294,0.098217916777798,0.1434853498894641,0.1499466006442137,0.1540533682006878,0.0066483822630465,0.02863294330212,0.7261613030612852,0.0995526271658633,0.0041221051948262
LT05_L2SP_165040_19970623_02_T1,1997-06-23,landsat-5,165,0.0,62.22693502,184971,0.9997729889251026,0.2816075,0.3811024999999999,0.1332827807572631,0.1441045203115529,0.0418480190311063,0.0747368883881906,0.0885116816481724,0.113349117699116,0.1570650168681861,0.1651759620346234,0.173507303246852,0.0088175984343491,0.0174135405009433,0.8462299495596607,0.418352065999535,0.0073200663887852
LT05_L2SP_166040_19970630_02_T1,1997-06-30,landsat-5,166,0.0,61.87898132,184432,0.9998265244166884,0.2912325,0.37035,0.1057931833943543,0.1162573707656743,0.0394066024267312,0.0484256865527188,0.0629577850355288,0.0845447699554842,0.1295589256200622,0.1374403340163993,0.1453289500006749,0.0103669645180879,0.0541934154593562,0.6353398542552269,0.0360458055001301,0.0021742430814609
LT05_L2SP_165040_19970709_02_T1,1997-07-09,landsat-5,165,0.0,61.3327345,184997,0.9999135195905152,0.31117,0.3956774999999999,0.1098961757588471,0.1194666075307328,0.0378811126497047,0.0525935011951107,0.0663080439391955,0.0901841358771558,0.1345873363414893,0.1418950420666598,0.1470591229533946,0.0082055384681913,0.0433790818229484,0.664929701562728,0.0357194981540241,0.0021135477872614
LT05_L2SP_166040_19970716_02_T1,1997-07-16,landsat-5,166,1.0,60.85105862,184424,0.9997831555208604,0.289005,0.3704875,0.1141975741613105,0.12254809748598,0.040482163689982,0.0473652513352097,0.0614079784819377,0.0889642264349452,0.1463333498425557,0.1571525955282432,0.1613977237297245,0.0102535461762026,0.057335270897497,0.6791361211122197,0.2014217238537283,0.0010248123888431
LT05_L2SP_165040_19970725_02_T1,1997-07-25,landsat-5,165,0.0,60.15489899,184983,0.999837849232216,0.2861725,0.3825599999999999,0.1275485678217903,0.1357710513278562,0.0423770359437238,0.0657261211379236,0.0801340684090167,0.1053683563885045,0.1558596278386004,0.1677153840333525,0.1733185299094335,0.0095414173194293,0.0249752679975997,0.7807690436418482,0.3173426747322727,0.00435715714417
LT05_L2SP_166040_19970801_02_T1,1997-08-01,landsat-5,166,0.0,59.53853256,184245,0.9988127764767109,0.2949725,0.383605,0.110922494044808,0.1200735921533456,0.041833939979585,0.0522850587756736,0.0668560327766745,0.0912989211174129,0.1375171704152658,0.1459400725131555,0.1498924800839471,0.0101820944937447,0.0452983798746234,0.6769193193845152,0.0492116475345328,0.0019484924964042
LT05_L2SP_165040_19970810_02_T1,1997-08-10,landsat-5,165,2.0,58.62176871,185007,0.9999675698464432,0.29676,0.3828075,0.1114582586579734,0.1204337108314956,0.039572697268644,0.0516735172195159,0.0671742023539949,0.0898998403807227,0.1382474733930105,0.1471656872739949,0.1513360716313982,0.0105347365234828,0.0452847730085888,0.6845362607901323,0.0653002318831179,0.0013513002210727
LT05_L2SP_166040_19970817_02_T1,1997-08-17,landsat-5,166,3.0,57.79239645,181862,0.9858942666319715,0.29401,0.3842925,0.1173956412184645,0.1288516451196022,0.0461475596945313,0.0361648300637094,0.0676070723800012,0.0960344577995772,0.1492649138384143,0.1583906954231284,0.1631504803122579,0.0279112733831146,0.064367487435528,0.7318021356852998,0.2383455587203484,0.0021224884802762
LT05_L2SP_165040_19970826_02_T1,1997-08-26,landsat-5,165,2.0,56.5413789,185002,0.9999405447184792,0.299895,0.3858324999999999,0.1104905112568593,0.1170839030466239,0.0353571336433746,0.0541954047845433,0.0680540837468974,0.0927589200780835,0.1369680398651079,0.146343080956174,0.1502530696433059,0.0088377422946778,0.0402644295737343,0.6579496437876348,0.053529151036205,0.000951341066583
LT05_L2SP_166040_19970902_02_T1,1997-09-02,landsat-5,166,0.0,55.39544348,184463,0.9999945788880216,0.2915625,0.37596,0.1095791116911461,0.1164138485657236,0.0364662713629904,0.0521114283823931,0.065514090546713,0.0895749350533131,0.1360790861937248,0.1468563625530142,0.1511928629864379,0.010115849791015,0.0432336024026498,0.6581645099559261,0.0614106894065476,0.0007589597913944
LT05_L2SP_165040_19970911_02_T1,1997-09-11,landsat-5,165,0.0,53.69764368,185006,0.9999621648208504,0.2883175,0.3744475,0.1198856926290109,0.126593256961958,0.0371023620372465,0.0651855318611316,0.0796358540211405,0.1004967637722789,0.1453124634912755,0.1552713941071764,0.1598565480435465,0.0091672702506945,0.025972130633601,0.7548890306260337,0.1795671491735403,0.0019566932964336
LT05_L2SP_166040_19970918_02_T1,1997-09-18,landsat-5,166,0.0,52.1982771,184457,0.9999620522161504,0.278665,0.3742275,0.1330786302839776,0.1405657636035096,0.0377476807351979,0.0773941514985717,0.0908967613300847,0.1150132824158022,0.1581027914401854,0.1674628429738211,0.171438240850522,0.0075952661053795,0.0163506941997321,0.8554134567948085,0.36559198078685,0.0035726483679123
LT05_L2SP_165040_19970927_02_T1,1997-09-27,landsat-5,165,0.0,50.05825666,184949,0.999654078362061,0.28312,0.3585799999999999,0.1125781589567072,0.117870567559158,0.0340376705514509,0.0607418736810873,0.0732477267758444,0.090120524321355,0.1372811110684913,0.1479000166353904,0.1530428033064828,0.0077480819036599,0.0261153074631384,0.6862594553093014,0.073777095307355,0.001340910196865
LT05_L2SP_166040_19971004_02_T1,1997-10-04,landsat-5,166,3.0,48.2488185,184381,0.9995500477057854,0.29071,0.3657575,0.1043769793026797,0.1114449649353237,0.0447792980814735,0.0512734128447046,0.0644954896905905,0.0867767670024327,0.127940386690165,0.137147750132855,0.1419930422490755,0.0118396147108433,0.0467781387453154,0.6252596525672385,0.0181038176384768,0.0032975198095248
LT05_L2SP_165040_19971029_02_T1,1997-10-29,landsat-5,165,1.0,41.31961358,185006,0.9999621648208504,0.2707725,0.3410625,0.1045541740414439,0.1148610331896612,0.0475257370739446,0.0417141189154494,0.0584550818445532,0.0854897251756637,0.1286945611832083,0.1380410409135617,0.1446274592866464,0.0110969373966249,0.0715003837713371,0.6378712041771618,0.0312800665924348,0.0049782169226943
LT05_L2SP_166040_19971105_02_T1,1997-11-05,landsat-5,166,0.0,39.40276126,183087,0.9925351288056206,0.284495,0.3195849999999999,0.0444352421816108,0.0609973351646806,0.0613145026988135,-0.0761099760780169,-0.0223990225229472,0.0221467166913047,0.0862035282568395,0.0971380429388843,0.1037294917642381,0.1550410460600698,0.4238749883934959,0.0689344410034573,0.0009940629318302,0.0001256233375389
LT05_L2SP_166040_19971121_02_T1,1997-11-21,landsat-5,166,3.0,35.46567925,184396,0.9996313643854629,0.26464,0.333445,0.098542332201605,0.1153193180582076,0.0738618501747677,0.0253984343762184,0.048071927465917,0.0813371833470898,0.1298704103356499,0.1400498964487304,0.1470685101320403,0.0268498232065771,0.1052788563743248,0.6337447666977591,0.0379780472461441,0.0045228746827479
LT05_L2SP_166040_19971207_02_T1,1997-12-07,landsat-5,166,0.0,32.52389145,183930,0.9971051262034868,0.2653,0.3390275,0.1184704063983297,0.1309026630763836,0.06744256122747,0.0463168377912189,0.0691883034951193,0.1057434619538594,0.1445069212976238,0.1580290786622021,0.1692773131223581,0.0183439351927363,0.0546403523079432,0.7806719947806231,0.1750666014244549,0.0122655358016636
LT05_L2SP_166040_19980108_02_T1,1998-01-08,landsat-5,166,0.0,31.20158301,178243,0.9662752623818196,0.2488,0.290215,0.0846318140947659,0.1024180359610429,0.0802693779507545,-0.0052284777523257,0.0280989815308239,0.0669440073296073,0.1193422681628514,0.1316381854154963,0.1401802491297453,0.0561368468887978,0.1570664766638802,0.5211537058958837,0.0270249042038116,0.0038542888079756
LT05_L2SP_165040_19980202_02_T1,1998-02-02,landsat-5,165,0.0,34.92292423,184973,0.999783798976288,0.27707,0.3394125,0.0958484006340806,0.1045710337509688,0.053383596714458,0.0362632982665025,0.0534416379822474,0.0824945222923841,0.1184088177193661,0.1316258586386435,0.1410870943270375,0.0177377238840263,0.0851691868542976,0.5724240835148914,0.0295178215198975,0.0035572759267568
LT05_L2SP_165040_19980407_02_T1,1998-04-07,landsat-5,165,0.0,55.08054063,184990,0.9998756844113657,0.2537225,0.3301449999999999,0.1132465229924492,0.1253540658359014,0.0529226718569087,0.051034824827169,0.0696514849727484,0.0963021915998803,0.1367294549524864,0.1478889204701446,0.1590105093012778,0.0135412725012162,0.0475647332288231,0.7237256067895562,0.0858154494837558,0.0089950808151792
LT05_L2SP_166040_19980414_02_T1,1998-04-14,landsat-5,166,0.0,57.15922551,184461,0.9999837366640644,0.25914,0.331135,0.107780396046722,0.120150894726969,0.049794693570013,0.0384912887190656,0.0562857892171562,0.0855711137093716,0.1375295194683069,0.1454898894684811,0.1514096582935072,0.0141927019803644,0.075045673611224,0.6521215866768585,0.0589772363805899,0.0036376252974883
LT05_L2SP_166040_19980430_02_T1,1998-04-30,landsat-5,166,1.0,61.04978687,184411,0.99971268106514,0.23241,0.313975,0.1382384607442399,0.1472350945066046,0.0580439341370989,0.0648852169797262,0.0834949214399649,0.1129561104919247,0.1723149740435739,0.1857388682409499,0.1938360189878272,0.0091263536340023,0.0275634316824918,0.8378133625434492,0.4773739093654934,0.0297596130382677
LT05_L2SP_165040_19980509_02_T1,1998-05-09,landsat-5,165,0.0,62.60397951,184981,0.9998270391810306,0.2725875,0.35528,0.1180768644782896,0.1301163472960992,0.0456330956428606,0.0581130992355906,0.0738059033287333,0.0997061279562025,0.1420202535987082,0.1498154774496471,0.157876384290487,0.0108011093031176,0.0359658559527735,0.7480930473940567,0.0981019672290667,0.0075467210145906
LT05_L2SP_166040_19980516_02_T1,1998-05-16,landsat-5,166,1.0,63.4736914,179250,0.9717343221441582,0.2634025,0.33108,0.1075601418807271,0.1180140173346577,0.0441200086655713,0.0437609863899208,0.0602200049623433,0.0883352925120456,0.1347883747841687,0.1424129115239207,0.1483374171836325,0.0119832635983263,0.0662259414225941,0.6467670850767085,0.0425383542538354,0.0029902370990237
LT05_L2SP_165040_19980525_02_T1,1998-05-25,landsat-5,165,0.0,64.16933005,184988,0.99986487436018,0.280975,0.3566824999999999,0.1091230055066548,0.1189690744261137,0.0414560992110099,0.0488910698954564,0.0634367318041761,0.089157692084719,0.1353813798201908,0.1431397712339428,0.1490708147956486,0.0108980041948666,0.0522033861655891,0.6769952645577011,0.0458840573442601,0.0017893052522325
LT05_L2SP_166040_19980601_02_T1,1998-06-01,landsat-5,166,0.0,64.41564902,158550,0.8595173041894353,0.2844125,0.3552525,0.1031101645755081,0.1140086925982966,0.0396659389409826,0.042909703349196,0.0585434172498131,0.0823438976292717,0.1290441481099818,0.1364390504689924,0.1413927674589676,0.012330495111952,0.0696814884894355,0.610236518448439,0.0219552191737622,0.0013812677388836
LT05_L2SP_165040_19980610_02_T1,1998-06-10,landsat-5,165,0.0,64.4254511,184961,0.9997189386691746,0.28752,0.3693599999999999,0.109604979981951,0.1192829004053244,0.0448839226212917,0.0542857980531649,0.0680128354713287,0.0918478526670692,0.1322294936816442,0.1403003992478399,0.1472649366767274,0.009948043100978,0.0394137142424619,0.6827871821627262,0.0411113694238244,0.0043198295856964
LT05_L2SP_166040_19980617_02_T1,1998-06-17,landsat-5,166,0.0,64.24507499,153646,0.8329321710469252,0.2862,0.371065,0.1207116201187202,0.1306192018011064,0.0373589429415455,0.066393686319178,0.0811217754431233,0.1028825511985625,0.1427300858418454,0.1503681043683766,0.1562020387600109,0.008265753745623,0.0243091261731512,0.7740780755763248,0.1044283612980487,0.0044908425862046
LT05_L2SP_165040_19980626_02_T1,1998-06-26,landsat-5,165,1.0,63.838265,184936,0.9995838130293548,0.3059725,0.392185,0.1136763824506045,0.1223525171520315,0.0474331440088394,0.0577390437096832,0.0724358304748579,0.0959279803198655,0.1362646505537946,0.1449248033898293,0.151837217422193,0.0082677250508283,0.0328708309901803,0.7169128779685945,0.0585499848596271,0.0069267205952329
LT05_L2SP_166040_19980703_02_T1,1998-07-03,landsat-5,166,0.0,63.42518551,143771,0.779398690259346,0.312325,0.3972175,0.1108902818528081,0.1191955834082088,0.0398093772910827,0.0551382560671559,0.0703109598358905,0.0935676870639022,0.13305945088021,0.1411033552031553,0.1466915228985674,0.0088891361957557,0.0385335011928692,0.6969694861967991,0.0381231263606707,0.0046184557386399
LT05_L2SP_165040_19980712_02_T1,1998-07-12,landsat-5,165,1.0,62.80752222,184956,0.9996919135412106,0.309685,0.3728525,0.0900638518899943,0.0962734240541262,0.0437938499405037,0.0307283504159236,0.0433723062651217,0.0660313500783197,0.1197231312423685,0.1335104685582841,0.1383184725185796,0.0143493587664093,0.136789290425831,0.461661151841519,0.0067962109907221,0.0008218170808192
LT05_L2SP_166040_19980719_02_T1,1998-07-19,landsat-5,166,0.0,62.25875347,145026,0.7862021857923497,0.2932125,0.376015,0.1205265594387531,0.1272129567198735,0.0403658079317874,0.0649029048877384,0.078565753921907,0.1033800298401612,0.1440861286949671,0.1529827711845794,0.158384722995927,0.0081916346034504,0.0251265290361728,0.7761022161543447,0.1463116958338504,0.0067436183856687
LT05_L2SP_165040_19980728_02_T1,1998-07-28,landsat-5,165,0.0,61.46361595,184981,0.9998270391810306,0.28906,0.359405,0.0937179995705795,0.1026522777884685,0.0460806373883554,0.0367490987635193,0.0514273751315303,0.076495131949147,0.1193272377911975,0.1285463428517211,0.1337856618656523,0.0176883031230234,0.0940204669668776,0.5346495045437099,0.0159529897665165,0.0024543061179256
LT05_L2SP_166040_19980804_02_T1,1998-08-04,landsat-5,166,0.0,60.76255706,171385,0.929097276433342,0.25804,0.3385324999999999,0.1242400049122136,0.1317645649792061,0.039909097915119,0.0670264379659574,0.0826738065751141,0.1041896679546989,0.1492139865547718,0.1589081032912298,0.1652798248237365,0.0095224202818216,0.022714940047262,0.7821396271552353,0.2348746973189019,0.0072585115383493
LT05_L2SP_166040_19980820_02_T1,1998-08-20,landsat-5,166,1.0,58.76796718,168722,0.9146608552346256,0.2793525,0.350165,0.1054309904596666,0.1153326958199543,0.0508907203388223,0.0448109627649707,0.0600303433798365,0.083319026674286,0.133363026551059,0.1425686779260757,0.1486359974223911,0.0162397316295444,0.0637320562819312,0.6341496663150034,0.0438887637652469,0.0054171951494173
LT05_L2SP_165040_19980829_02_T1,1998-08-29,landsat-5,165,0.0,57.33666262,185010,0.9999837849232216,0.28147,0.3488175,0.0984952768496737,0.1077872345738721,0.0430209407915949,0.0395380272983996,0.0542714682918138,0.0800520998582711,0.1246923196205146,0.1331754614922198,0.139115384561011,0.0149343278741689,0.0839089778930868,0.5805686179125452,0.0209394086806118,0.0023782498243338
LT05_L2SP_166040_19980905_02_T1,1998-09-05,landsat-5,166,0.0,56.05095228,156559,0.8487238702402636,0.2891425,0.3602025,0.1052459683348079,0.1124245389435301,0.0439001283809241,0.0522162796613005,0.0647055365100244,0.0855719580429635,0.1269526464872341,0.1359465147357947,0.1442137626583328,0.0110884714388824,0.0457271699487094,0.6398035245498502,0.0371233847942309,0.0066492504423252
LT05_L2SP_166040_19980921_02_T1,1998-09-21,landsat-5,166,0.0,52.52285763,151162,0.8194661288923584,0.3068525,0.37431,0.0941532654840181,0.0992374410343939,0.0338551368037153,0.0454492069889373,0.0568242667405334,0.0775548335649697,0.115848355394441,0.1242708408780673,0.1296358694135852,0.0092152789722284,0.0666768103094693,0.493834429287784,0.0118482158214366,0.0014090842936716
LT05_L2SP_165040_19980930_02_T1,1998-09-30,landsat-5,165,0.0,50.21118882,184984,0.999843254257809,0.28191,0.35869,0.1107473397423681,0.1188128804710598,0.047432037343949,0.05351388906869,0.0677055112205944,0.0903305773978096,0.1378926797176357,0.1478190155759962,0.152121370349714,0.0116442503135406,0.0411332872032175,0.6756962764347186,0.0705736712364312,0.0030002594819011
LT05_L2SP_166040_19981007_02_T1,1998-10-07,landsat-5,166,0.0,48.29699569,164681,0.8927541417295516,0.286475,0.352035,0.0956940366884973,0.1032944965203505,0.0440265806774522,0.0373369039911083,0.0509931277081916,0.0738520559608119,0.1244078388232483,0.1348998975479761,0.1395097317895099,0.0150654902508486,0.0955422908532253,0.536631426819123,0.0133409440068981,0.0011051669591513
LT05_L2SP_165040_19981016_02_T1,1998-10-16,landsat-5,165,0.0,45.73749096,184984,0.999843254257809,0.2837525,0.3649874999999999,0.1211380406077967,0.1290070365742992,0.0458187943500196,0.06651114607448,0.0822353274675304,0.1036702505433052,0.1445440003723246,0.1538635968493724,0.1614014396984573,0.0090061843186437,0.0221262379449033,0.7807540111577217,0.1508184491631708,0.0053031613544955
LT05_L2SP_166040_19981023_02_T1,1998-10-23,landsat-5,166,0.0,43.70684779,178741,0.9689749761471071,0.28301,0.3610275,0.1212455650648838,0.1287899223638644,0.0438830187785613,0.0701687158197011,0.086419879365715,0.1047106301639439,0.1428086767417913,0.1516847605009547,0.1585311980384917,0.0077989940752261,0.0189883686451345,0.7970527187382861,0.1183500148259213,0.0061877241371593
LT05_L2SP_165040_19981101_02_T1,1998-11-01,landsat-5,165,0.0,41.13546578,184975,0.9997946090274736,0.280205,0.352585,0.1040822853688329,0.1095400365478856,0.0409268940592312,0.0523634322598874,0.0661290996365941,0.084926399266219,0.1253328418461642,0.1375908655547882,0.1508631588066919,0.0093850520340586,0.0444708744424922,0.6105635896742803,0.05235302067847,0.0035896742803081
LT05_L2SP_166040_19981108_02_T1,1998-11-08,landsat-5,166,0.0,39.22108492,158107,0.8571157515829647,0.28609,0.3555824999999999,0.1019381513636509,0.1109798709005929,0.050809494846429,0.0419095134552454,0.0589532310934718,0.0821933662440863,0.1232839324406721,0.1334102374331123,0.1445188474130314,0.0126370116440132,0.070129722276686,0.6088534979475925,0.0404978906689773,0.0123144452807276
LT05_L2SP_165040_19981117_02_T1,1998-11-17,landsat-5,165,1.0,36.93122317,184811,0.9989081848302552,0.274265,0.354015,0.1157841680055671,0.1254261314926132,0.061832460974008,0.0607134993042455,0.0744315574718288,0.1002274821596843,0.1380790840582849,0.1490936730802319,0.1618812050087042,0.0101887874639496,0.0313671805249687,0.7519844597994708,0.0949131815746898,0.0103835810638977
LT05_L2SP_166040_19981210_02_T1,1998-12-10,landsat-5,166,0.0,32.59872379,160248,0.8687223523289097,0.2467099999999999,0.3326475,0.137877349021091,0.1473220063675134,0.0633156713957161,0.0753417177210038,0.0911400318100595,0.1200183250561319,0.1601951490565614,0.1738214377484574,0.1909730497323681,0.0099970046428036,0.0206180420348459,0.8633056262792671,0.4544268883230992,0.0372672357845339
LT05_L2SP_165040_19981219_02_T1,1998-12-19,landsat-5,165,1.0,31.69230207,184270,0.9959840659845524,0.2869425,0.3545375,0.0951581907896211,0.1019496551631577,0.0639615007078637,0.0362689138525755,0.056394511098879,0.079179736254884,0.1143693402056383,0.1298365326310885,0.1471447245733778,0.013469365604819,0.0936126336354262,0.5274488522277093,0.0444836381396863,0.0110001628045802
LT05_L2SP_165040_19990104_02_T1,1999-01-04,landsat-5,165,4.0,31.39520949,184813,0.9989189948814408,0.284495,0.3462875,0.0909171746313773,0.0942704797008812,0.0509075906956308,0.0341791817003019,0.0474680466155573,0.0674493381179252,0.1187557477682197,0.1357366983141381,0.1438612131725238,0.0109624322964293,0.11102573953131,0.4391195424564289,0.0290185214243586,0.0022292804077635
LT05_L2SP_165040_19990120_02_T1,1999-01-20,landsat-5,165,0.0,32.86400689,184768,0.9986757687297648,0.2256725,0.28961,0.1227369021375485,0.1232884759243458,0.0615112972834914,0.0613202819820166,0.0833245586435072,0.1019659036567976,0.1484832286982912,0.1738029705610979,0.1919569606875552,0.0133085815725666,0.0376634482161413,0.770696224454451,0.2363450381018358,0.0370356338759958
LT05_L2SP_165040_19990309_02_T1,1999-03-09,landsat-5,165,0.0,45.5719585,184927,0.9995351677990196,0.2733025,0.353135,0.122552267047586,0.1303699344506304,0.0529065520068792,0.0585991937143555,0.0780690322056571,0.1085924466145403,0.1436325336352251,0.161217413592214,0.1735994673615979,0.010176988757726,0.0367658589605628,0.8015108664500046,0.1814067172451832,0.0143570165524774
LT05_L2SP_166040_19990417_02_T1,1999-04-17,landsat-5,166,0.0,58.17449769,95062,0.5153417468991239,0.29522,0.3973,0.1369603891559025,0.1451891950201065,0.0327157147415262,0.0866216799687447,0.1026881364325572,0.1305062842789349,0.1519702226517737,0.1577296909919405,0.1618408211103401,0.0039973911762849,0.0101302307967431,0.9121415497254424,0.3233889461614525,0.0027666154720077
LT05_L2SP_166040_19990519_02_T2,1999-05-19,landsat-5,166,1.0,63.86768067,99382,0.5387609506461966,0.3235725,0.4272475,0.1316726594962776,0.1384080739529078,0.0266206922346937,0.0873906022444757,0.101994772133728,0.1262009139127365,0.145282214101809,0.1507230461930791,0.1541319231961322,0.0039745627980922,0.0087641625244007,0.908645428749673,0.1156346219637358,0.0010464671670926
LT05_L2SP_165040_19990528_02_T2,1999-05-28,landsat-5,165,0.0,64.39074519,185013,1.0,0.3561875,0.4635475,0.1155752010874965,0.1270710531866605,0.0303920858220822,0.0562358102579349,0.0700797073201731,0.1019257427478639,0.1349525309027794,0.1410126692475495,0.145402488493841,0.0043348305254225,0.036991995157097,0.760800592390805,0.0239766935296438,0.0002270110748974
LT05_L2SP_166040_19990604_02_T1,1999-06-04,landsat-5,166,0.0,64.51649093,143559,0.7782494145199064,0.30897,0.3960075,0.1146434233605152,0.1264707479808868,0.040925960869999,0.0551620875635166,0.0729391407393842,0.096183508798644,0.1393747460340997,0.146586486854317,0.1513638844034687,0.0095988408946844,0.0384092951330115,0.7222117735565168,0.0615914014447021,0.0011841821132774
LT05_L2SP_165040_19990613_02_T2,1999-06-13,landsat-5,165,0.0,64.38832258,185013,1.0,0.3310249999999999,0.424525,0.1119384708035288,0.1246898345450369,0.035403242010512,0.0523688971577405,0.0666948273688438,0.0947805556171202,0.1343517058287156,0.1405608942676846,0.1447701751478482,0.0073832649597595,0.0466507758914238,0.7163118267364996,0.0219389988811597,0.0003891618426813
LT05_L2SP_166040_19990620_02_T1,1999-06-20,landsat-5,166,0.0,64.12111948,130727,0.7086857056119351,0.3226374999999999,0.4143775,0.1152664950948288,0.124337667772714,0.0355155662087207,0.0633414947332713,0.0758910118482616,0.0991942001327004,0.1361196127897931,0.1435795364178348,0.1479731855875308,0.0061961186288983,0.0240195215984456,0.7435954317011788,0.0356621049974374,0.0013310180758374
LT05_L2SP_165040_19990629_02_T1,1999-06-29,landsat-5,165,0.0,63.62561904,184945,0.9996324582596898,0.3091625,0.387675,0.1027827842575956,0.1106533782198515,0.0439108306198697,0.0485676881380879,0.0607926088688655,0.0829790150725021,0.1273595117603846,0.1371062432127741,0.143674011794042,0.0097272161994106,0.0529508772878423,0.601281462056287,0.0300521776744437,0.0019627456811484
LT05_L2SP_166040_19990706_02_T1,1999-07-06,landsat-5,166,0.0,63.15200943,119605,0.6483920981871801,0.3317675,0.42733,0.1174692182915002,0.1244312347121874,0.0436568661154755,0.0657177903055352,0.0780036780566985,0.1014661881569402,0.141105653475654,0.1478678624846889,0.1512746576642723,0.005994732661678,0.0210777141423853,0.7615317085406128,0.0632247815726767,0.0026503908699469
LE07_L2SP_165040_19990707_02_T1,1999-07-07,landsat-7,165,0.0,66.33067882,145868,0.7884202731699934,0.28422,0.350275,0.0973236955276699,0.1008382350519285,0.0378311047853765,0.0473963910015809,0.0586841174965361,0.0776233484054538,0.1182207508023829,0.1337854543631993,0.1487029064368594,0.0116406614199138,0.0592933336989607,0.509762250802095,0.0472550525132311,0.0022965969232456
LT05_L2SP_165040_19990715_02_T1,1999-07-15,landsat-5,165,0.0,62.45590667,184938,0.9995946230805404,0.308805,0.3861075,0.1054359361467762,0.1126112498366651,0.0418466954399203,0.0479310926283087,0.0610535027502292,0.0838301270730043,0.1326439393938657,0.1416790051194016,0.1464792242804411,0.0103980793563248,0.0537315208340092,0.6172825487460663,0.0315727432977538,0.0028982686089392
LT05_L2SP_166040_19990722_02_T1,1999-07-22,landsat-5,166,0.0,61.85349306,82522,0.4473610026888715,0.3504124999999999,0.4447925,0.1212308802861503,0.1259494853433744,0.0230286284205769,0.0761202622491203,0.0880339588613672,0.111062866999471,0.1390328195421014,0.143979910000533,0.1466486883914304,0.0008240226848597,0.0074525581057172,0.8310874675844018,0.0179588473376796,0.0001575337485761
LT05_L2SP_166040_19990807_02_T1,1999-08-07,landsat-5,166,4.0,60.22054749,40222,0.2180479659987856,0.3806075,0.503395,0.1340375321232386,0.1366444891072123,0.0123494442605133,0.1139885454517738,0.1178320353851176,0.1249847532237019,0.1439274790913854,0.1482226170315234,0.1505500203078476,0.0,9.944806324896822e-05,0.9927154293670132,0.0606384565660583,0.0
LE07_L2SP_166040_19990815_02_T1,1999-08-15,landsat-7,166,0.0,62.32535162,120105,0.6511026541764247,0.296595,0.3934225,0.1358377049494836,0.1375969179309018,0.0378457538521696,0.08569321910977,0.0996442622462529,0.120992253477218,0.1573777769335827,0.1718361461309359,0.180244531953574,0.0062611881270554,0.0121726822363765,0.8984971483285459,0.3320594479830148,0.0086757420590316
LT05_L2SP_165040_19990816_02_T1,1999-08-16,landsat-5,165,0.0,59.08191601,184994,0.9998973045137368,0.3052575,0.3886375,0.1154158216494854,0.1205720968653942,0.0388748444356812,0.0594846436053571,0.0719380416062152,0.0941996042245463,0.1434011750586956,0.1538986519051637,0.1585761732622232,0.0083840556991037,0.0273468328702552,0.6975145139842374,0.1578429570688779,0.00249737829335
LT05_L2SP_166040_19990823_02_T1,1999-08-23,landsat-5,166,0.0,58.05535524,42681,0.2313784803538902,0.3384775,0.4511175,0.1424185559194318,0.1421699089192026,0.0100876527408493,0.127012194513428,0.1311865046642878,0.136751217918098,0.1483504007898557,0.1548444732319897,0.1588457273154251,0.0,0.0,0.9972587333942504,0.2022211288395304,2.3429629108971205e-05
LT05_L2SP_166040_19990908_02_T1,1999-09-08,landsat-5,166,0.0,55.17092749,132530,0.7184599705091509,0.3074575,0.3905075,0.112134118003939,0.1224944318757023,0.0383980095665424,0.0579228770527261,0.0721991987771185,0.0936113550545261,0.1352800419995219,0.1418566007022433,0.1456978508933179,0.0086923715385195,0.033750848864408,0.7056213687466989,0.0249226590205991,0.0014638195125631
LT05_L2SP_165040_19990917_02_T1,1999-09-17,landsat-5,165,1.0,53.19388411,185008,0.999972974872036,0.3115549999999999,0.377005,0.0921266397494925,0.0975038205170592,0.0342999939431818,0.040106624098481,0.0510956721040284,0.0695274099301424,0.118626639431913,0.1276607480987085,0.1323256658190607,0.0090050159993081,0.0953850644296462,0.4715039349649745,0.0063132405085185,0.0003351206434316
LT05_L2SP_166040_19990924_02_T1,1999-09-24,landsat-5,166,0.0,51.49351137,167936,0.9103998612195332,0.3038275,0.3749975,0.1032878615794834,0.1097531765457932,0.0372188555038381,0.0497192851327327,0.0606648568958081,0.0801041572952066,0.1303532416493505,0.1383843862288932,0.1424527138163014,0.0084079649390243,0.0508229325457317,0.586008955792683,0.0165420160060975,0.0011016101371951
LT05_L2SP_165040_19991003_02_T1,1999-10-03,landsat-5,165,0.0,49.11877916,185005,0.9999567597952576,0.2867775,0.3693325,0.1191158786639764,0.1282856727897789,0.0441387780188675,0.0618410461926942,0.0727318742571686,0.0972957455593811,0.1484885134060248,0.1563407676415758,0.160627332820071,0.0098483824761492,0.0300045944704197,0.7247155482284262,0.2164752303991784,0.0014540147563579
LT05_L2SP_166040_19991010_02_T1,1999-10-10,landsat-5,166,0.0,47.16146936,61794,0.334992193598751,0.3302275,0.4314275,0.1406420296906655,0.1437932390752308,0.0156784774653983,0.1096260298567339,0.1233486756632101,0.1352449853124904,0.1503377557830974,0.1553920402768738,0.1584915627531054,4.854840275754928e-05,0.0006473120367673,0.9688804738324108,0.2594750299381817,0.0001456452082726
LT05_L2SP_165040_19991019_02_T1,1999-10-19,landsat-5,165,0.0,44.56789796,184976,0.9998000140530664,0.2871075,0.3646575,0.1106466244692381,0.1194097623301964,0.0479164359215972,0.0537051618568873,0.0659844086359605,0.089688504998129,0.1390066777808281,0.1473154859934146,0.1522813513687186,0.0112122653749675,0.0418378600467087,0.6599829167027074,0.0687873021364933,0.0022489404030793
LE07_L2SP_166040_19991103_02_T1,1999-11-03,landsat-7,166,0.0,42.06831893,102890,0.557778211466736,0.29104,0.3809925,0.1245728756346074,0.1339281391891905,0.0328843478700127,0.0719197877650252,0.0869815210567518,0.1137508138210835,0.1421907281810976,0.1484471565759856,0.1531442186776726,0.004616580814462,0.0159101953542618,0.8361356788803577,0.0829818252502672,0.0008164058703469
LT05_L2SP_165040_19991104_02_T1,1999-11-04,landsat-5,165,1.0,40.00757706,184922,0.9995081426710556,0.2872175,0.3605325,0.1085032574955797,0.1176579023194483,0.0417107436276535,0.0530946074371204,0.0661317863743652,0.089651604434406,0.1325486295067778,0.1415397179056287,0.1479382672124645,0.008057451249716,0.0445971815143682,0.6576232141118958,0.0410010707217096,0.00221174332962
LE07_L2SP_165040_19991112_02_T1,1999-11-12,landsat-7,165,4.0,39.59353468,184990,0.9998756844113657,0.2728075,0.344225,0.1064234901075781,0.116587089102175,0.0458916465992474,0.0484605316134204,0.062823371557822,0.0878010657274729,0.1295809289024629,0.1419285121271694,0.150230598914372,0.0099789177793394,0.0555597599870263,0.6593869938915617,0.0514460241094113,0.0022379588085842
LT05_L2SP_165040_19991120_02_T1,1999-11-20,landsat-5,165,3.0,35.91486432,184663,0.9981082410425214,0.27784,0.3569024999999999,0.1139040839764973,0.1257045932054019,0.0572362408734656,0.0473595873925163,0.0687753411121302,0.0980645493026269,0.1395752636352173,0.1515530104094476,0.1611810550174284,0.0165219887037468,0.0550083124394166,0.7399099982129609,0.1120094442308421,0.0076896833691643
LT05_L2SP_166040_19991127_02_T1,1999-11-27,landsat-5,166,1.0,34.39712223,154358,0.8367920027756093,0.3012975,0.3477174999999999,0.0715291990710792,0.0845829028251031,0.0430823783173208,0.0066156757877236,0.0215962161573087,0.0474273231451619,0.1015902506483227,0.1112077605087643,0.1162814667564405,0.0388706772567667,0.2680197981316161,0.2970821078272587,0.0021249303567032,0.0003887067725676
LE07_L2SP_166040_19991205_02_T1,1999-12-05,landsat-7,166,0.0,34.67051836,116729,0.6328009801370457,0.30985,0.40742,0.1252280905890973,0.1323688630891865,0.0400368073975187,0.070903434509923,0.0892679001046101,0.1165100014836905,0.1411931297261972,0.1514640142879715,0.160156181934653,0.006536507637348,0.022196712042423,0.8543806594762227,0.1134508134225428,0.0061681330260689
LT05_L2SP_165040_19991206_02_T1,1999-12-06,landsat-5,165,1.0,32.78744108,184847,0.9991027657515958,0.2947525,0.369965,0.1066577229835703,0.1158835979880809,0.0528514857842646,0.0450483386806598,0.0632356802185906,0.0915942378854399,0.1286227887994594,0.1417599263177822,0.1523999690463098,0.0115230433818238,0.05423404220788,0.6872765043522481,0.0573014438968444,0.0061564428960167
LT05_L2SP_165040_19991222_02_T1,1999-12-22,landsat-5,165,1.0,31.04014119,184634,0.9979514953003302,0.261285,0.3361949999999999,0.1100377810379896,0.1245289744418133,0.0701238141059922,0.0401614769207709,0.0678947177284898,0.0974333935069511,0.1385664387763027,0.1509632955134185,0.160666706861224,0.0239175883098454,0.0630219786171561,0.7305155063531094,0.1078349599748692,0.0055298590725435
LT05_L2SP_166040_19991229_02_T1,1999-12-29,landsat-5,166,0.0,30.79291047,1290,0.0069932344522508,0.39818,0.4966025,0.1144935525983301,0.1148521642424616,0.0089913468555016,0.0994219685138417,0.1039229524078193,0.1094216025126245,0.1208844583675442,0.1262561109178276,0.1295127507200889,0.0,0.0,0.9410852713178296,0.0007751937984496,0.0
LE07_L2SP_166040_20000122_02_T1,2000-01-22,landsat-7,166,4.0,34.763659,122333,0.6631808916644982,0.3027,0.3730175,0.0964801236862684,0.1073864708480575,0.0327252387527272,0.0391559877016026,0.0551923014815993,0.0808670315424413,0.1174730234927849,0.1243765630327864,0.1284762512038972,0.0116975795574374,0.0811473600745506,0.601366761217333,0.0033433333605813,0.0002779299126155
LT05_L2SP_165040_20000123_02_T1,2000-01-23,landsat-5,165,1.0,32.63802874,184780,0.9987406290368784,0.2718725,0.329375,0.0895027214893642,0.1017879735890675,0.0460894060181359,0.0244853445741272,0.0431912034548807,0.0700359774190537,0.1154727580165996,0.1261398538045249,0.1323025760510693,0.0230057365515748,0.1324169282389869,0.5204242883428942,0.011088862430999,0.0006764801385431
LE07_L2SP_165040_20000131_02_T1,2000-01-31,landsat-7,165,3.0,36.49218508,161284,0.8717441477085394,0.277345,0.338395,0.0924405773650259,0.0967748792575367,0.0370999032215478,0.0409855975950953,0.055597703392254,0.0785908345004097,0.1109418602639019,0.123319260477072,0.1332502876663448,0.0097901837752039,0.0765854021477641,0.4428089581111579,0.016901862553012,0.0016554648942238
LT05_L2SP_166040_20000215_02_T1,2000-02-15,landsat-5,166,0.0,37.71758419,26861,0.1456164888541937,0.3276425,0.4339025,0.1403778954841805,0.1404084731936236,0.0116930550496566,0.1236776064497079,0.1278579048689495,0.1340264476254428,0.1469588503638079,0.1541889723919055,0.1588599370996257,0.0,0.0007445739175756,0.9938572651800008,0.1773575071665239,3.7228695878783365e-05
LT05_L2SP_166040_20000302_02_T1,2000-03-02,landsat-5,166,0.0,42.68413744,184097,0.9980104519038944,0.277675,0.334655,0.0863490640218264,0.0947762898224345,0.0474503710053731,0.0235119028815417,0.037565298671798,0.0616246497456273,0.1171453369370278,0.125229618440074,0.1297452508765347,0.0177732391076443,0.1547825331211263,0.4600618152387057,0.0051385954143739,0.0014122989510964
LT05_L2SP_165040_20000311_02_T1,2000-03-11,landsat-5,165,1.0,45.73673882,184824,0.9989784501629616,0.2825425,0.3539325,0.1040549240698395,0.1142893615489136,0.0521338102842358,0.0413729767336277,0.0581214969108736,0.0823882410060296,0.1347009147754448,0.14278818386024,0.1474625219247874,0.0127851361295069,0.0744546162835995,0.6131725317058391,0.0356014370428082,0.0013418170800328
LE07_L2SP_166040_20000326_02_T1,2000-03-26,landsat-7,166,0.0,53.93179972,97284,0.5273874577153266,0.28741,0.379755,0.1282034402093141,0.1382626169684214,0.0311026706603344,0.0717512281738368,0.0867359418356315,0.1153451470437715,0.1480447985977666,0.1542062656528341,0.1570571919497192,0.003679947370585,0.0167139509066239,0.8361703877307677,0.1988713457505859,0.0003289338431807
LT05_L2SP_165040_20000327_02_T1,2000-03-27,landsat-5,165,1.0,51.23005573,184943,0.9996216482085044,0.2767675,0.3569024999999999,0.116290859866774,0.1281535162072822,0.0574267250422783,0.0489310105201315,0.0682262948740732,0.0931880871603384,0.1485687877454606,0.156787861164282,0.1611724559762573,0.0105870457384167,0.0518159649189209,0.7028111364041894,0.2232796050675073,0.0041958873815175
LE07_L2SP_165040_20000420_02_T1,2000-04-20,landsat-7,165,0.0,61.7258594,184551,0.997502878176128,0.2960175,0.3589925,0.0860213030314397,0.0958622107995505,0.0415218066414424,0.0264470520145238,0.0397674123832285,0.0643654131904601,0.114569879318203,0.1231560913583999,0.1274419039775641,0.0182388608027049,0.1558864487323287,0.4577867364576729,0.0022324452319413,0.0002763463757985
LT05_L2SP_166040_20000521_02_T1,2000-05-21,landsat-5,166,2.0,63.52975349,88978,0.4823597016219967,0.3415575,0.4188325,0.0999131931551915,0.105283831507527,0.0255659765392444,0.0506651083582562,0.0625503461240049,0.0861311034094161,0.1199133270652207,0.1258868670871718,0.1287578022061201,0.0028546382251792,0.0472476342466677,0.5986198835667244,1.1238733169997078e-05,0.0
LT05_L2SP_165040_20000530_02_T1,2000-05-30,landsat-5,165,1.0,63.97781225,185011,0.9999891899488144,0.3221974999999999,0.3943025,0.0952313213331802,0.1011868967425667,0.039235584152919,0.0400622461273979,0.0517077911424189,0.0748620225334464,0.1232158931492912,0.1345641886436186,0.1392448636163984,0.0097886071638983,0.0924917977849965,0.5102399316797379,0.0136478371556285,0.0002216084449032
LT05_L2SP_166040_20000606_02_T1,2000-06-06,landsat-5,166,2.0,64.0635881,97307,0.5275121432908318,0.3461225,0.429035,0.1050112007426298,0.1072160993383326,0.0298703381837678,0.0511923129137891,0.0647926106429246,0.0888315882169479,0.1311188859861611,0.1379066205525399,0.1406019699035355,0.0042237454653827,0.0449916244463399,0.6334693290307994,0.0010893358134563,0.0
LT05_L2SP_165040_20000615_02_T1,2000-06-15,landsat-5,165,0.0,63.92090739,185005,0.9999567597952576,0.3159,0.40181,0.1141301877074152,0.1173185467605164,0.0342036618206417,0.0623712337558837,0.0729626998488572,0.0930047391797708,0.1414443457406886,0.1519386991375532,0.1559181753655412,0.0053566119834599,0.0209507851139158,0.6838193562336153,0.1332342369125158,0.0012053728277614
LT05_L2SP_166040_20000622_02_T1,2000-06-22,landsat-5,166,0.0,63.66057182,97648,0.5293607424754966,0.342795,0.4408325,0.1261439546057927,0.1289695754686599,0.0291685417084003,0.0764396090771743,0.0889418779723635,0.1119745814367682,0.1503655693840726,0.1557656089942616,0.1585981648095167,0.0033282811731935,0.0111523021464853,0.8343642470915943,0.2571686056038014,4.096346059315091e-05
LE07_L2SP_165040_20000623_02_T1,2000-06-23,landsat-7,165,0.0,66.90387059,156063,0.8435245090885506,0.3108125,0.3779674999999999,0.0893814186249142,0.0925278856759561,0.0376902350618815,0.0374213546689409,0.050807230285302,0.0691378490585989,0.1116342768418642,0.1284854680346542,0.146643725389143,0.0255858211107052,0.0948334967288851,0.4111224313258107,0.0434247707656523,0.0004677598149465
LT05_L2SP_166040_20000708_02_T1,2000-07-08,landsat-5,166,0.0,62.73455075,94804,0.5139431000086738,0.333775,0.4247725,0.1208099180453093,0.1242778322480584,0.0323891540752794,0.0755154243635768,0.0888303615759435,0.1086869480538183,0.1410747256657899,0.1472198329258934,0.1501613152738414,0.0034175773174127,0.0099046453736129,0.8224020083540778,0.054470275515801,0.0003480865786253
LE07_L2SP_165040_20000709_02_T1,2000-07-09,landsat-7,165,0.0,65.82903486,157593,0.8517941982455287,0.2919475,0.362375,0.1022593640497831,0.1061346127928907,0.0340213032495216,0.0572427787843277,0.0672350384766122,0.0842212902000116,0.1205929166725123,0.139623344762743,0.147842585504269,0.0107365174849136,0.0318034430463282,0.5765547962155679,0.0397987220244554,0.0010406553590578
LT05_L2SP_165040_20000717_02_T2,2000-07-17,landsat-5,165,4.0,62.07840658,184985,0.9998486592834016,0.3459025,0.42678,0.0943028333017583,0.0969011750732173,0.0428005058453505,0.029463255593802,0.0394528982535093,0.0616919533890845,0.1322801780570329,0.1390925952385603,0.1425489812913054,0.0093467037867935,0.1662783468929913,0.4853420547611968,0.008189853231343,0.0004865259345352
LT05_L2SP_166040_20000724_02_T1,2000-07-24,landsat-5,166,0.0,61.507042,118668,0.643312516263336,0.3262124999999999,0.3967225,0.0921658026719309,0.0972650625873322,0.0311912950399745,0.041536208050067,0.0534228117210059,0.0750775408435358,0.1164228428467709,0.1245518020799303,0.1276976264355618,0.0069858765631846,0.086383860855496,0.449261806047123,0.002014022314356,0.0007836990595611
LE07_L2SP_166040_20000801_02_T1,2000-08-01,landsat-7,166,0.0,63.66847327,119968,0.6503599618353717,0.3162299999999999,0.4093725,0.1254803165365795,0.1302494191271142,0.0299191060857676,0.0783917849680811,0.0902901471790016,0.1110670417237614,0.1465738696725177,0.1535129930889282,0.1567165440051476,0.0044011736463056,0.0102443985062683,0.8408408909042411,0.1825903574286476,0.0012419978660976
LT05_L2SP_165040_20000802_02_T1,2000-08-02,landsat-5,165,0.0,60.6670499,184992,0.9998864944625512,0.30732,0.39862,0.1194529953288441,0.1245447013837681,0.0362443334503947,0.0689398557025071,0.0801560997854819,0.1002383648935355,0.1452478362644849,0.155939804879862,0.1599948031654459,0.0079679121259297,0.0182656547310153,0.7536758346306868,0.1939327106037018,0.0019730582944127
LT05_L2SP_166040_20000809_02_T1,2000-08-09,landsat-5,166,0.0,59.91002403,111637,0.6051966779425796,0.3385875,0.423205,0.1106009431971294,0.1145157420387824,0.0299664765495616,0.0635884498668044,0.0745914372542571,0.0955620478698855,0.1329145088197545,0.1401243160524404,0.1429315634123724,0.0039771760258695,0.0194559151535781,0.7071132330678896,0.0071571253258328,0.0007076506892876
LT05_L2SP_165040_20000818_02_T1,2000-08-18,landsat-5,165,2.0,58.77577641,184966,0.9997459637971384,0.30897,0.3934225,0.1105874358535929,0.1152945963579657,0.0434917187725182,0.0571304497878575,0.0685129418717049,0.0895547766177056,0.1396112766474092,0.1512865064554287,0.1563364997778631,0.010412724500719,0.0322978277088762,0.6556448212103846,0.1178270601083442,0.0020490252262577
LT05_L2SP_166040_20000825_02_T1,2000-08-25,landsat-5,166,0.0,57.73917302,105327,0.5709894613583139,0.32415,0.4176225,0.1220266614238391,0.1305463164910931,0.0391576818845024,0.0729266089291429,0.0886523825484864,0.1115982514418647,0.140723549095948,0.1469053069007161,0.1500183819061268,0.005772498979369,0.0149059595355416,0.8306322215576253,0.0504334121355398,0.0005411717793158
LE07_L2SP_166040_20000902_02_T1,2000-09-02,landsat-7,166,1.0,58.65645364,91772,0.497506288489895,0.3363875,0.4292825,0.1214376459050213,0.1267611507378168,0.0291860857531234,0.0738995375997333,0.0879395751174006,0.1117492156369301,0.1400001119776626,0.1463933250394601,0.1496529268467873,0.0042714553458571,0.0125201586540557,0.8392102166238068,0.0409057228784378,2.179313951967921e-05
LT05_L2SP_165040_20000903_02_T1,2000-09-03,landsat-5,165,1.0,56.17870656,184914,0.9994649024663133,0.31249,0.4034325,0.1140719902891665,0.1203346665178368,0.0447759842416399,0.0620394538713004,0.0731381779764369,0.0941725537596306,0.1389093378398054,0.147528946921168,0.1547565743441601,0.0085228809067999,0.0246547043490487,0.6953448630174027,0.0753593562412797,0.004212769179186
LT05_L2SP_166040_20000910_02_T1,2000-09-10,landsat-5,166,2.0,54.78394478,79392,0.4303929221962009,0.3487075,0.424085,0.1028561612609641,0.1045356013523014,0.0230268745093929,0.0589955668535491,0.070767352126123,0.0926187285879792,0.1222968487379044,0.1271925279933226,0.1299234121383296,0.0017382103990326,0.0296125554212011,0.5837363966142685,0.0001007658202337,0.0
LE07_L2SP_165040_20000911_02_T1,2000-09-11,landsat-7,165,1.0,56.65975064,185006,0.9999621648208504,0.3137825,0.39114,0.0994149204940812,0.1058794324626209,0.0421822336303304,0.0474590576245328,0.0598361572370005,0.080266468157931,0.1256660670675453,0.1352039360982171,0.1393502006241248,0.0113131466006507,0.0577873150059998,0.5656086829616337,0.0162156903019361,0.0007297060635871
LT05_L2SP_165040_20000919_02_T1,2000-09-19,landsat-5,165,0.0,52.76982911,184997,0.9999135195905152,0.297255,0.3879775,0.1196306993568114,0.1254587907976009,0.0418258232364605,0.0673347751092217,0.0792377548675541,0.1004051904229916,0.1461981838972572,0.1559263362993342,0.1607008939130359,0.0089677129899403,0.0199192419336529,0.7531527538284405,0.1981545646686162,0.0018162456688486
LT05_L2SP_166040_20000926_02_T1,2000-09-26,landsat-5,166,0.0,51.03530595,106976,0.5799288750108422,0.3217025,0.411655,0.1184494838215648,0.1238896429094979,0.0356000533013712,0.069027319502108,0.0813025306413803,0.1044041102654987,0.1405814490085417,0.1475529539942125,0.1507750683007433,0.00507590487586,0.0169477265928806,0.7838019742746036,0.0633787017648818,0.000392611426862
LE07_L2SP_166040_20001004_02_T1,2000-10-04,landsat-7,166,4.0,50.48996189,73362,0.397703616965912,0.301875,0.3758775,0.1155606635228525,0.1194290752635248,0.0206913317436293,0.0755909414824582,0.0877132371213303,0.1054511276543685,0.1306869348583864,0.1373134230376187,0.1406113593231013,0.0009269103895749,0.0083149314358932,0.8172759739374608,0.0026171587470352,0.0
LT05_L2SP_165040_20001005_02_T1,2000-10-05,landsat-5,165,0.0,48.63369267,185001,0.9999351396928864,0.26255,0.3495324999999999,0.1288922218440603,0.138173269145968,0.0502624887984909,0.0702803117329172,0.085080783620559,0.1082587271483236,0.1557530921841675,0.1662328023914264,0.1725136390173584,0.0087999524326895,0.0225998778384981,0.8105145377592553,0.347657580229296,0.0082810363187226
LT05_L2SP_165040_20001021_02_T1,2000-10-21,landsat-5,165,0.0,44.08969483,184996,0.9999081145649223,0.267555,0.3419975,0.1157604205487145,0.1219727173561182,0.0497633183281461,0.0482242923810578,0.0627610009101482,0.0893947418531395,0.1468029160740809,0.1667202092158879,0.1758522517039325,0.0096434517503081,0.0541633332612597,0.6690306817444701,0.2231561763497589,0.0046109105061731
LT05_L2SP_166040_20001028_02_T1,2000-10-28,landsat-5,166,2.0,42.08600424,127439,0.6908610894266632,0.2931025,0.36144,0.0903580219461833,0.0989551392279221,0.0435595564040915,0.0366219122867025,0.0498755964662956,0.0735888216270916,0.114069246965749,0.1226262682926078,0.1268691280049072,0.0115427773287612,0.1012170528645077,0.4789585605662317,0.0037900485722581,0.0009337800830201
LE07_L2SP_165040_20001029_02_T1,2000-10-29,landsat-7,165,1.0,43.05069598,184743,0.9985406430899452,0.280535,0.341915,0.0894500888295339,0.0997043993512401,0.0460606695871642,0.0304482851056614,0.0447582411727455,0.0698002348575844,0.1166077737138987,0.1252208746195693,0.1303801327637496,0.0151453641003989,0.1253687555144173,0.4945031746805021,0.006571290928479,0.0004600986234931
LT05_L2SP_165040_20001106_02_T1,2000-11-06,landsat-5,165,0.0,39.59253397,184941,0.9996108381573188,0.235875,0.27102,0.0810313793787279,0.0880246466663342,0.0676431483560053,-0.0102916987028483,0.0191290932778091,0.0552544611890165,0.1254872862797551,0.1399272145452379,0.1457102235805288,0.0636419182333825,0.2255367928150058,0.4300398505469311,0.0260677729654322,0.0010922402279645
LT05_L2SP_166040_20001113_02_T1,2000-11-13,landsat-5,166,0.0,37.77142372,128026,0.6940432821580362,0.2742375,0.3582774999999999,0.1180997809189297,0.1311196250862459,0.0593828572797222,0.0555104991173456,0.0753498886156385,0.1039431268955201,0.1440005467167207,0.1530142594783579,0.1584398047122303,0.0152469029728336,0.0449986721447206,0.774459875337822,0.1406511177417087,0.0049521191008076
LT05_L2SP_166040_20001215_02_T1,2000-12-15,landsat-5,166,0.0,31.99705211,80638,0.4371476277213982,0.3058625,0.3789849999999999,0.1035605464888516,0.105573342692036,0.0367772530929735,0.0617427060345741,0.0813296134134939,0.0942257979023831,0.1177913399930053,0.1320990177330216,0.1420017272101201,0.0116694362459386,0.0369180783253552,0.6228453086634093,0.0281256975619435,0.0021825938143307
LT05_L2SP_166040_20001231_02_T1,2000-12-31,landsat-5,166,0.0,31.3455762,60392,0.3273917946049093,0.313645,0.40159,0.1323708338114402,0.1317384861863025,0.0204836053259563,0.1065447157973861,0.1141767348927998,0.1220251880815744,0.1424994734857605,0.1549492272674029,0.1626873552088244,0.0007948072592396,0.0047026096171678,0.9645979599947012,0.1445886872433434,0.0038250099350907
LE07_L2SP_166040_20010124_02_T1,2001-01-24,landsat-7,166,0.0,34.96061432,89733,0.4864526411657559,0.27014,0.3536575,0.1159424571545205,0.1256582887236947,0.0518070632336196,0.0611173092851778,0.0814512697380532,0.1122047102749701,0.135010085379875,0.1433809491437402,0.1480985457611472,0.0121694359934472,0.0351932956660314,0.8294050126486354,0.0405536424726689,0.000523776091293
LT05_L2SP_166040_20010201_02_T1,2001-02-01,landsat-5,166,0.0,35.24599437,76050,0.4122755659640905,0.2663725,0.364465,0.1505338588409591,0.1546841889334753,0.0279408790028328,0.1082525314972,0.1258290973117446,0.144939037988074,0.1628785951787801,0.1709140270881151,0.1769303078663358,0.0019592373438527,0.0059040105193951,0.9644575936883628,0.6330046022353715,0.0069165023011176
LE07_L2SP_165040_20010202_02_T1,2001-02-02,landsat-7,165,0.0,36.83147207,184928,0.9995405728246124,0.2661525,0.3365525,0.1052795978769374,0.1185602687002203,0.0698968518647122,0.0427862357591126,0.0645377358693191,0.0939436158458699,0.1307130279631337,0.1430583761323947,0.1523901305519774,0.0194291832496971,0.0620673992040145,0.7039658677971967,0.0588769683336217,0.0044287506489011
LE07_L2SP_166040_20010225_02_T1,2001-02-25,landsat-7,166,0.0,43.40909465,111310,0.6034239743256137,0.27663,0.354235,0.112006368259223,0.1240435125560197,0.0366686862730103,0.0539228036790223,0.0694444726751338,0.0941996351695378,0.1350266448609392,0.1406437562986586,0.144565597604202,0.0074836043482166,0.0413619620878627,0.7087683047345252,0.0200790584853112,0.0004132602641272
LT05_L2SP_165040_20010226_02_T1,2001-02-26,landsat-5,165,1.0,42.23149745,184851,0.999124385853967,0.26222,0.328495,0.0981706539291504,0.1104300398821854,0.0641012268323128,0.0357196925953307,0.0518479643685472,0.0765862604246168,0.1280045049452458,0.1374874904474152,0.14521033847649,0.0170678005528777,0.0949251018387782,0.5796993254026216,0.0354068952832281,0.0030078279262757
LT05_L2SP_166040_20010305_02_T1,2001-03-05,landsat-5,166,0.0,44.56454975,93580,0.5073076589470032,0.273165,0.34802,0.1165162766253299,0.1277688262673648,0.0391407477177064,0.0565700615210263,0.0738740608258062,0.1045938496753406,0.1373143469804041,0.1439154426096336,0.1479805836857913,0.0068604402650138,0.0381384911305834,0.777174609959393,0.0342594571489634,0.000598418465484
LE07_L2SP_165040_20010306_02_T1,2001-03-06,landsat-7,165,1.0,46.45362344,184948,0.9996486733364682,0.2604325,0.3236549999999999,0.0941896829511698,0.1075060770799106,0.0602399400173416,0.0274651849123994,0.0452490144774313,0.0735033083306573,0.1262391317755856,0.1347434969657479,0.1402002189904612,0.0189458658649998,0.1210069857473452,0.5565942859614594,0.0158909531327724,0.0011084196639055
LT05_L2SP_166040_20010321_02_T1,2001-03-21,landsat-5,166,0.0,50.09070774,110449,0.5987563969121347,0.272065,0.346865,0.1169047749465187,0.1276470799564575,0.0408611553340502,0.058346077978298,0.0768490386691898,0.1042517655323231,0.1368754053587355,0.1439874084361406,0.1493606267728402,0.0079946400601182,0.034567990656321,0.7769377721844472,0.0471801464929515,0.0026528080833687
LT05_L2SP_165040_20010330_02_T1,2001-03-30,landsat-5,165,0.0,53.13958014,184999,0.9999243296417007,0.2680225,0.338725,0.108829915606468,0.1174339598585913,0.0429405201805717,0.0494530462250363,0.0645479500018647,0.0901075416700993,0.13517852705002,0.1436121875716456,0.1493196117186017,0.0108433018556857,0.051335412623852,0.6675495543219152,0.0459948432153687,0.0036486683711803
LE07_L2SP_166040_20010414_02_T1,2001-04-14,landsat-7,166,2.0,59.59159472,95541,0.5179384595368202,0.3047074999999999,0.38619,0.1129708811974671,0.1185556785864279,0.027176181018033,0.0681281022639593,0.0814878899635983,0.1034963408534961,0.1282014474455206,0.1361105116405795,0.1412263131225656,0.0041657508294868,0.0201588846673156,0.7819051506682995,0.0171863388492898,0.0006070692163573
LT05_L2SP_165040_20010415_02_T1,2001-04-15,landsat-5,165,1.0,58.06591598,184986,0.9998540643089944,0.2906,0.3598725,0.1036132033825002,0.1104049568827473,0.044505024593632,0.046014006445496,0.0598781488080366,0.0840459496721477,0.1309297001213136,0.1401456735336852,0.144890149594297,0.0095736974689976,0.0591720454520882,0.6053647303039149,0.026715535229693,0.0023190944179559
LT05_L2SP_166040_20010508_02_T1,2001-05-08,landsat-5,166,3.0,63.04440584,118650,0.6432149362477231,0.3005825,0.374035,0.1034912287420785,0.1093096015529571,0.0299755155843609,0.053671372567224,0.0653882169590239,0.082987982082951,0.1274852502874222,0.1352863587746764,0.1382337080597972,0.0048630425621576,0.0426632954066582,0.6190729034976823,0.0010619469026548,0.0001348504003371
LE07_L2SP_166040_20010516_02_T1,2001-05-16,landsat-7,166,2.0,66.03158939,94022,0.5097037904414954,0.3042125,0.3855575,0.1204316503538907,0.1243335464123445,0.0267763890560834,0.0740958223255332,0.0871155620301237,0.1093015168491568,0.1401457762533005,0.1465583857298772,0.1490452651296361,0.0037225330241858,0.013762736380847,0.8244240709621152,0.0471698113207547,3.190742592159282e-05
LT05_L2SP_166040_20010524_02_T1,2001-05-24,landsat-5,166,2.0,64.65512839,113013,0.6126561280249805,0.3146625,0.3981524999999999,0.1138432483796096,0.1170347078329888,0.0318072367754925,0.0634454127654128,0.0766411882387622,0.0980585362841856,0.1385765356125035,0.145584202306637,0.148592667628802,0.0053002751895799,0.023466326882748,0.7327121658570253,0.0359073734880058,0.0005309123729128
LE07_L2SP_165040_20010525_02_T1,2001-05-25,landsat-7,165,1.0,66.71835758,184990,0.9998756844113657,0.306055,0.3778025,0.0997292059881055,0.1056173425585361,0.0435423137962207,0.0471710834037162,0.0600503995918523,0.0815208872024595,0.1272781474812644,0.1369022975192484,0.14149148837224,0.0121952537975025,0.0594572679604302,0.571166008973458,0.0208173414779177,0.0004486729012379
LT05_L2SP_165040_20010602_02_T1,2001-06-02,landsat-5,165,0.0,64.94808126,185008,0.999972974872036,0.3083375,0.39576,0.1207669256488178,0.1248606419785666,0.045530862398568,0.0676947164855976,0.0808272746990401,0.1017009863171735,0.1495765464241219,0.1605307387241895,0.1651768608494118,0.0080483006140275,0.0204585747643345,0.7659344460780074,0.2455299230303554,0.0017945169938597
LT05_L2SP_166040_20010609_02_T1,2001-06-09,landsat-5,166,2.0,64.93126245,72441,0.3927107728337236,0.333225,0.42249,0.1319515795211977,0.129724384454942,0.0229780010907166,0.0933993775319353,0.1043725009105703,0.1163395384137069,0.1523144613464196,0.157840245616256,0.1607265128366481,0.0005935865048798,0.0024157590314876,0.9240209273753812,0.3171132369790588,0.000124239035905
LE07_L2SP_165040_20010610_02_T1,2001-06-10,landsat-7,165,1.0,66.9288947,185007,0.9999675698464432,0.30105,0.393505,0.1260708987855609,0.1288959933325675,0.0461548813183172,0.0743077123776465,0.0872024888446027,0.1073109260983601,0.1554894687940831,0.1663917253179233,0.1718779555120046,0.0079942921078661,0.0163777586794013,0.8157204862518715,0.2875674974460426,0.0051727772462663
LT05_L2SP_165040_20010618_02_T1,2001-06-18,landsat-5,165,0.0,64.67217975,184939,0.9996000281061332,0.305395,0.38652,0.1125543316590848,0.1156854490200153,0.0473632233774516,0.0609213871024063,0.0733261549073489,0.0932126620771911,0.1429988331421344,0.1528052468291051,0.1569669754618231,0.0098086396054915,0.0300207095312508,0.6819816263741018,0.1489410021682825,0.0027738876061836
LT05_L2SP_166040_20010625_02_T1,2001-06-25,landsat-5,166,2.0,64.33154881,74372,0.403178940064186,0.3309425,0.4190525,0.1281999852069488,0.1285664090626535,0.0204817685801546,0.0917852000361329,0.1031115296942863,0.1157298871923354,0.1454982801582557,0.1504963430758711,0.1530262509927126,0.0005781745818318,0.002379927929866,0.9174823858441348,0.1144247835206798,8.067552304630775e-05
LT05_L2SP_165040_20010704_02_T1,2001-07-04,landsat-5,165,0.0,63.77434001,184996,0.9999081145649223,0.311005,0.399335,0.1163358453028206,0.1191038099602898,0.0525157372155275,0.0648350654915305,0.0767835466954538,0.0973744280026323,0.1486552592768139,0.158874863057965,0.1632930888701301,0.0094164198144824,0.0243194447447512,0.7214588423533482,0.2373672944279876,0.0020595039892754
LT05_L2SP_165040_20010720_02_T1,2001-07-20,landsat-5,165,0.0,62.53667134,185010,0.9999837849232216,0.2965675,0.3792875,0.1150804851156884,0.1179132581224759,0.0411594445306922,0.0624568908254807,0.0750627246896259,0.09624751764819,0.1441694760585537,0.1552260408406488,0.1604418235630652,0.0089022215015404,0.0266418031457759,0.7086265607264473,0.1794389492459867,0.0017728771417761
LT05_L2SP_166040_20010727_02_T1,2001-07-27,landsat-5,166,2.0,61.89199282,72606,0.3936052563101743,0.31436,0.39536125,0.128918162009144,0.1243846843060062,0.0276173960264852,0.0831806911103667,0.0941039539256027,0.11081022073137,0.1548511432131727,0.1600698107203733,0.1628087385490745,0.0014186155414153,0.0054403217364956,0.8699556510481228,0.3609619039748781,0.0
LE07_L2SP_165040_20010728_02_T1,2001-07-28,landsat-7,165,0.0,63.65700764,185009,0.9999783798976288,0.2947525,0.36254,0.0940341429670338,0.0984831224369556,0.0470447458297758,0.0361005900570901,0.0505024629546749,0.0734557594550608,0.1266125096420284,0.1400019549051075,0.1440625999248766,0.0155776205481895,0.0975790366955121,0.477290293985698,0.0133128658605797,0.0003351188320568
LE07_L2SP_166040_20010804_02_T1,2001-08-04,landsat-7,166,0.0,62.88344602,81803,0.4434632231763379,0.32173,0.4116825,0.1296311811900584,0.1276826416090942,0.0238816135810117,0.0894343360702113,0.1009926134401118,0.1155151229808765,0.1499854418753009,0.1560632667792579,0.1591342240460816,0.0014791633558671,0.0044986125203232,0.9057614023935552,0.2478270968057406,0.0001589183770766
LT05_L2SP_165040_20010821_02_T1,2001-08-21,landsat-5,165,0.0,58.85193064,185008,0.999972974872036,0.3077875,0.3921575,0.1167191538616473,0.1195569028836669,0.0404163449371513,0.0669117772865269,0.0789758117587982,0.0973522473042726,0.1442488964177602,0.1565448759194833,0.1606809642220439,0.0089888004843033,0.0211720574245438,0.7320440197180662,0.1954077661506529,0.0009080688402663
LT05_L2SP_166040_20010828_02_T2,2001-08-28,landsat-5,166,0.0,57.70694549,85930,0.4658361523115621,0.2954125,0.3922675,0.1387624321833664,0.1419309166434498,0.0366740036891984,0.1011206054773995,0.1119268687433198,0.128654164729352,0.1535136560187741,0.166642057506255,0.1720381749950996,0.0036424997090655,0.0056790410799487,0.9541720004654952,0.3120097753985802,0.0041778191551262
LE07_L2SP_166040_20010905_02_T1,2001-09-05,landsat-7,166,0.0,57.69050752,106632,0.578064012490242,0.3174674999999999,0.4014525,0.1180285400278312,0.1208464577221195,0.0344134260342272,0.0738742341315179,0.0863131328999154,0.1055123728437292,0.1397115949992433,0.1465279531197834,0.1498112028681959,0.0057581213894515,0.0146391327181333,0.8024889339035186,0.0487846049966239,0.0006001950633956
LT05_L2SP_165040_20010906_02_T1,2001-09-06,landsat-5,165,1.0,56.01251647,184998,0.999918924616108,0.2900225,0.3789025,0.1231758423598741,0.1274915909275569,0.0424717571547574,0.0717869232128993,0.0848045033177144,0.1034598587197853,0.1520384625311261,0.163516568582567,0.1679591197184342,0.0104109233613336,0.0202002183807392,0.7861436339852322,0.2663217980734927,0.00161082822517
LT05_L2SP_166040_20010913_02_T1,2001-09-13,landsat-5,166,0.0,54.50889525,80171,0.4346159684274438,0.3314925,0.4252674999999999,0.1307521780296367,0.1318559594013518,0.0222340699942368,0.0904512134348249,0.1026074545140498,0.1178452349862275,0.1490236056702082,0.1549946160858187,0.1582053164297656,0.0009105536914844,0.0036546881041773,0.9132354592059472,0.2176597522795025,0.0003367801324668
LT05_L2SP_165040_20011008_02_T1,2001-10-08,landsat-5,165,0.0,48.04250025,183973,0.994378773383492,0.112785,0.2344725,-0.2984394904912762,0.082153630598934,3.1533417478846277,-1.5787900305697435,-1.3449115210080935,-0.8528887527316449,0.1373691575950104,0.1810826520109665,0.8470501592225966,0.4487995521081898,0.4598066020557364,0.4435759595157985,0.1745582232175373,0.094079022465253
LT05_L2SP_166040_20011015_02_T1,2001-10-15,landsat-5,166,0.0,46.02736916,78064,0.4231936854887674,0.23582,0.344995,0.1889391816300558,0.1868673594187212,0.0304473042769055,0.1384004116979363,0.1532018572378605,0.1744402983027782,0.2055874885601298,0.2302805383023678,0.2402515567281985,0.000576450092232,0.0011913301906128,0.9944020291043246,0.913839926214388,0.3017908382865341
LE07_L2SP_165040_20011016_02_T1,2001-10-16,landsat-7,165,0.0,46.75426592,185009,0.9999783798976288,0.2871625,0.3642725,0.1104189412110368,0.1185281270920947,0.0496687260447095,0.0592577699510334,0.0731938611077464,0.0946650289343251,0.1354501634804127,0.1457596138498239,0.1512301545312923,0.0126966796209914,0.0326903015528974,0.7028414833872947,0.0569756065921117,0.0010648130631482
LE07_L2SP_166040_20011023_02_T1,2001-10-23,landsat-7,166,0.0,44.66683122,118452,0.6421415560759823,0.2917,0.3720275,0.1141435335441989,0.1211679270404727,0.0293753808740237,0.0671259159990229,0.07915085738892,0.099926977597792,0.1331985381898705,0.1405767912469147,0.1442380644574124,0.0054114746901698,0.01913855401344,0.7497045216627832,0.0117853645358457,0.0003292472900415
LT05_L2SP_166040_20011031_02_T1,2001-10-31,landsat-5,166,0.0,41.40033398,119022,0.6452315899037211,0.29016,0.37321,0.1204292115105485,0.1285824748633108,0.0397285539127328,0.0677195706534726,0.0828088880497171,0.1065825039944596,0.1407220888750809,0.1498662274543555,0.1548336185157942,0.0064105795567206,0.0207440641225991,0.7981885701803028,0.0952092890390012,0.001924014047823
LT05_L2SP_166040_20011116_02_T1,2001-11-16,landsat-5,166,0.0,37.14091811,113099,0.6131223436551305,0.3038275,0.381845,0.1138605030367394,0.1222180768224954,0.0379750004482851,0.0612230949657242,0.0767643668996113,0.1007994687993543,0.1334608695129619,0.1410979555627189,0.145662272104482,0.0048806797584417,0.0261010265342752,0.7570712384724887,0.0255882014871926,0.0012024863172972
LT05_L2SP_165040_20011125_02_T1,2001-11-25,landsat-5,165,1.0,35.09993075,183992,0.9944814688697552,0.2669775,0.33768,0.1137812392101706,0.1195555862847796,0.0370283240089682,0.0616613480113388,0.078998596844969,0.0981068003843536,0.1336879683193597,0.1456339161887375,0.1552895525500129,0.0076851167442062,0.0274685855906778,0.7272816209400409,0.0733999304317579,0.0026794643245358
LE07_L2SP_166040_20011226_02_T1,2001-12-26,landsat-7,166,0.0,32.34021787,122909,0.6663034521641079,0.267115,0.3705425,0.1420255191381785,0.1445784926626201,0.0513572462070231,0.0898111921886987,0.1118747966502967,0.1285158469487344,0.1643302469678985,0.1800743192848058,0.1919513440565821,0.0112929077610264,0.0189571146132504,0.9326168140656907,0.4259492795482837,0.0338787232830793
LT05_L2SP_166040_20020119_02_T1,2002-01-19,landsat-5,166,0.0,32.70839195,48230,0.2614602307225258,0.3403474999999999,0.460825,0.1522427254877806,0.1498236943874926,0.0204928683299252,0.1239394021347344,0.128769130925243,0.1375703165152704,0.1661345506886439,0.1793185472619564,0.1870774596746168,0.0001036699149906,0.0004561476259589,0.994733568318474,0.498921832884097,0.0124818577648766
LE07_L2SP_165040_20020120_02_T1,2002-01-20,landsat-7,165,0.0,34.05582551,184743,0.9985406430899452,0.27432,0.3476349999999999,0.1087546341816107,0.1133713621487312,0.0528986638656187,0.0566451272786773,0.0762254290215839,0.0982184815458852,0.1298470407561823,0.1457191763585359,0.1573383821318077,0.0154809654492998,0.0403262911179313,0.7337490459719719,0.077778319070276,0.0046984188846126
LE07_L2SP_166040_20020127_02_T1,2002-01-27,landsat-7,166,0.0,35.28699803,113605,0.615865426316246,0.27157,0.3671325,0.1345248085934571,0.1361746601073437,0.0424898894091332,0.0916641661552273,0.1085968819016515,0.1247661732264731,0.1505963712105816,0.16573344745265,0.1758060068415432,0.0061528981999031,0.0127899300206857,0.929730205536728,0.256916508956472,0.0126490911491571
LT05_L2SP_165040_20020128_02_T1,2002-01-28,landsat-5,165,1.0,34.20358884,184817,0.998940614983812,0.2538875,0.3339399999999999,0.1215812295997721,0.1328497825370868,0.0570716734956417,0.0595102710021093,0.0813592394272661,0.1080318256266666,0.1468472016066679,0.158618150255429,0.1666620917544313,0.0145657596433228,0.037777910040743,0.8013007461434825,0.1991537575006628,0.0046965376561679
LT05_L2SP_166040_20020204_02_T1,2002-02-04,landsat-5,166,1.0,35.7059927,44815,0.2429471333159857,0.3786,0.496465,0.1364454543001918,0.1344652451555524,0.0157160418197164,0.11545282955511,0.119934677020195,0.1255967949561144,0.1460169119209415,0.1573816973998708,0.1636060487824698,4.462791476068281e-05,0.0005132210197478,0.99020417271003,0.1865669976570344,0.0007140466361709
LT05_L2SP_166040_20020220_02_T1,2002-02-20,landsat-5,166,0.0,40.02123505,92737,0.5027376615491369,0.21778,0.26464,0.1049435971099536,0.1178972309828345,0.0551011896399731,0.0166287441429145,0.0551589556604353,0.0935367093526589,0.1331614837055036,0.1426588917330045,0.1484223612518764,0.0384204794202961,0.0852841907760656,0.6975209463321005,0.0415260359942633,0.001714526025211
LE07_L2SP_165040_20020221_02_T1,2002-02-21,landsat-7,165,0.0,41.82884033,184986,0.9998540643089944,0.2619175,0.3374875,0.1147521212447651,0.1256163898385603,0.0683694369481269,0.0511353869811049,0.0761651389480462,0.1068518872266598,0.1381346017921624,0.1529292058330993,0.1639923737016644,0.0197366287178489,0.048473938568324,0.7966224471041051,0.1259284486393564,0.0082600845469386
LT05_L2SP_166040_20020324_02_T1,2002-03-24,landsat-5,166,0.0,50.62752036,39854,0.2160529967907017,0.316945,0.3575075,-0.0770121398784774,0.1343344601651991,0.7332066230140885,-1.007288296162191,-0.9806408297584612,0.097901876233962,0.1440897033059603,0.160083159880842,0.1736631842183424,0.2279570432077081,0.2363878155266723,0.7488332413308576,0.1656546394339338,0.005921613890701
LT05_L2SP_166040_20020425_02_T2,2002-04-25,landsat-5,166,1.0,59.92409633,63446,0.3439478705872149,0.25189375,0.360065,0.5190306495616953,0.1037929513255666,7.046612809839768,-1.359864636737054,-0.9100481510074472,0.0521822938437183,0.4718361914645412,1.158259390226146,1.272769734176384,0.2324811650852693,0.2481637928316994,0.5150048860448255,0.2811997604261892,0.2725309712196198
LE07_L2SP_165040_20020426_02_T1,2002-04-26,landsat-7,165,1.0,62.40482261,184785,0.9987676541648424,0.2865575,0.3495875,0.0887321672349129,0.0977070092198254,0.0363796648088067,0.029283833463224,0.0422326888098423,0.0680178286392454,0.1163249697879537,0.1250362180165418,0.1283219858188043,0.0152880374489271,0.1393024325567551,0.4653570365559975,0.0009849284303379,0.0001244689774602
LE07_L2SP_165040_20020512_02_T1,2002-05-12,landsat-7,165,0.0,65.2844751,184992,0.9998864944625512,0.29445,0.3398525,0.0615723998010929,0.0706008544963325,0.0393709242501572,0.0041077916751961,0.0184950919555794,0.0432728453687765,0.0874742788587539,0.0957227792468323,0.0997491672478725,0.0414504411001556,0.3004940754194776,0.0474290780141843,0.0010162601626016,0.0003459609064175
LT05_L2SP_165040_20020605_02_T1,2002-06-05,landsat-5,165,0.0,64.09531859,184975,0.9997946090274736,0.3049825,0.37827,0.0988607041957913,0.1062523226349265,0.039233416821239,0.0436904283950949,0.0567664248162198,0.0803900072540128,0.1250842288812478,0.1341634329829577,0.137951501998016,0.0119745911609676,0.0701662386809028,0.5786403568049736,0.0074226246790106,0.0008703878902554
LT05_L2SP_166040_20020612_02_T1,2002-06-12,landsat-5,166,0.0,63.96750996,69078,0.374479573250065,0.3337475,0.4276325,0.1374091601483738,0.1360774306726306,0.073599326574567,0.097765705900575,0.1106609352033989,0.1222845485276203,0.1452609925562287,0.1505797156879955,0.1539141863917715,0.0023451750195431,0.0046179680940386,0.9441645675902602,0.1146240481774226,0.0088305972958105
LE07_L2SP_165040_20020613_02_T1,2002-06-13,landsat-7,165,0.0,66.61814114,185008,0.999972974872036,0.2989325,0.38575,0.1193763901893613,0.1265230421083004,0.0435412980124065,0.0654482770190575,0.079871465010897,0.1027785004192477,0.145657305408878,0.1542947104012698,0.1581343474981524,0.0107941278214996,0.0258907722909279,0.7720963417798149,0.1729060364957191,0.0012810256853757
LE07_L2SP_166040_20020620_02_T1,2002-06-20,landsat-7,166,0.0,66.35751349,100161,0.5429839968774395,0.3197775,0.4034325,0.1221490582877153,0.1259533047298774,0.0274135709112941,0.0808934586165204,0.0938555077591167,0.1115502426022598,0.1393913888226071,0.1449812749377135,0.148533721525752,0.0037140204271123,0.0108525274308363,0.8635596689330178,0.0332364892523037,0.0005590998492427
LE07_L2SP_166040_20020706_02_T1,2002-07-06,landsat-7,166,0.0,65.39098702,90598,0.4911419030271489,0.3181274999999999,0.4012874999999999,0.1224482180864911,0.1248147572864793,0.0300282994768138,0.0829975222190048,0.0954647709338451,0.1102081401716084,0.1414247346057789,0.147212901717158,0.1502264825907402,0.0037086911410847,0.009371067793991,0.871244398331089,0.0565685776727963,0.0003200953663436
LT05_L2SP_166040_20020714_02_T1,2002-07-14,landsat-5,166,0.0,61.99324968,73999,0.4011568652962096,0.3406225,0.42568,0.1296482168477182,0.1268262405605874,0.078397786986175,0.0871872996260194,0.0999716734752768,0.1118417948161011,0.1420350197808762,0.1472354534730172,0.1502481622657262,0.0030000405410883,0.0067568480655143,0.8993905323044906,0.0516898877011851,0.0080136218057
LT05_L2SP_165040_20020723_02_T1,2002-07-23,landsat-5,165,0.0,61.19822861,184960,0.9997135336435818,0.3061925,0.393285,0.1172987629459324,0.1185686554226432,0.0429703286473508,0.0669235952523852,0.0794964516336825,0.0998565302569531,0.1445619517946922,0.1541543350277822,0.1628631698964093,0.0102076124567474,0.0227887110726643,0.7484645328719723,0.1587316176470588,0.004525302768166
LE07_L2SP_165040_20020731_02_T1,2002-07-31,landsat-7,165,4.0,63.17799917,184786,0.9987730591904352,0.30171,0.3724949999999999,0.0933722514279805,0.0975475449191321,0.0454954690941239,0.0406363644306852,0.0567611724759085,0.0775020360181301,0.1150461069763105,0.1348502367802113,0.1454411513476939,0.0192871754353684,0.0739666424945612,0.4589903997056054,0.0367397963049148,0.0016505579427012
LT05_L2SP_165040_20020808_02_T1,2002-08-08,landsat-5,165,0.0,59.50564813,184994,0.9998973045137368,0.2998125,0.392625,0.1274750167174509,0.1311359680090997,0.0506991228153623,0.0803036437681264,0.0931724139513101,0.1125269200782759,0.1519810726895896,0.1617123817637983,0.1712589441353673,0.0096003113614495,0.0163140426175984,0.8454544471712596,0.2850849216731353,0.0070542828416056
LE07_L2SP_166040_20020908_02_T1,2002-09-08,landsat-7,166,0.0,56.9640735,80569,0.4367735709948824,0.3280274999999999,0.411985,0.1223763771776218,0.1239535475702482,0.0216010955972877,0.085999391053332,0.0971954464683811,0.1096371224501851,0.139519727121851,0.145325331845189,0.148416509496352,0.0016631706984075,0.0054611575171592,0.879792476014348,0.025828792711837,0.0001737641028187
LE07_L2SP_165040_20020917_02_T1,2002-09-17,landsat-7,165,0.0,54.85306304,185004,0.9999513547696648,0.315405,0.3860524999999999,0.0919159995396287,0.0952568684633978,0.0438144139200065,0.0412007675538359,0.0539447923767721,0.0744476747281129,0.1196836322438916,0.1297752473146316,0.1351702294407978,0.0129835030593933,0.0815658039826165,0.4290015351019437,0.0138969968216903,0.0003999913515383
LE07_L2SP_166040_20020924_02_T1,2002-09-24,landsat-7,166,0.0,53.04422765,89391,0.4845986208691126,0.3203275,0.4093725,0.1233137349617091,0.1292007678330658,0.030253880466317,0.0839808119181568,0.0974707595901374,0.1158191717317052,0.1375646842665586,0.143353442910137,0.1466402307053048,0.0039601302144511,0.009206743408173,0.886878992292289,0.0260093297983018,0.0001678021277309
LE07_L2SP_165040_20021003_02_T1,2002-10-03,landsat-7,165,0.0,50.55039999,185002,0.9999405447184792,0.28565,0.3662525,0.1100973493197795,0.1208187111237897,0.0479320196877931,0.0542843282909413,0.0705992967243085,0.0948330483384861,0.1347109027153489,0.1425087637470477,0.1478633373722072,0.0129241846034096,0.0420481940735775,0.7077653214559843,0.0397130841828737,0.0007891806575064
LE07_L2SP_166040_20021026_02_T1,2002-10-26,landsat-7,166,0.0,43.79452386,125202,0.6787340619307832,0.2932675,0.3727425,0.1125745061203161,0.1215076396472637,0.0359430206934797,0.0641101637998999,0.078126636673424,0.1008479450281586,0.1308224721709227,0.1381017953520234,0.1421913470017688,0.0072283190364371,0.0253031101739588,0.7558904809827319,0.0162856823373428,0.000399354642897
LE07_L2SP_165040_20021104_02_T1,2002-11-04,landsat-7,165,1.0,41.20785018,184805,0.9988757546766984,0.20425,0.241485,0.0788105215764515,0.1023161290482249,0.0904439772841378,-0.0509341790314769,0.0052479109079861,0.0654407786027259,0.1235682281018789,0.1366355633159478,0.1443574862351576,0.0928005194664646,0.1896269040339817,0.5210356862638997,0.0297989773003977,0.0016666215740916
LE07_L2SP_166040_20021111_02_T1,2002-11-11,landsat-7,166,0.0,39.31097158,148036,0.8025197328476017,0.284165,0.372825,0.1111282228861169,0.1156449849412051,0.0659159065149143,0.0545272099420619,0.0765923639246363,0.1023782177663455,0.1350879342227654,0.1534000890961216,0.1655580746426647,0.0198195033640465,0.0436177686508687,0.7776892107325245,0.1188629792753114,0.0092342403199221
LE07_L2SP_166040_20021127_02_T1,2002-11-27,landsat-7,166,0.0,35.60174947,98222,0.5324724607511493,0.2938175,0.377665,0.125005375302453,0.1298874570728317,0.0382253772766993,0.076907631741425,0.0954772957986418,0.1168459026516104,0.1409325054516575,0.1498246416611057,0.161354846882638,0.0069332736046914,0.0191504958156013,0.8818594612205005,0.0978090448168434,0.0038280629594184
LE07_L2SP_166040_20021229_02_T1,2002-12-29,landsat-7,166,0.0,32.28076613,130987,0.7100951947263423,0.280755,0.3539874999999999,0.0970959504632176,0.1038370415116799,0.0550108378463419,0.0413105609751629,0.0630545513088066,0.0897542819391346,0.1176181033463893,0.1314457174454369,0.1411382952756197,0.0202157466008077,0.0660599906860986,0.5828670020689076,0.0264682754777191,0.0018017055127608
LE07_L2SP_165040_20030107_02_T1,2003-01-07,landsat-7,165,0.0,32.57143479,184985,0.9998486592834016,0.2671425,0.333775,0.104184623546874,0.1115567907599411,0.0612227235786538,0.038598243036431,0.062644352698366,0.0933642967191592,0.1266301091960932,0.1435789059880858,0.156895423179225,0.0212179365894531,0.0684758223639754,0.6928994242776442,0.0726653512446955,0.007811444171149
LE07_L2SP_166040_20030130_02_T1,2003-01-30,landsat-7,166,0.0,35.81888253,139194,0.7545862607338018,0.2543275,0.3236275,0.1077059628568424,0.12166092633282,0.0543834460420375,0.0400513660918065,0.0655997675628474,0.0954458696156158,0.1344587568857274,0.1424557507920703,0.1490441345944719,0.0261577366840524,0.0642269063321694,0.7161371898214004,0.0372358003936951,0.0017745017745017
LE07_L2SP_166040_20030303_02_T1,2003-03-03,landsat-7,166,4.0,45.00929283,117329,0.6360536473241392,0.2709925,0.3647674999999999,0.1341534362030696,0.1414123279676352,0.0489229487379377,0.0758815999397804,0.0980135758739839,0.1274735870220866,0.1519411361630295,0.163663363242077,0.1733413224502404,0.0080542747317372,0.0235491651680317,0.8931466218922858,0.2839707148275362,0.0099634361496305
LE07_L2SP_166040_20030319_02_T1,2003-03-19,landsat-7,166,3.0,50.6084289,121097,0.6564803972590858,0.4043675,0.4117375,0.0174974315369729,0.010513793978743,0.0309897165527918,-0.024329678646969,-0.018029358327886,-0.0060980766082566,0.0440364192612956,0.0666075589446732,0.0718411760971012,0.3365566446732784,0.7789045145627059,8.257842886281246e-06,8.257842886281246e-06,0.0
LE07_L2SP_165040_20030328_02_T1,2003-03-28,landsat-7,165,0.0,53.75775621,184972,0.9997783939506952,0.267775,0.3345725,0.0991108235540858,0.1107624309387266,0.0447093343361526,0.039628298661732,0.054370700383096,0.0800110429003373,0.1264409472030427,0.1343081018889092,0.1388552880476481,0.0168133555348917,0.0820178189131328,0.5955874402612287,0.0103096684903661,0.0003189671950349
LE07_L2SP_165040_20030429_02_T1,2003-04-29,landsat-7,165,0.0,63.00909729,185005,0.9999567597952576,0.2998125,0.3837425,0.109508349664291,0.1200850308805121,0.0482961153310336,0.0595876743180565,0.0744180566898046,0.096765462004522,0.1304658598227819,0.1385215279925341,0.1442018661112467,0.0106429555957947,0.0323126401989135,0.723375043917732,0.028366800897273,0.00080538363828
LE07_L2SP_166040_20030506_02_T1,2003-05-06,landsat-7,166,2.0,64.34482023,102271,0.5544225431520513,0.3043225,0.3904249999999999,0.1203082110025396,0.1266443990570888,0.0285325523676466,0.0795082471952632,0.0931821093256668,0.1137379088801037,0.1345910869029883,0.1395643705036511,0.1431117824927357,0.0053192009465048,0.014090015742488,0.8641257052341328,0.0171700677611444,0.0002151147441601
LE07_L2SP_166040_20030522_02_T1,2003-05-22,landsat-7,166,2.0,66.2624029,117084,0.6347254748894093,0.29962,0.39653,0.1344933672929036,0.1406310753184395,0.021828677114168,0.0982953167832342,0.1076102893592614,0.124895851848694,0.1478788550783341,0.1530704694570507,0.155895968467287,0.0024170680878685,0.0057223873458371,0.9425882272556456,0.1857896894537255,0.0006149431177616
LE07_L2SP_165040_20030718_02_T1,2003-07-18,landsat-7,165,0.0,64.493438,131836,0.7125769540518775,0.314195,0.3983724999999999,0.109260980866409,0.1152571154752926,0.0458311166760221,0.0580608145762845,0.0713157916691234,0.0926950040371136,0.1351807137325227,0.1461483144293081,0.1523550015481607,0.0120225128189568,0.0333747989926878,0.6845853939743317,0.0670226645225886,0.0009784884250128
LE07_L2SP_165040_20030920_02_T1,2003-09-20,landsat-7,165,0.0,54.2079989,132198,0.7145335733164696,0.3017375,0.37508,0.105039421531393,0.1083462932664991,0.0343243199306506,0.0598512943789482,0.0706240558689572,0.0891977361454673,0.1278660652984694,0.138060146545161,0.1429113384944869,0.0084721402744368,0.0271713641658724,0.6234058003903236,0.0215510068230986,0.0001512882191863
LE07_L2SP_166040_20030927_02_T1,2003-09-27,landsat-7,166,0.0,52.34408978,51356,0.2784066267672825,0.32371,0.40797,0.1174744430201327,0.1207758267892465,0.0238796268753097,0.082300317722089,0.0936074557636422,0.1081848026779531,0.1319184783154598,0.1380345698060795,0.1412536142833113,0.0031933951242308,0.0076135213022821,0.853882701144949,0.0045369577069865,1.947192148921256e-05
LE07_L2SP_165040_20031107_02_T1,2003-11-07,landsat-7,165,0.0,40.48013631,131006,0.7080907828098566,0.29093,0.368205,0.1107075691609653,0.1185484785963712,0.0455897823099219,0.0627687927356535,0.0763979953173093,0.0973337739496824,0.1318971252694101,0.1414983591571927,0.1498608657908499,0.0114040578294123,0.028357479810085,0.7249438956994336,0.0493870509747645,0.000488527243027
LE07_L2SP_165040_20031123_02_T1,2003-11-23,landsat-7,165,0.0,36.51502226,132319,0.7151875814131979,0.2688475,0.3463425,0.1111926668676069,0.1196324164670628,0.0544290620231219,0.0602291775338867,0.0760813939000219,0.098324617280022,0.132325035323864,0.1444639696670887,0.1535721560256468,0.011071728172069,0.032693717455543,0.7375055736515542,0.0569608295105011,0.0015417287010935
LE07_L2SP_165040_20031225_02_T1,2003-12-25,landsat-7,165,4.0,32.37954522,131420,0.7103284634052742,0.28433,0.3557475,0.0937880195496767,0.0988540614861789,0.055351880047903,0.0391148488175668,0.0567495745855534,0.0816744029789621,0.1151302131482115,0.13083616013066,0.1426643266993109,0.0153629584538122,0.0760843098462943,0.48201187033937,0.0335565362958453,0.002320803530665
LE07_L2SP_166040_20040101_02_T1,2004-01-01,landsat-7,166,0.0,32.35090559,64047,0.3472059588862867,0.2687375,0.348185,0.1250414427846614,0.1313551709058645,0.0355353016570578,0.0721452360867115,0.0897348740475137,0.1172441166224251,0.1417134264308328,0.150589099850771,0.1580130002947926,0.0067918872078317,0.0212031789154839,0.8558090152544225,0.1120739456961294,0.0019204646587662
LE07_L2SP_166040_20040202_02_T1,2004-02-02,landsat-7,166,1.0,36.48857633,52067,0.2822610373839882,0.1740825,0.2021049999999999,0.0668419739715801,0.069398674974319,0.039742684773611,0.0123817515715643,0.0287615425973291,0.05024888876579,0.0878146787593783,0.1057760650834837,0.118682928211458,0.0298077477096817,0.2476616666986767,0.1367660898457756,0.0067029020300766,0.0001344421610617
LE07_L2SP_165040_20040227_02_T1,2004-02-27,landsat-7,165,1.0,43.65480811,129774,0.7014317912795317,0.264695,0.3444175,0.1146887894726569,0.1261743640362628,0.0544069355279227,0.0576751538854876,0.077383377850116,0.1035908793015595,0.1378299569938333,0.1483378630271669,0.1541770683163074,0.0171374851665202,0.0397537257077688,0.7755636722301847,0.0805631328309214,0.0016104920862422
LE07_L2SP_166040_20040321_02_T1,2004-03-21,landsat-7,166,0.0,51.65652124,53869,0.2920298811692254,0.28433,0.37772,0.1364725321236859,0.1389471640446606,0.0366774586376359,0.099418044565397,0.1162035225956816,0.1298959427653236,0.150035234949924,0.1603090271787574,0.1679401042171506,0.0069984592251573,0.0109524958696096,0.9490987395347974,0.2530026545879819,0.0045109432140934
LE07_L2SP_166040_20040406_02_T1,2004-04-06,landsat-7,166,0.0,57.0638389,58986,0.3197697111631538,0.29357,0.3787925,0.1241621897469785,0.1282124243935451,0.0285344163477937,0.0856303436373259,0.1009174309962983,0.119483556401196,0.1354727643264493,0.1436011818350468,0.1518288472052798,0.0067304106059064,0.0145119180822568,0.9041297935103244,0.055199538873631,0.0009832841691248
LE07_L2SP_165040_20040415_02_T1,2004-04-15,landsat-7,165,2.0,59.78285232,129455,0.6997075881154298,0.2543825,0.3338575,0.1130848449930637,0.128531707753374,0.061814119831582,0.0256966855927583,0.070125229628461,0.1045738976512807,0.1409950030318472,0.1530115765267353,0.1596170566606417,0.0398207871461125,0.0689969487466687,0.7794291452628327,0.1237186667181646,0.0028735854157815
LE07_L2SP_166040_20040508_02_T1,2004-05-08,landsat-7,166,0.0,64.87242605,60309,0.3269418423106948,0.28158,0.37838,0.1408969476832526,0.1448461582517802,0.0252907173290836,0.1026871220777552,0.1160914560384363,0.1356412634110442,0.1512177548151971,0.1596454451620733,0.1677882651312238,0.0045432688321809,0.00888756238704,0.9563580891740868,0.337296257606659,0.0032001857102588
LE07_L2SP_166040_20040524_02_T1,2004-05-24,landsat-7,166,1.0,66.51601592,56387,0.3056802411310608,0.32393,0.41479,0.1247885296913015,0.1299996604134376,0.0222312170274821,0.0876135464464193,0.1007070069763078,0.1175243596369787,0.1374032579559417,0.1427154829372782,0.1460257286789115,0.0045045843900189,0.0097185521485448,0.9029208860198272,0.0279497047191728,0.0003192225158281
LE07_L2SP_165040_20040602_02_T1,2004-06-02,landsat-7,165,0.0,66.81393259,131589,0.7112419127304568,0.3133975,0.3950725,0.105321478462868,0.111230082878353,0.0369955294227822,0.0567032272263119,0.070106339218344,0.0897195191689443,0.1289168889059761,0.1368722358210161,0.141848326530816,0.0131621944083472,0.0367583916588772,0.6459202516927707,0.021916725562167,0.0002963773567699
LE07_L2SP_166040_20040609_02_T1,2004-06-09,landsat-7,166,2.0,66.7926145,65058,0.3526867030965391,0.3245349999999999,0.410335,0.1182607913845581,0.1229134944159713,0.0240709761443602,0.0787306406934825,0.0906367039619603,0.1082109191176368,0.1337086884854922,0.1387779314336268,0.1428438680356421,0.0045036736450551,0.0124504288481047,0.8361308370992038,0.0170155860924098,0.0009376248885609
LE07_L2SP_165040_20040618_02_T1,2004-06-18,landsat-7,165,0.0,66.52371104,130488,0.7052909795527882,0.3130949999999999,0.399225,0.1089288041653285,0.1166047601629467,0.0529315427090961,0.0613370598723059,0.0753212287700048,0.095296022463204,0.1332686440564297,0.1419460419862441,0.148934777005153,0.0137943718962663,0.031757709521182,0.7036509104285451,0.0465713322297835,0.0014407455091655
LE07_L2SP_166040_20040625_02_T1,2004-06-25,landsat-7,166,0.0,66.17408028,65310,0.3540528233151184,0.3178249999999999,0.4051375,0.1226482725727106,0.1278383278161043,0.0344011543331521,0.080968194576098,0.0945133826283879,0.1132133873564023,0.141185232922799,0.1471332839580546,0.1504842980277153,0.0076864186188945,0.0158628081457663,0.8694227530240392,0.0560097994181595,0.0006583984075945
LE07_L2SP_165040_20040704_02_T1,2004-07-04,landsat-7,165,0.0,65.60870719,131289,0.7096204050526179,0.320465,0.4155049999999999,0.1176951548100492,0.1224428067917812,0.0500891762559168,0.0719596027288033,0.0852418947399096,0.1036840295532009,0.1417334964370166,0.1507020701656512,0.1593655559832404,0.0106863484374166,0.0211365765601078,0.7877202202774033,0.1066502144124793,0.0023840535002932
LE07_L2SP_166040_20040711_02_T2,2004-07-11,landsat-7,166,0.0,65.08761056,61044,0.3309263596148842,0.3219774999999999,0.4062375,0.1195131776225499,0.1186637636683998,0.029932757509351,0.0804665730144818,0.0915191067827563,0.1063368895791515,0.1386847069804407,0.152885573582583,0.1597918321981269,0.0043738942402201,0.0109101631609986,0.8313511565428215,0.1159491514317541,0.000114671384575
LE07_L2SP_165040_20040720_02_T1,2004-07-20,landsat-7,165,0.0,64.32938111,131210,0.709193408030787,0.3168625,0.40511,0.1122769981510638,0.116929504196473,0.0492536984852278,0.0667659878482848,0.079557473905725,0.0978760868996749,0.136626112079041,0.1454522913948107,0.153323358570831,0.0125219114396768,0.025249599878058,0.7290221781876381,0.0644082005944668,0.001867235728984
LE07_L2SP_166040_20040727_02_T1,2004-07-27,landsat-7,166,0.0,63.65722695,67435,0.3655726862694076,0.319805,0.416055,0.1324515877713941,0.1350469434140453,0.0358190514609536,0.0911737056098074,0.1039539325696603,0.1212653232077008,0.1538705222362909,0.1605572434093249,0.1637386003353967,0.0060206124416104,0.0109883591606732,0.920086008749166,0.318855193890413,0.0006969674501371
LE07_L2SP_165040_20040906_02_T1,2004-09-06,landsat-7,165,0.0,57.39973983,131656,0.7116040494451741,0.3069075,0.39367,0.1116298110286281,0.1196919826194688,0.0569919971258196,0.0637845843744148,0.0772159193619046,0.0973763163775098,0.1373513398667731,0.1469836179542638,0.1555736508616569,0.0153658017864738,0.0285137023758886,0.7251017803973993,0.0783101415810901,0.0014887282007656
LE07_L2SP_165040_20040922_02_T1,2004-09-22,landsat-7,165,0.0,53.53311415,132262,0.7148794949544086,0.3061649999999999,0.3892425,0.1135638061592016,0.117356931513414,0.0487398251738701,0.0677497209231774,0.0802978099137336,0.0995843062855764,0.1394794603179488,0.1490419967817095,0.1536365761230106,0.0131708275997641,0.0238012429874037,0.7452480682282137,0.0785410775581799,0.0030621040056856
LE07_L2SP_166040_20040929_02_T1,2004-09-29,landsat-7,166,0.0,51.62180561,51952,0.2816376095064619,0.33405,0.42249,0.130006298234328,0.130659198867391,0.0229950026069934,0.096702763332608,0.1060493481945868,0.1173273292237061,0.1477151358982496,0.1542939919664575,0.1550717864344225,0.0027525408068986,0.0054280874653526,0.9373652602402216,0.1957961194949183,0.0002502309824453
LE07_L2SP_165040_20041008_02_T1,2004-10-08,landsat-7,165,0.0,49.04965449,129122,0.6979077145930286,0.3142225,0.3995825,0.1075298429134379,0.1134361151156316,0.0521201303009507,0.065518874885278,0.0770206612899965,0.0946325540176881,0.1309091301447167,0.1397825276715801,0.1452746113264731,0.0114542835457939,0.0243103421570297,0.6871253543160731,0.0293908086925543,0.0007512275212589
LE07_L2SP_166040_20041015_02_T1,2004-10-15,landsat-7,166,0.0,46.97684517,72728,0.39426663197155,0.3116374999999999,0.3946599999999999,0.1163082549455777,0.1225120410369893,0.0423508313085505,0.0673445682301609,0.0810632777310518,0.103385690081491,0.1396962634930284,0.1485656414642782,0.1526718815128299,0.0093774062259377,0.0223985260147398,0.7766334836651634,0.0821554284457155,0.0001787482125178
LE07_L2SP_165040_20041024_02_T1,2004-10-24,landsat-7,165,2.0,44.30401222,127353,0.6883462243193722,0.3150475,0.3904249999999999,0.0947332942377197,0.1013945708224107,0.0448848694284072,0.0437555708813597,0.0574522073954602,0.0774771633889807,0.1202027193456521,0.1314108255574595,0.1369040352539966,0.0154295540741089,0.0686831091532983,0.5150958359834475,0.0068157012398608,0.0001334872362645
LE07_L2SP_165040_20041109_02_T1,2004-11-09,landsat-7,165,1.0,39.76947274,129954,0.702404695886235,0.30743,0.374255,0.0907228090146077,0.0979978638953131,0.0471102976717308,0.0427272871313063,0.0553189203677447,0.0745156277826338,0.1150558149723976,0.1244748325992587,0.1294988474612669,0.0124274743370731,0.0735029318066392,0.4767456176801022,0.0029702817920187,0.0001385105498868
LE07_L2SP_165040_20041125_02_T1,2004-11-25,landsat-7,165,4.0,35.96117374,128214,0.6929999513547697,0.2869425,0.3693325,0.107031464418669,0.1119329047762815,0.060134264431519,0.0623424351208164,0.0775938080908419,0.0946881710132576,0.1279465047221178,0.1443553458072522,0.1576262849119196,0.0152791426833263,0.0333426926856661,0.6820394028733212,0.0740246774923175,0.0047576707691827
LE07_L2SP_166040_20041202_02_T1,2004-12-02,landsat-7,166,0.0,34.65374701,66648,0.3613062711423367,0.2899675,0.362925,0.1110469526635937,0.1186887264875074,0.0398101099719423,0.0613581543024,0.0786432469603631,0.1024135242341808,0.1291447129863367,0.1381240138077922,0.1432000565030897,0.0117032769175369,0.0332193014043932,0.7745168647221222,0.0256271756091705,0.0009302604729324
LE07_L2SP_165040_20041211_02_T1,2004-12-11,landsat-7,165,3.0,33.37321771,130174,0.7035938015166502,0.2800125,0.359405,0.1078941712496828,0.1164976582795772,0.0708160150208105,0.0490468864419513,0.0734339678946616,0.1006727347936805,0.1321176754483869,0.1465453953085298,0.1568118467269263,0.0219859572572095,0.0511546084471553,0.7564336964370765,0.0801619370995744,0.0055003303271006
LE07_L2SP_166040_20041218_02_T1,2004-12-18,landsat-7,166,0.0,32.71957803,71063,0.3852404805273657,0.29456,0.3747499999999999,0.1167199607833828,0.1263768688132939,0.0616351512067129,0.0538184825110321,0.0808372968149368,0.1102329933518837,0.1378217448466955,0.1501590192824799,0.1626902822135248,0.0187157873999127,0.0451852581512179,0.8274629554057668,0.1011919001449418,0.0078803315368053
LE07_L2SP_165040_20050112_02_T1,2005-01-12,landsat-7,165,3.0,33.12349533,130010,0.7027073773194316,0.2786925,0.3494225,0.0973776099392695,0.1122117000613856,0.0718030396667117,0.0300858011625173,0.0557409232220278,0.085643874034519,0.1278803837879802,0.1385094408106842,0.1487760245011796,0.0299900007691716,0.0840012306745635,0.6328974694254288,0.0324205830320744,0.0007614798861626
LE07_L2SP_165040_20050128_02_T1,2005-01-28,landsat-7,165,2.0,35.61817151,128558,0.6948592801586916,0.2746775,0.3364149999999999,0.0858732317976386,0.1004169465036339,0.0619428136639541,0.016908113959676,0.0454156544863461,0.0754308437263815,0.1138472921551575,0.1243770302503811,0.1311196251894847,0.0379050700850977,0.1145008478663327,0.5042393316635293,0.0068607165637299,0.0002722506572908
LE07_L2SP_166040_20050220_02_T1,2005-02-20,landsat-7,166,4.0,41.70023656,63532,0.3444140862173649,0.30358,0.3774725,0.1075092085047187,0.1181343296873942,0.0481526338739973,0.0548472678465819,0.0731474076797386,0.0991518406083231,0.1290242788881958,0.1357163981694393,0.1394033126938728,0.0150003148019895,0.0428917710759932,0.7417049675753951,0.0083265126235597,0.0002361014921614
LE07_L2SP_165040_20050317_02_T1,2005-03-17,landsat-7,165,1.0,50.2270212,131324,0.7098095809483658,0.2815525,0.3606149999999999,0.1098797067922736,0.1190180731694398,0.0625825618333078,0.0613168866805365,0.080145952879668,0.103900711070325,0.1301639068523594,0.1427750785799744,0.1515467994703849,0.0184353202765678,0.0366269684139989,0.7829947305899911,0.0578492887819439,0.0030763607566019
LE07_L2SP_166040_20050324_02_T1,2005-03-24,landsat-7,166,0.0,52.6919032,63827,0.3460133142510191,0.29896,0.370515,0.1097402537041356,0.1168410455879202,0.0336811302583786,0.0663833239811959,0.0796434883093362,0.1009955547954859,0.1259345275827635,0.132205594058567,0.1366071646765143,0.0060319300609459,0.0224356463565575,0.7602738652921177,0.0099644351136666,0.0002820123145377
LE07_L2SP_166040_20050511_02_T1,2005-05-11,landsat-7,166,2.0,65.35623073,67835,0.3677411310608032,0.3070725,0.395045,0.1250729132758117,0.1300414597063318,0.030817520844303,0.0791141420532192,0.0933375555948743,0.1136108384674501,0.1401507062604072,0.1470513132671731,0.1555276873618443,0.0062062357190241,0.0118670302940959,0.8644505049015995,0.0729711800692857,0.0079899756762733
LE07_L2SP_165040_20050605_02_T1,2005-06-05,landsat-7,165,3.0,66.92195581,130109,0.7032424748531184,0.3128475,0.3843475,0.096061053040431,0.1014032397309827,0.0384066053667151,0.0483165654463676,0.0607550085353057,0.0801970307461506,0.1196950528734927,0.1295983445908351,0.1349479462631402,0.0155715592311062,0.0555611064568938,0.5190647841425267,0.0083699052333043,0.0004457800767049
LE07_L2SP_166040_20050612_02_T1,2005-06-12,landsat-7,166,2.0,66.82517563,78103,0.4234051088559285,0.33702,0.4088775,0.0944652855699073,0.095963292914499,0.0303690068037788,0.0486572741200229,0.0596387089814234,0.0782452010123368,0.1201382635240408,0.1294205559239874,0.1323113792621228,0.0084247724159123,0.0545817702264957,0.422736642638567,0.0003200901373826,8.962523846715235e-05
LE07_L2SP_165040_20050621_02_T1,2005-06-21,landsat-7,165,2.0,66.49320592,128963,0.697048315523774,0.33152,0.3886375,0.0791225375056288,0.0796451186951988,0.0385429712846706,0.0333622273605839,0.0434646231103285,0.0598038045340508,0.1039376860586839,0.1207710244078871,0.1263061632449975,0.0128564006730612,0.14981816490001,0.2656033125780263,0.0065290044431348,3.1016648185913786e-05
LE07_L2SP_166040_20050628_02_T1,2005-06-28,landsat-7,166,1.0,66.1101573,82670,0.4481633272616879,0.3275325,0.4029649999999999,0.1022702605603012,0.1044542569029491,0.0363798019844977,0.0591319712983567,0.0699907059396393,0.0874547621791355,0.1256081251001728,0.1363917410440635,0.1398745800612159,0.0069674609894762,0.0289706060239506,0.579617757348494,0.0051288254505866,0.0002540220152413
LE07_L2SP_165040_20050707_02_T1,2005-07-07,landsat-7,165,1.0,65.50055071,129848,0.7018317631733986,0.3304475,0.4040925,0.092536755482147,0.0958228077608495,0.0477560584443652,0.0467044191928039,0.0593013195224745,0.077183628209054,0.1184907566040538,0.1290042445423732,0.1347767590231,0.0130306204177191,0.0588765325611484,0.4350856385928162,0.0184908508409833,0.0003157538044482
LE07_L2SP_166040_20050714_02_T1,2005-07-14,landsat-7,166,0.0,64.95328776,67978,0.3685163500737271,0.3351774999999999,0.4148449999999999,0.1083743041436362,0.1089766867354148,0.028575403925865,0.0694108570274837,0.079905762133944,0.095356376749821,0.1295986483969389,0.137087788864029,0.1401661346127561,0.0044279031451351,0.0149018800200064,0.6756156403542323,0.0039277413280767,0.0004413192503457
LE07_L2SP_165040_20050723_02_T1,2005-07-23,landsat-7,165,0.0,64.16577979,130942,0.7077448611719176,0.30732,0.39488,0.1183420441165549,0.1232910140004309,0.0512967027812491,0.0708294828599137,0.083501694745426,0.1024952074062801,0.1447082094888961,0.1579994663829718,0.1618189832905986,0.0120129522994913,0.0220479296176933,0.7748774266469124,0.192291243451299,0.0010462647584426
LE07_L2SP_166040_20050730_02_T1,2005-07-30,landsat-7,166,0.0,63.46412767,61903,0.3355830948044063,0.33724,0.4234525,0.118602788398877,0.1192905157950458,0.0299161416721038,0.0798417222878507,0.0910374515636595,0.1063676246925553,0.1388013557009416,0.1471089386957054,0.1503535808858497,0.0050562977561669,0.0116795631875676,0.8311875030289324,0.0540523076426021,0.0005492464016283
LE07_L2SP_165040_20050909_02_T1,2005-09-09,landsat-7,165,0.0,56.85911286,130008,0.702696567268246,0.3185125,0.3988675,0.1020515526474474,0.1042629012780191,0.0616885309465111,0.0588017655915562,0.0706093274896002,0.087292405489397,0.1295007979200828,0.1405391036965281,0.152955638088209,0.0146990954402805,0.0337363854532028,0.5699418497323242,0.0538582241092855,0.0027075256907267
LE07_L2SP_166040_20050916_02_T1,2005-09-16,landsat-7,166,0.0,55.19870162,72860,0.3949822187527105,0.33548,0.4139649999999999,0.104812110591892,0.107641834771453,0.0545975906256881,0.0634803912313854,0.0751495930024526,0.0922227235502647,0.1310153955051461,0.1395511188434789,0.1429802608961402,0.0090035684875102,0.0247049135328026,0.6356986000548998,0.0089898435355476,0.0005078232226187
LE07_L2SP_165040_20050925_02_T1,2005-09-25,landsat-7,165,0.0,52.85515796,131704,0.7118634906736283,0.3063575,0.3817075,0.1024596545798852,0.1067443654418291,0.0582833457984379,0.0569106474707567,0.0691923855470685,0.0874557012561452,0.1312683822721875,0.1441376427207798,0.1495603176199786,0.0151551965012452,0.0351773674299945,0.5941657049140497,0.0428384863026179,0.0003188969203668
LE07_L2SP_166040_20051002_02_T1,2005-10-02,landsat-7,166,0.0,50.89806523,49569,0.2687190996617226,0.3610549999999999,0.4443525,0.1101863443011295,0.1109388111767142,0.0250070562342539,0.0740628953608859,0.0830897171334597,0.0964394026557049,0.1287345857547588,0.1354000378592617,0.1384865542161641,0.0031874760434949,0.0103290362928443,0.6905525630938691,0.0024208678811353,8.069559603784623e-05
LE07_L2SP_165040_20051011_02_T1,2005-10-11,landsat-7,165,0.0,48.29147612,129653,0.7007777831828034,0.3059175,0.379535,0.1004493872254754,0.1050525733144831,0.0539807707152658,0.0536688192650192,0.0672393842265944,0.0867880971337505,0.1271185735523704,0.1394411185004456,0.1446531150862881,0.014708491126314,0.0438940865232582,0.5791150224059606,0.0251594641080422,0.0004242092354206
LE07_L2SP_166040_20051018_02_T1,2005-10-18,landsat-7,166,2.0,46.20747421,72154,0.3911549136958973,0.3362225,0.398455,0.084746015881873,0.085164935866186,0.0402001582882878,0.0308340531515715,0.0437684035939501,0.0644617997148681,0.1162968188065891,0.1279907737402165,0.1315555626591494,0.010865648474097,0.1373312636860049,0.3357956592843085,0.000166310946032,0.0001108739640213
LE07_L2SP_165040_20051128_02_T1,2005-11-28,landsat-7,165,3.0,35.45625513,130280,0.7041667342294866,0.2905175,0.3694425,0.1059334356479333,0.117899289223837,0.0734410417238999,0.0538145686190176,0.0725965215023276,0.096887182274762,0.1306812182397934,0.1419883536853182,0.1518939332649774,0.0194043598403438,0.0446806877494627,0.7244933988332821,0.0557184525637089,0.0032238256063862
LE07_L2SP_166040_20051205_02_T1,2005-12-05,landsat-7,166,0.0,34.25043142,72807,0.3946948998178506,0.3005,0.3871524999999999,0.1245838760614841,0.1333625097189862,0.0594871746401182,0.0739952221469306,0.0917667489947908,0.1172767513754771,0.1448651813978161,0.1522516116571445,0.161199087002089,0.0109742195118601,0.0227175958355652,0.8643674371969728,0.1650665457991676,0.0048621698463059
LE07_L2SP_165040_20060115_02_T1,2006-01-15,landsat-7,165,0.0,33.4819683,129744,0.7012696405117478,0.2164325,0.248305,0.0622339215226415,0.0854688755840923,0.1033425188543147,-0.0585997774720192,-0.00475543302804,0.0514712298140504,0.1082416264645023,0.122838616429212,0.1309355973816965,0.1064943272906647,0.2433330250339129,0.3450487113084227,0.0125246639536317,0.0021735109137994
LE07_L2SP_166040_20060223_02_T1,2006-02-23,landsat-7,166,0.0,42.63573253,63837,0.346067525370804,0.25067,0.3264875,0.1315856904839902,0.138350118146578,0.0589209788430042,0.0884783381920125,0.1068683240791901,0.1251093611252413,0.1492091591839822,0.1591526936102598,0.167999385314814,0.0126729012954869,0.0196594451493647,0.924557858295346,0.2431818537838557,0.0088193367482807
LE07_L2SP_166040_20060311_02_T1,2006-03-11,landsat-7,166,0.0,48.08405928,64989,0.3523126463700234,0.2833125,0.3608625,0.1186847973126572,0.1258331047455832,0.0468086912085741,0.0765527576565512,0.0909864710127347,0.1112030011738354,0.1356582283815688,0.1438084510681637,0.1496026807921351,0.0088630383603379,0.0182800166181969,0.8485435996861007,0.0467002108049054,0.0015848835956854
LE07_L2SP_165040_20060320_02_T1,2006-03-20,landsat-7,165,0.0,51.26660582,130551,0.7056314961651343,0.2767125,0.339165,0.0950720835216788,0.1015531423132938,0.0518981717069261,0.0443801309141942,0.0587883789274777,0.0794986467005458,0.1221243894627001,0.1330449048965621,0.1382199670858651,0.0163767416565173,0.0640439368522646,0.5206088042221048,0.0124089436312245,0.0002987338281591
LE07_L2SP_165040_20060421_02_T1,2006-04-21,landsat-7,165,0.0,61.42011254,129580,0.7003832163145293,0.2821025,0.3502475,0.1012219195422167,0.109476743797218,0.0435130971954609,0.0537295649795635,0.0688677544156091,0.0893386848962642,0.1220333951637809,0.1317466223524834,0.138751806305899,0.016437721870659,0.0433091526470134,0.6348201883006637,0.0144543911097391,0.0002855378916499
LE07_L2SP_165040_20060507_02_T1,2006-05-07,landsat-7,165,0.0,64.7939972,131369,0.7100528071000416,0.2972275,0.361605,0.0937117662408273,0.101396121989297,0.0379608357681841,0.0468658258414605,0.0592935881947472,0.0794870759635677,0.1152551418811085,0.1230355770117282,0.1283154693179372,0.0143336708051366,0.0604404387640919,0.5186916243558222,0.0067139127191346,0.0009210696587474
LE07_L2SP_166040_20060514_02_T1,2006-05-14,landsat-7,166,2.0,65.77332642,57084,0.3094587561800676,0.326625,0.411435,0.1154246941549112,0.1202562819666872,0.0235384255273879,0.0812805746180875,0.0926551140444152,0.1088164995542963,0.1273734222518908,0.1329608415831618,0.1374561898998978,0.0057459182958447,0.0115093546352743,0.8481711162497372,0.011071403545652,5.255413075467732e-05
LE07_L2SP_165040_20060523_02_T1,2006-05-23,landsat-7,165,2.0,66.58793377,132345,0.7153281120786107,0.30787,0.3836875,0.107726574813675,0.113112848879534,0.0363686061907196,0.0645503053799816,0.0758575281196455,0.0933637197430951,0.1279658084652956,0.1374262139595896,0.1438949923512452,0.0111375571423174,0.0234236276398806,0.6742453436095055,0.0291208583626128,0.000256904303147
LE07_L2SP_166040_20060530_02_T1,2006-05-30,landsat-7,166,0.0,66.90012635,51128,0.277170613236187,0.3389724999999999,0.43085,0.1249506407872556,0.1283272223386271,0.0217226647980264,0.0928543039617609,0.1025735267697527,0.116585445100915,0.1369942689396467,0.1439070641510867,0.1476426007607571,0.0029533719292755,0.00578939133156,0.9170708809263026,0.0350492880613362,0.0003129400719762
LE07_L2SP_165040_20060608_02_T1,2006-06-08,landsat-7,165,1.0,66.96770181,132496,0.7161442709431229,0.2926625,0.370955,0.1048916831736328,0.115420525289661,0.057512061244803,0.0512184518832361,0.0658146912341327,0.090783977540406,0.1311370993692253,0.1425820802577323,0.1482428418608697,0.0159551986475063,0.0472391619369641,0.6772053495954595,0.0404314092500905,0.0004000120758362
LE07_L2SP_166040_20060615_02_T1,2006-06-15,landsat-7,166,1.0,66.8106483,52397,0.2840500043368896,0.3357825,0.42997,0.129946458976339,0.1333043314395372,0.0202397099594374,0.0988378526620918,0.1080072987315127,0.1211979564602217,0.1423836573235583,0.149032717338066,0.1525429537776703,0.002633738572819,0.0053819875183693,0.94560757295265,0.0746416779586617,0.0001908506212187
LE07_L2SP_165040_20060624_02_T1,2006-06-24,landsat-7,165,0.0,66.41334866,131906,0.7129553058433732,0.3199424999999999,0.4037075,0.110578777050468,0.1159832867963261,0.0464470486161115,0.0705797638555295,0.0824714975839202,0.0990019085211169,0.1308228401982654,0.14109371467153,0.1483683849995483,0.0127818294846329,0.0218943793307355,0.7378663593771322,0.0433869573787394,0.0007656967840735
LE07_L2SP_166040_20060701_02_T1,2006-07-01,landsat-7,166,0.0,65.99130539,58854,0.3190541243819932,0.33944,0.424965,0.1150463187704953,0.1180919389905199,0.0282488323475585,0.0813062918570597,0.0908197176126746,0.1047262099179958,0.129835026928825,0.137923228568649,0.1416118437451731,0.0046895708023243,0.0097189655758317,0.8121113263329596,0.0151731403133177,0.0011214191049036
LE07_L2SP_166040_20060717_02_T1,2006-07-17,landsat-7,166,0.0,64.78360509,70701,0.3832780379911527,0.3339125,0.4105825,0.1051929752341419,0.1082022544840564,0.0338185167780082,0.0697509072169066,0.0806187292546865,0.0945731561520475,0.1234358204754371,0.1321998845846472,0.135884744462328,0.0104241807046576,0.020141157833694,0.6569214013946054,0.0050777216729607,0.0004950425029348
LE07_L2SP_165040_20060726_02_T1,2006-07-26,landsat-7,165,0.0,63.95627344,129431,0.6995778675012027,0.3157899999999999,0.3945774999999999,0.1062894148547474,0.1103199276522918,0.0492454515415001,0.0653434560432765,0.0775203169946707,0.0943980410411736,0.127992886274539,0.1400297425251263,0.1460033290668634,0.0127867357897257,0.0255502932064188,0.6718483207268737,0.033276417550664,0.0007648863100802
LE07_L2SP_166040_20060903_02_T1,2006-09-03,landsat-7,166,0.0,58.24333749,54915,0.2977003642987249,0.3137825,0.4034049999999999,0.126187160009458,0.1292650506188194,0.0284847228624846,0.0910838383536225,0.1017364282549143,0.1156003522875784,0.1423210447309352,0.151314522834845,0.1554737135455987,0.0057907675498497,0.0094873896021123,0.9112628607848492,0.1076026586542839,0.000437039060366
LE07_L2SP_166040_20060919_02_T1,2006-09-19,landsat-7,166,0.0,54.54072979,49856,0.2702749587995489,0.35132,0.4466075,0.1238227434154138,0.1265838472176928,0.0219307954255214,0.0935623811787203,0.101614249198389,0.1135514093746972,0.136690100543194,0.1442356148703254,0.1480642381009684,0.0018453145057766,0.0034900513478819,0.9129091784338896,0.0323130616174582,8.023106546854942e-05
LE07_L2SP_165040_20060928_02_T1,2006-09-28,landsat-7,165,0.0,52.1257861,132900,0.7183279012826126,0.3167525,0.3865475,0.0935335767527189,0.0992554978415838,0.0560055526159796,0.0537461834393071,0.0663392189818822,0.0826238062783845,0.1148416357929565,0.1257139177406092,0.1326682007353895,0.0142889390519187,0.0421294206170052,0.486425884123401,0.0114371708051166,0.0005492851768246
LE07_L2SP_166040_20061005_02_T1,2006-10-05,landsat-7,166,0.0,50.14754611,78992,0.4282244774048053,0.3082,0.3864924999999999,0.1115124034585669,0.1165077558366751,0.047652512673774,0.0702093563948408,0.0822233878862471,0.099611517599303,0.1331473204739206,0.1424905099873199,0.1476347328043296,0.009304739720478,0.0200146850313955,0.746607251367227,0.0259899736682195,0.0002911687259469
LE07_L2SP_166040_20061106_02_T1,2006-11-06,landsat-7,166,0.0,40.77747498,53671,0.2909565009974846,0.3132875,0.3966125,0.1204318972187892,0.1243058424513004,0.0255275490186045,0.0839703532760906,0.0967003722381429,0.1130325048354884,0.1330843729142149,0.1409192731679429,0.1461497434411163,0.0045648488010284,0.0119617670622868,0.8808667623111177,0.0299789457994075,0.0002049523951482
LE07_L2SP_166040_20061122_02_T1,2006-11-22,landsat-7,166,3.0,36.76516896,46831,0.2538760950646196,0.3289074999999999,0.424525,0.1248580367907833,0.1298388047338932,0.0314617659412598,0.0798476610789888,0.1017041736386447,0.1196512501014491,0.1387694119886248,0.1472665134108343,0.1539978037030243,0.0132390937626785,0.0290192393927099,0.9072836369071768,0.0753133608080117,0.0016442100318165
LE07_L2SP_166040_20061208_02_T1,2006-12-08,landsat-7,166,0.0,33.87916074,47374,0.2568197588689392,0.2993725,0.38344,0.1297095284284644,0.1303895635162321,0.0215525413350093,0.102004187606136,0.1121196038397429,0.1221340187299715,0.1391432387174474,0.1488467036652906,0.1570505865774079,0.0035673576223244,0.0063114788702663,0.9552286064085784,0.0878329885591252,0.002131971123401
LE07_L2SP_165040_20070102_02_T1,2007-01-02,landsat-7,165,0.0,32.50123064,130868,0.7073448892780507,0.3075675,0.3882525,0.1026310337484073,0.1103393513813942,0.0720726711501679,0.0538824148576181,0.0724684547565425,0.0954205311400565,0.1243055398123244,0.1404081703960338,0.1515188281658402,0.0171241250725922,0.0436546749396338,0.6919873460280588,0.0552465079316563,0.0038206437020509
LE07_L2SP_166040_20070109_02_T1,2007-01-09,landsat-7,166,4.0,32.88947199,70972,0.3847471593373233,0.3130675,0.387015,0.1009287903344668,0.1067321797260828,0.0570538333382144,0.055708398573012,0.0726989913038534,0.0940043507336089,0.1189678637310319,0.1323830601949144,0.1423210536070168,0.0128501380826241,0.0411852561573578,0.6568646790283492,0.0336752522121399,0.0019021585977568
LE07_L2SP_165040_20070118_02_T1,2007-01-18,landsat-7,165,4.0,33.88164219,129137,0.6979887899769205,0.2377725,0.2879875,0.0870588937220549,0.1044607914465686,0.0896712378010399,-0.0189823145231223,0.0282962183553715,0.0764024931513747,0.1238928224719526,0.1414683788339569,0.1543360418193492,0.0647374493754694,0.1467743559165847,0.5555650200949379,0.0630880382849222,0.0063963077971456
LE07_L2SP_166040_20070125_02_T1,2007-01-25,landsat-7,166,0.0,35.02536631,73961,0.4009508630410269,0.300665,0.39015,0.1226690577642665,0.1262005926690811,0.0648262254477462,0.0713154581279652,0.0913478598961521,0.114131550308464,0.1423690554686428,0.1599687395272617,0.1744633782091622,0.013520639255824,0.0272170468219737,0.8646178391314341,0.1726720839361285,0.01813117724206
LE07_L2SP_166040_20070210_02_T1,2007-02-10,landsat-7,166,0.0,38.72288793,66109,0.3583842917859311,0.3083375,0.4017825,0.1240037956132052,0.1281841322524868,0.0548391390404699,0.0816698035740234,0.0996066138927331,0.1187424446150949,0.1391524084368042,0.1538570024548655,0.1648562061994031,0.010770091818058,0.0190594321499341,0.8984707074679695,0.1348984253278676,0.0060959929812884
LE07_L2SP_166040_20070226_02_T1,2007-02-26,landsat-7,166,2.0,43.58369861,60006,0.3252992453812126,0.3475525,0.3957325,0.0621325704515257,0.065260284751634,0.0296040625000096,0.0142618495287409,0.0260124959118271,0.0459382451893471,0.0862268855592776,0.0934174790821675,0.0965170153441297,0.0227477252274772,0.2875545778755458,0.0185981401859814,0.0,0.0
LE07_L2SP_165040_20070307_02_T1,2007-03-07,landsat-7,165,0.0,46.64634779,131722,0.7119607811342987,0.2913975,0.3769775,0.11576608728078,0.1247268993671193,0.0572485571839057,0.0683011225912732,0.0865463476335925,0.1093427063796497,0.135265401726211,0.1460392583404153,0.1531367764963214,0.0132172302272968,0.0274062039750383,0.8274851581360745,0.062373787218536,0.0009034178041633
LE07_L2SP_166040_20070415_02_T1,2007-04-15,landsat-7,166,0.0,59.78192103,69781,0.3782906149709428,0.2924425,0.3765925,0.1201700320884017,0.1277932783222317,0.0451337227888039,0.0764613552331763,0.0923393823481839,0.1152028345284561,0.1351193584215917,0.1433163858872073,0.1510174170797387,0.0109485390005875,0.0205070148034565,0.8607930525501211,0.0601596423095111,0.0014473853914389
LE07_L2SP_166040_20070517_02_T1,2007-05-17,landsat-7,166,2.0,66.13757536,84417,0.4576340098881082,0.47881,0.481505,0.0121481803112665,0.0038748401620112,0.0261285278890509,-0.0192358711835798,-0.015474772834342,-0.0087519075415076,0.033278118323441,0.0547227773997269,0.0598241452264556,0.4459528294063992,0.8559531847850551,0.0,0.0,0.0
LE07_L2SP_166040_20070602_02_T1,2007-06-02,landsat-7,166,1.0,67.02265004,93001,0.504168835111458,0.3055874999999999,0.37376,0.0960160779666643,0.1007932414800638,0.0289535736423612,0.0575524902195549,0.0674768912043495,0.0839752030164046,0.1135567392219782,0.121245847952312,0.1249029317446916,0.0088386146385522,0.0300749454306942,0.512532123310502,0.0007311749336028,0.0001935463059536
LE07_L2SP_165040_20070611_02_T1,2007-06-11,landsat-7,165,2.0,66.99022088,131960,0.7132471772253841,0.326515,0.4023049999999999,0.1023296111031715,0.1059793505429953,0.038134233183559,0.0601948588802553,0.0707988621156015,0.0875674657329155,0.1243911451990632,0.1347902979884723,0.1402841141458607,0.0112382540163685,0.027159745377387,0.5931039709002728,0.016201879357381,0.0003864807517429
LE07_L2SP_166040_20070618_02_T1,2007-06-18,landsat-7,166,2.0,66.77173333,83621,0.453318804753231,0.3251949999999999,0.4105275,0.1157962912086839,0.1193227707783802,0.0332821723368462,0.077197125909531,0.0881203032172264,0.1047583515621388,0.1342231271570002,0.1418797540460455,0.1458276776260678,0.006086987718396,0.0117793377261692,0.803865057820404,0.0208320876334891,0.0002511330885782
LE07_L2SP_165040_20070627_02_T1,2007-06-27,landsat-7,165,2.0,66.31951065,132645,0.7169496197564496,0.3395499999999999,0.4232324999999999,0.1073026546639673,0.109113879579313,0.0369549726126657,0.063542307041131,0.0751291160623914,0.0915866270275916,0.1309792648926307,0.1432375720221259,0.1478346587242425,0.0105167929435711,0.023996381318557,0.6409212559840175,0.0349805872818425,0.0001507783934562
LE07_L2SP_166040_20070704_02_T1,2007-07-04,landsat-7,166,2.0,65.87226157,78075,0.4232533177205308,0.337955,0.4187774999999999,0.106118509778506,0.1089950963953215,0.0334027509296874,0.0691832742066677,0.0808003898919859,0.0960515929829208,0.1238557386477435,0.1311219785245832,0.134688261212057,0.006096701889209,0.0164585334614153,0.6824719820685239,0.0048927313480627,0.0002049311559398
LE07_L2SP_165040_20070713_02_T1,2007-07-13,landsat-7,165,1.0,65.20164446,132935,0.7185170771783604,0.338175,0.426175,0.1129882332134465,0.1162042350969204,0.0414244443266192,0.0705805770580877,0.0832768040445973,0.1000284821707293,0.1350733000437241,0.1458607651408684,0.1512650933036987,0.0116899236468951,0.021303644638357,0.7504720352051755,0.0572460224921954,0.0002256742016775
LE07_L2SP_166040_20070720_02_T1,2007-07-20,landsat-7,166,0.0,64.60265228,76800,0.4163413999479573,0.3098225,0.4027449999999999,0.1345085365522533,0.1349646836886064,0.0329956572551498,0.0918605131784873,0.1018192847450306,0.1180454178011017,0.1586012882693263,0.1690327140334972,0.1751976740888909,0.0038020833333333,0.0067578125,0.9117057291666668,0.3100390625,0.0002734375
LE07_L2SP_165040_20070729_02_T1,2007-07-29,landsat-7,165,0.0,63.73452622,133074,0.7192683757357591,0.3353974999999999,0.4171275,0.1057408417111275,0.1090696254311316,0.0379577864368294,0.064925251111217,0.0768675686519591,0.0931729300904225,0.1261135043418053,0.1364117936733437,0.1415606053690321,0.0103175676691164,0.0234080286156574,0.656431759772758,0.0188015690518057,6.763154335181928e-05
LE07_L2SP_166040_20070906_02_T1,2007-09-06,landsat-7,166,0.0,57.71508467,83614,0.4532808569693816,0.3324824999999999,0.4198774999999999,0.1117920278169018,0.1157793109334728,0.0469751515045213,0.0694734895991779,0.0827474439920865,0.1009048197341718,0.1343687412382059,0.1436262530046057,0.1475861412757154,0.0106680699404405,0.0212165426842394,0.7609371636328844,0.0326380749635228,0.0005740665438802
LE07_L2SP_166040_20070922_02_T1,2007-09-22,landsat-7,166,0.0,53.86070811,76156,0.4128502038338104,0.33746,0.425405,0.1173313443023052,0.1198067756426041,0.0378365185556654,0.0787667285407714,0.0899424072622757,0.106153623244547,0.1366806779428142,0.1454698839990096,0.1494839229517309,0.0055543883607332,0.0118835022847838,0.8235989285151532,0.0409422763800619,0.0010767372235936
LE07_L2SP_166040_20071008_02_T1,2007-10-08,landsat-7,166,2.0,49.37936742,98963,0.5364895047272097,0.3203275,0.37178,0.0725508120140948,0.076606777496017,0.0399919269981782,0.0267179531044723,0.0393058603281068,0.0587084720271353,0.0943273561073015,0.1088444572349446,0.1133466173806524,0.0186029121995089,0.171276133504441,0.2002364520073158,0.0001818861594737,0.0001010478663743
LE07_L2SP_165040_20071017_02_T1,2007-10-17,landsat-7,165,0.0,46.70428286,131801,0.7123877781561295,0.3243149999999999,0.406155,0.1105182736887982,0.1155329792783538,0.0538190353202814,0.0647859637961764,0.0783343613219789,0.0972538456328175,0.1335068820333191,0.1446865447071364,0.1523764240779145,0.0105841382083595,0.0245066425899651,0.7204421817740382,0.0637476195173026,0.0014567416028709
LE07_L2SP_166040_20071024_02_T1,2007-10-24,landsat-7,166,1.0,44.61283206,82669,0.4481579061497094,0.3314649999999999,0.4053025,0.1015790800452942,0.1071890494029073,0.0504426664734043,0.0585307095801724,0.0715173039662289,0.0904939657297227,0.1225153945021201,0.1322730797465659,0.1378310646531825,0.008975553109388,0.0312450858241904,0.6201236255428274,0.010076328490728,0.0001451571931437
LE07_L2SP_165040_20071102_02_T1,2007-11-02,landsat-7,165,1.0,41.98659547,133446,0.7212790452562793,0.33515,0.410885,0.0975181173226026,0.1034104691869452,0.0517135921155456,0.0545716418671081,0.0670859983324678,0.0855410964976376,0.1186508075715947,0.1288519110663021,0.135221772529513,0.0106559956836473,0.0396864649371281,0.5528228646793459,0.0110007044047779,0.0002323037033706
LE07_L2SP_166040_20071109_02_T1,2007-11-09,landsat-7,166,0.0,40.03893229,70542,0.382416081186573,0.34593,0.4264225,0.1038043371375525,0.109121878639451,0.0373231430625723,0.0638240709542643,0.0759649168645906,0.0935281038995153,0.1207714306371363,0.1286345784755204,0.1333055729490181,0.0068753366788579,0.0236029599387598,0.6610671656601741,0.0090867851776246,0.0001842873748972
LE07_L2SP_166040_20071211_02_T1,2007-12-11,landsat-7,166,0.0,33.52582872,59188,0.3208647757828086,0.3387524999999999,0.416055,0.1071056906701766,0.1118012756055911,0.0412412269805739,0.0671150534875275,0.0810346296848818,0.0998819388126661,0.1208874262862875,0.1293019872228927,0.1368389872838942,0.0049334324525241,0.0206967628573359,0.7477191322565385,0.0216935865378117,0.0005913360816381
LE07_L2SP_166040_20071227_02_T1,2007-12-27,landsat-7,166,0.0,32.44382376,59412,0.3220791048659901,0.3299525,0.42161,0.1225182840893883,0.1267004758542831,0.0469057236240934,0.0755747944363569,0.0939537750994874,0.1149137262441625,0.1381786472024174,0.1515269817443044,0.1628764616245166,0.008802935433919,0.0203157611256985,0.8734767387059853,0.1096748131690567,0.0067158149868713
LE07_L2SP_165040_20080105_02_T1,2008-01-05,landsat-7,165,0.0,32.60896059,134099,0.7248085269683752,0.1877225,0.2099424999999999,0.0791415345874096,0.0821455496543866,0.0776813872501652,-0.0077991964275214,0.0175872573354492,0.0474708548462312,0.1241288446995491,0.1469162775277549,0.1722776048039505,0.0614023967367392,0.2681600906792742,0.3907486260151082,0.0916934503613002,0.0089187838835487
LE07_L2SP_166040_20080112_02_T1,2008-01-12,landsat-7,166,0.0,33.12697728,63660,0.3451079885506115,0.31315,0.3862724999999999,0.1000247337685563,0.1084457159806677,0.0620978288475483,0.0506555651090202,0.0729080543917237,0.0965559033773459,0.118129825197016,0.1282624614029158,0.1377353500791026,0.0189443920829406,0.0488061577128495,0.6984291548853283,0.0239239710964498,0.0013038014451775
LE07_L2SP_165040_20080206_02_T1,2008-02-06,landsat-7,165,0.0,37.58947617,133456,0.7213330955122073,0.31667,0.398125,0.1082069721522705,0.1161965723154739,0.0641254161407078,0.0660956840573735,0.0817034039034576,0.1014002422210544,0.1268526640564798,0.13810617993921,0.1449032090625569,0.0137723294568996,0.0274172761059824,0.762018942572833,0.0311188706390121,0.0011839108020621
LE07_L2SP_165040_20080222_02_T1,2008-02-22,landsat-7,165,1.0,42.17709267,132349,0.7153497321809819,0.3256625,0.4051925,0.1064058501275763,0.1124547145933994,0.0424852148073258,0.0645610812676774,0.0787180023447843,0.0970056345998089,0.12488249762211,0.1334472087213591,0.1397254933690668,0.0102456384256775,0.0250851914257002,0.7109082803799046,0.0160333663269084,7.555780549909708e-05
LE07_L2SP_166040_20080229_02_T1,2008-02-29,landsat-7,166,0.0,44.47162983,87876,0.4763856362217017,0.295605,0.3765099999999999,0.1166193267955992,0.1229908340009934,0.0421970398934444,0.0738969579038653,0.0877915708888983,0.1073168595891282,0.1333804834243112,0.1411724992765457,0.1475792337388547,0.0071350539396422,0.0179798807410442,0.819324957895216,0.0462811234011561,0.0008989940370522
LE07_L2SP_165040_20080309_02_T1,2008-03-09,landsat-7,165,0.0,47.56985053,131313,0.709750125666845,0.308695,0.4007375,0.120443220963424,0.1272187463151395,0.049258702463081,0.0768877098662187,0.0918345869090936,0.110623286077216,0.139979246474182,0.1488388070836207,0.1548810578879843,0.0104559335328566,0.0183987876295568,0.8507002353156199,0.0914684760838607,0.0010813856967703
LE07_L2SP_165040_20080325_02_T1,2008-03-25,landsat-7,165,0.0,53.19855898,132533,0.7163442568900563,0.311885,0.4028,0.1189437243236992,0.1247915282930194,0.0385972531899462,0.0775309362297038,0.0895026637694365,0.1066574966899367,0.1386415115406608,0.1472061482412044,0.1520615699825374,0.0101936876098782,0.016199738932945,0.8207842575056779,0.06930349422408,0.0002716304618472
LE07_L2SP_166040_20080401_02_T1,2008-04-01,landsat-7,166,2.0,55.58156655,78626,0.4262403504206783,0.34505,0.41358,0.0932458056247302,0.0932023029132193,0.0265594997689814,0.0535930748553242,0.0630239223820477,0.0781207974498312,0.115770716338767,0.1258021377979728,0.1286877836662569,0.0067916465291379,0.0395161905730928,0.3738458016432223,0.0001017475135451,6.359219596571109e-05
LE07_L2SP_165040_20080426_02_T1,2008-04-26,landsat-7,165,3.0,62.72464387,134778,0.7284785393458838,0.3096025,0.4097025,0.137238078572179,0.1406946891651609,0.0336354240207297,0.0927980883450144,0.1054295180722777,0.1241238460264565,0.15811980988136,0.1666286122455151,0.1724558121725648,0.0075383222781166,0.0114187775452967,0.9255071302438084,0.3494635623024529,0.0031533336301176
LE07_L2SP_166040_20080503_02_T1,2008-05-03,landsat-7,166,2.0,64.15111633,63616,0.344869459623558,0.3308049999999999,0.415835,0.1138890349484524,0.1172402043916364,0.0218058482849646,0.0802043186041353,0.0897674168218993,0.1046242173352827,0.1289363364476215,0.1338373434052169,0.1365454624239298,0.0038197937625754,0.0099503269617706,0.808743083501006,0.0009274396378269,0.0001886317907444
LE07_L2SP_166040_20080604_02_T1,2008-06-04,landsat-7,166,0.0,66.90782263,64894,0.351797640732067,0.3464799999999999,0.43602,0.1220551736871547,0.1232722104772454,0.0247696526225759,0.0840588331395686,0.0943344322807106,0.1093527154401643,0.1400994674444485,0.1482945282646606,0.1531984071107817,0.0030357197891946,0.0078127407772675,0.8551483958455327,0.0804234597959749,0.0002619656670878
LE07_L2SP_165040_20080613_02_T1,2008-06-13,landsat-7,165,2.0,66.77536064,134192,0.7253111943485052,0.3458475,0.431235,0.1069253352019684,0.1080705357610622,0.0318981045524822,0.0659643897251794,0.0776848348566598,0.093330477120621,0.1280968047092668,0.1373549953513425,0.1424619566847489,0.0093746273995469,0.02308632407297,0.6478851198283058,0.026134195779182,0.0002310122809109
LE07_L2SP_166040_20080620_02_T1,2008-06-20,landsat-7,166,1.0,66.49976411,71846,0.3894852112065227,0.3463425,0.437505,0.1198916142188257,0.1235091896992564,0.0245616535149464,0.0860962989202044,0.0968144125073763,0.109776123522199,0.1351587871718231,0.1409485818906632,0.1438706053178075,0.0044539709935139,0.008740918074771,0.8765971661609554,0.0103694012192745,5.567463741892381e-05
LE07_L2SP_165040_20080629_02_T1,2008-06-29,landsat-7,165,0.0,65.99469298,133161,0.7197386129623323,0.34527,0.42909,0.1074456780014496,0.1087280403849578,0.0284007656549596,0.0674319880306,0.0779268496812572,0.0926879117098889,0.1281956844084839,0.1386262058979629,0.1425969072838415,0.0080879536801315,0.0188718919203069,0.6425079415144074,0.0114147535689879,0.000525679440677
LE07_L2SP_166040_20080706_02_T1,2008-07-06,landsat-7,166,0.0,65.51003751,82526,0.4473826871367855,0.3470025,0.4374225,0.1176641538499309,0.1214039517112891,0.0297254642148353,0.0767725412578488,0.0901143480296344,0.1057748770742915,0.1367703308905474,0.1438270341309228,0.1468569855168471,0.0073189055570365,0.016116133097448,0.8217894966434821,0.0202845163948331,0.000448343552335
LE07_L2SP_166040_20080722_02_T1,2008-07-22,landsat-7,166,0.0,64.17768758,95104,0.5155694336022205,0.31161,0.4055775,0.1264301382015942,0.1320953750018267,0.036769570758557,0.0770026019555057,0.0901079610253698,0.1092593665851867,0.1509899986106005,0.1586131488860926,0.1633517504832509,0.0076547779273216,0.0148784488559892,0.8344128532974427,0.2687689266487214,0.0005677994616419
LE07_L2SP_165040_20080917_02_T1,2008-09-17,landsat-7,165,0.0,54.79856511,134451,0.7267110959770394,0.4397325,0.451915,0.0230581940028426,0.016876212727693,0.0282319096974341,-0.0138592377257559,-0.0092021910151353,0.0,0.0486919136439824,0.0640346581013615,0.0701686082375805,0.2497489791820068,0.7607306751158415,0.0011007727722367,0.000513198116786,0.0002454425775933
LE07_L2SP_166040_20080924_02_T1,2008-09-24,landsat-7,166,0.0,52.96923519,65527,0.3552292046144505,0.3523375,0.44548,0.1187516422412466,0.1247134624390428,0.0398525978384008,0.0794106437694707,0.0904007864715798,0.1061233095577888,0.1365074115429466,0.1451798505439812,0.1519508572472022,0.0050360919926137,0.0125597082118821,0.8217376043462999,0.0550460115677507,0.0006714789323484
LE07_L2SP_165040_20081003_02_T1,2008-10-03,landsat-7,165,2.0,50.4448988,135255,0.7310567365536476,0.3539874999999999,0.4252125,0.0884407305812696,0.0903507522957542,0.0298728929315901,0.0484473531624701,0.0596199238350097,0.0742722508921818,0.1087546676441768,0.1177802034248561,0.1221087566402445,0.009958966396806,0.055487782337067,0.3680085763927396,0.0009833277882518,6.654097815237883e-05
LE07_L2SP_166040_20081010_02_T1,2008-10-10,landsat-7,166,0.0,48.42070804,104334,0.5656062971636742,0.33031,0.4162475,0.1122281197759987,0.1163996092976113,0.0407698310098397,0.0674611532195972,0.0802106011951853,0.0976266784630393,0.136148013890019,0.1441998844601234,0.1484729777398836,0.0105622328291832,0.0233480936224049,0.7193053079533038,0.0324438821477179,0.0002779534955048
LE07_L2SP_166040_20081111_02_T1,2008-11-11,landsat-7,166,1.0,39.21801927,90387,0.4899980483996877,0.2938175,0.363035,0.0963717787847527,0.1095362818066322,0.0598637235427914,0.0356924974213546,0.0589444862203347,0.0858086890576562,0.122940866423126,0.1309975592811266,0.1356517671513648,0.0247380707402613,0.0748780244946729,0.6178764645358292,0.0057862303207319,0.0003319061369444
LE07_L2SP_165040_20081206_02_T1,2008-12-06,landsat-7,165,1.0,34.02034863,131943,0.7131552917903067,0.3257175,0.4013425,0.0981783527098942,0.1036314347862061,0.0541029052963281,0.0549691240556057,0.070723075156796,0.0905290658454686,0.116975319401813,0.1288097477719461,0.1363894134884221,0.0125357161804718,0.0406311816466201,0.5855937791318979,0.0166283925634554,0.0008109562462578
LE07_L2SP_166040_20081213_02_T1,2008-12-13,landsat-7,166,0.0,33.15581738,91684,0.497029230635788,0.3148275,0.390095,0.102887979511733,0.110082998961708,0.0462137717132697,0.0562820837240182,0.072003313521327,0.0931730486821344,0.1211029691247704,0.1308363449934572,0.1374829647383589,0.0111033550019632,0.0380546223986737,0.6746433401684045,0.019490859910126,0.0005780725099253
LE07_L2SP_165040_20090107_02_T1,2009-01-07,landsat-7,165,1.0,32.7655267,130278,0.704155924178301,0.3305575,0.3934775,0.081628129786909,0.0891183032803069,0.0437935897154675,0.0360048180364415,0.0507683273493947,0.0705440069517133,0.1006242213096238,0.1100557582844132,0.1152812171036283,0.0158660710173628,0.0962940788160702,0.2741521976081917,0.0011360321773438,1.5351786180322082e-05
LE07_L2SP_166040_20090114_02_T1,2009-01-14,landsat-7,166,0.0,33.41899068,104484,0.5664194639604476,0.32492,0.4022225,0.0968286691550529,0.1063003314779165,0.055254817897446,0.0492905848133657,0.0650847664330872,0.0859772588039496,0.1174235340483391,0.1284321552035414,0.1353518813714461,0.0148922323035105,0.0516634125799165,0.5760977757359979,0.0131599096512384,0.0002201293978025
LE07_L2SP_166040_20090303_02_T1,2009-03-03,landsat-7,166,1.0,45.42075099,96934,0.5254900685228554,0.3140575,0.4089875,0.1197473459639364,0.1257871447390443,0.0371478311845334,0.0782951962505805,0.0923877546936211,0.111244872481183,0.1357976982446184,0.1442043189641255,0.1499138795034967,0.0071285617017764,0.0145666123341655,0.852672952730724,0.0488270369529783,0.0005570800751026
LE07_L2SP_165040_20090312_02_T1,2009-03-12,landsat-7,165,0.0,48.56617525,131943,0.7131552917903067,0.3148825,0.4070625,0.1194057714090016,0.1268366196287242,0.0412390345509816,0.075052733264211,0.0896516984200894,0.1096484551671763,0.1374923453469091,0.1461030227100097,0.1510778516177268,0.0089584138605306,0.0186444146335917,0.8366870542582782,0.0645278643050408,0.0002425289708434
LE07_L2SP_166040_20090319_02_T1,2009-03-19,landsat-7,166,3.0,51.04994366,86252,0.4675817503686356,0.322225,0.400105,0.1035906617775616,0.1092736514821789,0.0269825080556837,0.0628012624476159,0.0738593201936712,0.0900372458906153,0.122326984379541,0.1285093823436896,0.1316671876043963,0.0061911607846774,0.0215415294717803,0.6264318508556324,0.0002666604832351,3.478180216110931e-05
LE07_L2SP_165040_20090328_02_T1,2009-03-28,landsat-7,165,0.0,54.20032513,133260,0.7202737104960192,0.316285,0.40302,0.1152321093556683,0.1207928329017916,0.0373483088028173,0.0690138125824991,0.083421098865108,0.1014163898354051,0.1377297332897001,0.1470929015935154,0.1513502444696788,0.0112336785231877,0.0233828605733153,0.7658412126669668,0.0670793936665165,0.0001050577817799
LE07_L2SP_165040_20090413_02_T1,2009-04-13,landsat-7,165,1.0,59.35893621,134249,0.7256192808072947,0.328055,0.4050275,0.0991391107464487,0.1068822130192318,0.0406221471379617,0.0508316735584806,0.0673092057523646,0.0866774589180451,0.1208442741123346,0.1284149037368848,0.133227212795557,0.01445820825481,0.048030152924789,0.5916915582238974,0.0024879142488957,0.000156425746188
LE07_L2SP_166040_20090420_02_T1,2009-04-20,landsat-7,166,2.0,61.31431214,69231,0.3753090033827739,0.350715,0.434755,0.1056556302218316,0.1123734573359276,0.0318886039833955,0.0634955394645904,0.0775025859008098,0.0966836660635863,0.1228189425593454,0.1285705670948575,0.1316741545969829,0.0091144140630642,0.0276754633040112,0.7115454059597579,0.0007655530037122,0.0
LE07_L2SP_166040_20090522_02_T1,2009-05-22,landsat-7,166,0.0,66.67454257,61888,0.3355017781247289,0.344445,0.4421799999999999,0.1232549228954294,0.1294506483611257,0.0282471302307098,0.0844895233187881,0.0975628830910353,0.1160040309274678,0.1375282978268054,0.1434282755210624,0.1467006914449092,0.0052675801447776,0.0131043174767321,0.8862622802481903,0.0237525853154084,0.0001454239917269
LE07_L2SP_165040_20090531_02_T1,2009-05-31,landsat-7,165,3.0,67.08470319,135352,0.7315810240361488,0.3466725,0.4341775,0.1065243585577491,0.1108530020230843,0.0349173937466775,0.0605979143041284,0.0746820791498335,0.0925020533169234,0.1285201747566284,0.1378620701227721,0.1425107903861242,0.0107940776641645,0.031776405224895,0.657167976830782,0.0181157278798983,0.0003176901708138
LE07_L2SP_166040_20090623_02_T1,2009-06-23,landsat-7,166,0.0,66.62733733,68763,0.372771922976841,0.3544825,0.448065,0.1150897244181133,0.1193897888923735,0.0279783093682477,0.0759451344981828,0.0884724634342639,0.1043548695675954,0.1326575300077363,0.1386570496121466,0.1417000408245634,0.0052208309701438,0.0156043220918226,0.8038625423556273,0.0055407704724924,0.0
LE07_L2SP_165040_20090702_02_T1,2009-07-02,landsat-7,165,1.0,66.09646295,134226,0.7254949652186603,0.36298,0.4485325,0.1054302234621957,0.1064558131029995,0.0291528980723188,0.0621825952123192,0.0730051312303585,0.0895935554260726,0.1272569119579925,0.1392004009577474,0.1430873782472427,0.0069137126935169,0.0229612742687705,0.6057544737979229,0.0174109337982209,7.450121436979422e-05
LE07_L2SP_166040_20090709_02_T1,2009-07-09,landsat-7,166,0.0,65.60085794,76580,0.4151487553126897,0.3360025,0.42744,0.1231144603736782,0.1262486714582244,0.0272177952266566,0.0801006038998468,0.0920780259400782,0.1088232984924107,0.1402465255707358,0.1529509180766813,0.1589079923503984,0.0022199007573779,0.0098981457299556,0.8390571950901019,0.129289631757639,0.0005353878297205
LE07_L2SP_165040_20090904_02_T1,2009-09-04,landsat-7,165,0.0,58.17956362,132669,0.7170793403706767,0.3526125,0.4331875,0.0980108241070649,0.1004081918496612,0.0365262589299127,0.0523784694573757,0.066258585227423,0.0835166593547348,0.1216293463976901,0.1311837454399688,0.1353841851254041,0.0100475619775531,0.043898725399302,0.506862944621577,0.0071456029667819,0.0002562768996525
LE07_L2SP_165040_20090920_02_T1,2009-09-20,landsat-7,165,0.0,54.3984667,133776,0.7230627037019021,0.35198,0.421665,0.0911023608804999,0.0928750975325812,0.0359576155527329,0.0455224240827356,0.0587085740857991,0.075827493823524,0.1145013263173529,0.1257376429521944,0.1303318238774543,0.0098074393015189,0.0622533189809831,0.4006099748833872,0.0015548379380456,8.97021887334051e-05
LE07_L2SP_165040_20091006_02_T1,2009-10-06,landsat-7,165,0.0,49.93005248,134663,0.7278569614027123,0.3535474999999999,0.4361025,0.1007956488567089,0.1038895521633094,0.0378990442336775,0.0552779567630601,0.0685585245486511,0.0860591192532654,0.1238396270727825,0.1335165917972594,0.1384365163825223,0.0088517261608608,0.0395580077675382,0.5568864498785858,0.0151192235432152,0.0002747599563354
LE07_L2SP_165040_20091123_02_T1,2009-11-23,landsat-7,165,1.0,36.63827092,130331,0.7044423905347191,0.3413925,0.41182,0.0917537550423344,0.0979119184340764,0.0390305292808166,0.0426908156440905,0.0574211275462035,0.0780461764153326,0.1119251117827569,0.1212107460410808,0.1286798670020727,0.0097060561186517,0.0710882292010342,0.4669955728107664,0.0050870475942024,0.0003452747235884
LE07_L2SP_166040_20091130_02_T1,2009-11-30,landsat-7,166,0.0,35.25161951,107246,0.5813925752450343,0.28378,0.3424925,0.0877092451428434,0.1066261700903476,0.0829022149020241,-0.0138443613038585,0.0322806622994917,0.078054498762067,0.1252941728686153,0.1370799040362064,0.1435242788764227,0.0601794006303265,0.1408257650634988,0.5754526975365049,0.0241967066370773,0.0008485164947876
LE07_L2SP_166040_20091216_02_T1,2009-12-16,landsat-7,166,0.0,33.11603496,106403,0.5768225778471681,0.3037175,0.3798925,0.1018398137663151,0.1201367608036168,0.0854785297020429,0.0169612914899289,0.0581943162752,0.096317124323283,0.134484897369046,0.1453612311004175,0.1516499327581769,0.0405345713936637,0.084960010526019,0.7242464968093005,0.0595377949869834,0.0024811330507598
LE07_L2SP_165040_20091225_02_T1,2009-12-25,landsat-7,165,0.0,32.63303695,131196,0.7091177376724879,0.287905,0.3490925,0.0845725676199824,0.099194778459158,0.0710284957428822,0.0130782871005346,0.0403095121161791,0.0738062521712491,0.115531065449354,0.1271367951409217,0.1339535035654355,0.0388807585597121,0.1301564072075368,0.4923701942132382,0.008216713924205,0.0004192200981737
LE07_L2SP_166040_20100101_02_T1,2010-01-01,landsat-7,166,0.0,32.64396795,93858,0.5088147280770231,0.2893625,0.353465,0.0915507129485871,0.1050799710725469,0.0769072128700245,0.029444009337569,0.0576272631955288,0.0880367624105962,0.1166728982139161,0.1270183298506858,0.135120472141691,0.0301625860342219,0.0820601333929979,0.5980736857806473,0.0178034903790832,0.0010974024590338
LE07_L2SP_165040_20100110_02_T1,2010-01-10,landsat-7,165,0.0,33.163181,133004,0.7188900239442634,0.3216199999999999,0.3987025,0.0953685248832113,0.1043944410391148,0.0717476619782765,0.0474901314286358,0.0681506013966185,0.0903277510746803,0.1156607614229185,0.1293372403059581,0.1378031209038851,0.0198866199512796,0.0537201888665002,0.5702159333553878,0.0206610327508947,0.0013307870439986
LE07_L2SP_165040_20100126_02_T1,2010-01-26,landsat-7,165,3.0,35.44913009,133758,0.7229654132412316,0.323435,0.3614675,0.0555593462254765,0.0591342150272796,0.0363878519799262,0.0084716392458862,0.0211201025874394,0.0383549141842501,0.0805783770340197,0.0900365309839677,0.0941236574148741,0.0353324660954858,0.389935555256508,0.0140103769494161,3.7380941700683325e-05,7.476188340136665e-06
LE07_L2SP_165040_20100211_02_T1,2010-02-11,landsat-7,165,4.0,39.27320536,135218,0.7308567506067141,0.3022875,0.376015,0.1021125846394041,0.1079929725407449,0.0562021279406878,0.063412135723799,0.0783725945101434,0.0961441621521557,0.1205236984332032,0.1303015040085804,0.1376984085283376,0.0133562099720451,0.0306246209824135,0.6946560369181618,0.0147539528760963,0.0005324734872576
LE07_L2SP_166040_20100306_02_T1,2010-03-06,landsat-7,166,0.0,46.6313663,56446,0.3060000867377916,0.3248375,0.4061825,0.1088827103329062,0.1130747108945646,0.0269219522030572,0.0728917331033926,0.0842030726823678,0.1003068039400231,0.1232249367204846,0.1299961566636816,0.1332441657723921,0.0044467278460829,0.0131275909719023,0.7554476845126316,0.0007972221237997,1.771604719554973e-05
LE07_L2SP_165040_20100315_02_T1,2010-03-15,landsat-7,165,3.0,49.81614213,136158,0.7359374746639425,0.33086,0.3959525,0.0857321863621549,0.0905974091373376,0.0394642162531772,0.0449242661963055,0.0578905018954597,0.0741420129910032,0.1054767926146285,0.1150355042957348,0.1197280594760103,0.0124708059754109,0.0644104643135181,0.3413681164529443,0.0004700421569059,1.468881740331086e-05
LE07_L2SP_166040_20100322_02_T1,2010-03-22,landsat-7,166,0.0,52.30913213,56367,0.305571818891491,0.3400725,0.4378625,0.1195573614602926,0.1256854391215957,0.0344299854852968,0.0838283368182714,0.0966800347736342,0.1138277850022925,0.1340774993588555,0.1402977761367254,0.1425704733621076,0.007557613497259,0.0137846612379583,0.8814199797754005,0.0081430624301452,3.548175350825838e-05
LE07_L2SP_166040_20100525_02_T1,2010-05-25,landsat-7,166,2.0,67.25076307,102865,0.5576426836672739,0.3385324999999999,0.4168525,0.10034300938367,0.1050399765577445,0.0276644147277372,0.0617032125526829,0.0724285297481726,0.0875080145230287,0.1185540330909882,0.1252789621813239,0.1284912664750043,0.0074952607786905,0.0243717493802556,0.5741797501579741,0.0002333155106207,9.72147960919652e-06
LE07_L2SP_166040_20100610_02_T1,2010-06-10,landsat-7,166,1.0,67.52137987,105322,0.5709623557984214,0.33746,0.411105,0.0996188020048086,0.1024496239590151,0.0261928924814776,0.0607050245648566,0.0709655629218799,0.0851398073466854,0.1187270111885052,0.1278791761608614,0.1310567334456286,0.0069216308083781,0.0263287822107441,0.5395074153548166,9.494692466910997e-05,9.494692466910995e-06
LE07_L2SP_166040_20100712_02_T1,2010-07-12,landsat-7,166,0.0,65.8182481,100526,0.544962702749588,0.3224725,0.3999675,0.0991760216391405,0.1049582611199548,0.0311714806102331,0.0544270316946562,0.0691445298432176,0.0871774549355065,0.1185829449964071,0.1256626917793452,0.1289504351111176,0.0090424367825239,0.0411933231203867,0.5759604480432923,0.0009151861210035,0.0001890058293376
LE07_L2SP_165040_20100721_02_T1,2010-07-21,landsat-7,165,0.0,65.05303725,131104,0.7086204753179506,0.346425,0.431565,0.1044300541223591,0.1081504895917281,0.0280307807332704,0.0633400712511938,0.0760331188348737,0.0922037790658012,0.122780179627674,0.1304405713805308,0.1348052307928947,0.0071851354649743,0.0248733829631437,0.6342140590676104,0.0048053453746643,7.627532340737125e-05
LE07_L2SP_166040_20100728_02_T1,2010-07-28,landsat-7,166,0.0,64.37714832,101860,0.5521944661288923,0.34901,0.4237,0.0944625942341074,0.0968557516315412,0.0252645247150569,0.0558373319218008,0.0661603318325981,0.0810937021387232,0.1122967247925047,0.1227880268441963,0.1260215334898584,0.0067052817592774,0.0355487924602395,0.4423326133909287,0.0001079913606911,1.96347928529354e-05
LE07_L2SP_165040_20100806_02_T2,2010-08-06,landsat-7,165,0.0,63.37124112,130991,0.7080097074259647,0.3807725,0.5104075000000001,0.1331618112823669,0.1395565347587863,0.0273280318411193,0.0914611396846843,0.1022562821568258,0.1250808362186342,0.1473634418862733,0.155579192759293,0.1609865208447751,0.0034506187447992,0.0067714575810551,0.9130932659495692,0.1909825865899184,3.817056133627501e-05
LE07_L2SP_166040_20100813_02_T1,2010-08-13,landsat-7,166,1.0,62.44980519,70434,0.3818306010928962,0.334435,0.3599275,0.0516262140862325,0.0360686654189688,0.0547806728422819,-0.0169936838208071,-0.006831899168532,0.0112264966011704,0.0944056591473139,0.1397323924944163,0.1466195852310835,0.1480251015134736,0.6011159383252407,0.2377970866342959,0.0303688559502512,0.0
LE07_L2SP_166040_20100829_02_T1,2010-08-29,landsat-7,166,0.0,59.80258174,91718,0.4972135484430566,0.3372949999999999,0.4221324999999999,0.1070846691194899,0.1135558053012486,0.0351934117516551,0.0637355501404924,0.0786441175366757,0.0968787249537981,0.1251608951085829,0.1323220993232929,0.1362351000716473,0.0084934254999018,0.0259709108353867,0.7102967792581609,0.004143134390196,9.812686713622188e-05
LE07_L2SP_165040_20100907_02_T1,2010-09-07,landsat-7,165,0.0,57.93844699,133042,0.7190954149167896,0.3354525,0.4277424999999999,0.116752982101033,0.1216159598803688,0.0365711045097777,0.0731983636839596,0.0877952813491385,0.1048121104716092,0.1366457427354299,0.145149263941601,0.1499355253874259,0.0090948722959666,0.0189188376602877,0.8056252912614061,0.049728657115798,0.0001728777378572
LE07_L2SP_165040_20100923_02_T1,2010-09-23,landsat-7,165,0.0,53.9750523,133949,0.7239977731294558,0.344995,0.4325825,0.1053087730430393,0.1108976381712873,0.0398177958538541,0.0590200667551501,0.074375477605216,0.0931084309530279,0.1265907340683159,0.1357449779483255,0.1407133540821551,0.0112505505826844,0.0341174626163689,0.6622744477375717,0.0118403272887442,4.479316754884322e-05
LE07_L2SP_165040_20101009_02_T1,2010-10-09,landsat-7,165,1.0,49.41422451,130797,0.7069611324609621,0.348845,0.4237275,0.091193825506048,0.095320264276264,0.0302082839582263,0.0492527286377277,0.0612399865254134,0.0776750088317193,0.1108316149679291,0.1193249573089039,0.1234661930980077,0.0099620021865944,0.0522336139208085,0.4282667033647561,0.0001834904470286,0.0
LE07_L2SP_166040_20101016_02_T1,2010-10-16,landsat-7,166,0.0,47.30771802,106972,0.5799071905629283,0.3159274999999999,0.40819,0.1255587627708883,0.124988505884918,0.0459735444499589,0.0771093012631532,0.0898125284091742,0.1092614070849008,0.1413916735952112,0.1690199498527626,0.1906640750363764,0.008086228171858,0.0157704819952884,0.8332647795684852,0.1815989230826758,0.0370938189432748
LE07_L2SP_166040_20101101_02_T1,2010-11-01,landsat-7,166,3.0,42.54790674,109954,0.5960729464827825,0.345545,0.4351675,0.105962742835576,0.1112486163820122,0.0316946485344021,0.0615989363904066,0.0756583675262831,0.0930014962482541,0.1249309309770064,0.1332010111388454,0.1379246776243273,0.0078396420321225,0.0283482183458537,0.6613856703712462,0.007894210306128,0.0001637048220164
LE07_L2SP_165040_20101212_02_T1,2010-12-12,landsat-7,165,1.0,33.71959702,130224,0.7038640527962899,0.3533,0.4200149999999999,0.0760767457108512,0.0820779182805262,0.0382025727117911,0.0269843358818563,0.0421669186477835,0.0620950170310759,0.0960556076407953,0.1060809943533499,0.1122781802848393,0.0146900724904779,0.1474996928369578,0.1837679690379653,0.0013975918417496,0.0002764467379284
LE07_L2SP_165040_20101228_02_T1,2010-12-28,landsat-7,165,1.0,32.794938,130071,0.7030370838805922,0.3466174999999999,0.4328575,0.1031061568651635,0.1093246028303484,0.0432921691484444,0.0576600765192569,0.0722478865022345,0.0913167657673298,0.1218827899088079,0.1327789697833417,0.1396217393976897,0.0097792743962912,0.0354268053601494,0.6413420362724973,0.0225569112254076,0.0002383313728655
LE07_L2SP_165040_20110113_02_T1,2011-01-13,landsat-7,165,1.0,33.64505042,130346,0.7045234659186111,0.3473875,0.42238,0.0907729758221823,0.0964874933989823,0.0473635571185673,0.0464852473886385,0.0619177410199151,0.0806275615387096,0.1100027491828424,0.1210456492266529,0.1276244000805676,0.0137096650453408,0.058114556641554,0.421109968852132,0.0060147607137925,0.000529360317923
LE07_L2SP_165040_20110214_02_T1,2011-02-14,landsat-7,165,1.0,40.29629167,129892,0.7020695842994816,0.3184025,0.4071725,0.1164586454256604,0.1226352793468752,0.0423813407540226,0.0744476027872969,0.0886346697030787,0.1063322141842358,0.1338220926858475,0.1448318829337984,0.1497060654940045,0.0092076494318356,0.0209712684383949,0.8171019000400332,0.0447525636682782,0.0004696209158377
LE07_L2SP_165040_20110302_02_T1,2011-03-02,landsat-7,165,0.0,45.41655263,130607,0.7059341775983309,0.3476349999999999,0.4227924999999999,0.096919606354539,0.1024146226507091,0.0404823011100275,0.0566879675082951,0.07025930609012,0.0870109705166913,0.1136107628377456,0.123570111588403,0.1305960988935007,0.0092338082951143,0.0366366274395706,0.5431561861155987,0.0042264197171667,0.0002756360685108
LE07_L2SP_166040_20110325_02_T1,2011-03-25,landsat-7,166,0.0,53.55093321,105118,0.5698564489548096,0.3320975,0.4218575,0.11556481333902,0.1222482719169,0.0383497368395142,0.0778357316611814,0.0899855688149703,0.106030290040995,0.1322140043666664,0.1388622062001032,0.1431012581766144,0.007857835955783,0.0172282577674613,0.8188131433246447,0.0182366483380581,0.0003139329134876
LE07_L2SP_166040_20110426_02_T1,2011-04-26,landsat-7,166,0.0,63.32593018,103301,0.5600062884898951,0.308915,0.38344,0.1052162166158967,0.1116986067083039,0.0292938375043649,0.0605242136822777,0.0720247721760965,0.0879950721351684,0.126967257650205,0.1331625353935997,0.1364973473569579,0.0076281933379154,0.0286154054655811,0.615047288990426,0.0025265970319745,0.0001161653807804
LE07_L2SP_166040_20110512_02_T1,2011-05-12,landsat-7,166,2.0,66.30538645,105505,0.5719544192904849,0.33427,0.4166325,0.1044302234212975,0.1109099845866018,0.0284836421683659,0.0666897786871918,0.0768313883905169,0.0922415870318922,0.1217160120051993,0.1274948479153204,0.1307526099700537,0.007288754087484,0.0184256670299985,0.6482346808208141,0.000758257902469,8.53040140277712e-05
LE07_L2SP_166040_20110528_02_T1,2011-05-28,landsat-7,166,1.0,67.69329163,102236,0.5542328042328042,0.348845,0.438,0.1121636816478451,0.118899890121088,0.0309668219852444,0.0731124818686346,0.0835183077754568,0.0990240677326112,0.1293917044203018,0.1358046711792858,0.1408561195722486,0.0068958096952149,0.015444657459212,0.7392894870691341,0.0175280723032982,0.0004597206463476
LE07_L2SP_166040_20110613_02_T1,2011-06-13,landsat-7,166,2.0,67.76223788,99006,0.5367226125422847,0.338835,0.4287325,0.1151702335618596,0.1217207130134924,0.0285162547719837,0.0749418189821387,0.0844433246341532,0.0998326901357835,0.1346781576787739,0.1403115145239329,0.143329530189713,0.0064339534977678,0.0131406177403389,0.7489546088115872,0.0102317031291032,0.0001717067652465
LE07_L2SP_165040_20110622_02_T1,2011-06-22,landsat-7,165,1.0,67.42415251,131023,0.7081826682449341,0.3575075,0.4592299999999999,0.1194442153855123,0.1278490045710678,0.0342486963084771,0.0743864446913695,0.0861440590574963,0.1034380513894273,0.1401238690381063,0.1469677098960763,0.1521330031300534,0.007639880021065,0.0158369141295803,0.7859307144547141,0.0653015119482838,0.0003587156453447
LE07_L2SP_166040_20110629_02_T1,2011-06-29,landsat-7,166,0.0,67.03600511,105695,0.5729844305663978,0.347415,0.44064,0.114996033506079,0.1223007249052175,0.030959250641192,0.0701607002288595,0.081484092863607,0.0985962991185145,0.1360435741249871,0.1422598440693857,0.1457249088560857,0.0073986470504754,0.017701878045319,0.7352381853446237,0.0247693836037655,0.0001703013387577
LE07_L2SP_166040_20110715_02_T1,2011-07-15,landsat-7,166,0.0,65.87069101,100892,0.546946829733715,0.342135,0.43344875,0.1185045025979648,0.1254855854727611,0.0301841192394595,0.0757358893909599,0.087095518711195,0.1036970010669427,0.1383156510651286,0.1443796110418103,0.1475178234601916,0.0062343892479086,0.0139753399674899,0.7913511477619632,0.0329461206042104,0.0001387622408119
LE07_L2SP_166040_20110731_02_T1,2011-07-31,landsat-7,166,0.0,64.34219486,102197,0.5540213808656431,0.341365,0.4349475,0.1212232640634343,0.1284369895403668,0.0350678885767908,0.0753376591740508,0.087136335965595,0.1049800146134786,0.1436262737915519,0.1513000208922237,0.1550453396239912,0.0084640449328258,0.0174662661330567,0.8009726312905467,0.1088388113154006,0.0002739806452244
LE07_L2SP_166040_20110816_02_T1,2011-08-16,landsat-7,166,0.0,62.28011892,103053,0.5586618527192297,0.334435,0.43371,0.1281902897922255,0.1359546320372354,0.0324540759311962,0.082206296381015,0.0946886105912966,0.1150109655802213,0.144865011178055,0.1525968780839231,0.1622345321646365,0.0068799549746247,0.013012721609269,0.8680096649296963,0.1372012459608163,0.003192531998098
LE07_L2SP_166040_20110901_02_T1,2011-09-01,landsat-7,166,0.0,59.45450108,97336,0.527669355538208,0.34241,0.4416025,0.1281826533598257,0.1362033033727654,0.0291176061039411,0.084155752490289,0.0954487027872045,0.1119869859870715,0.1476922901453455,0.1538164916122519,0.1573939818573543,0.0047156242294731,0.0102736911317498,0.8679214268102243,0.1836935974356867,0.0012533903180734
LE07_L2SP_166040_20111003_02_T1,2011-10-03,landsat-7,166,0.0,51.35512284,77903,0.4223208864602307,0.3653725,0.4568925,0.1088404796197433,0.1173635946908896,0.0260366916718887,0.0655452825707198,0.0759842317767046,0.0930609647798885,0.1272919382540921,0.1325392779423209,0.1357247321153042,0.003273301413296,0.020243122857913,0.683837592903996,0.0026058046545062,0.0001925471419585
LE07_L2SP_165040_20111012_02_T1,2011-10-12,landsat-7,165,0.0,48.69876093,130448,0.7050747785290763,0.343675,0.4294199999999999,0.1048589064699771,0.1132816751110918,0.0381194964754658,0.0584348509477875,0.0706888194077705,0.0886471140911204,0.1259910811734389,0.1340586007400733,0.1411383587400931,0.009114743039372,0.0327333496872317,0.6359928860542132,0.0202072856617196,0.0001839813565558
LE07_L2SP_166040_20111019_02_T1,2011-10-19,landsat-7,166,0.0,46.57864005,105570,0.5723067915690867,0.3355075,0.4346175,0.1246963611271059,0.1323473355865824,0.0334020919615236,0.0813306452619752,0.0931910309296008,0.1100220218458105,0.144072575464286,0.1515499424153421,0.1559126697090927,0.0070285118878469,0.0132613431846168,0.8497300369423132,0.1132234536326608,0.0006535947712418
LE07_L2SP_165040_20111028_02_T1,2011-10-28,landsat-7,165,1.0,43.87440838,129796,0.7015507018425732,0.3512925,0.42656,0.095887697267371,0.1027269071988257,0.0335381539719221,0.0493271132106581,0.0612750356558028,0.0785909934445686,0.1183617799597896,0.1259545531229298,0.1305335286527027,0.0104625720361182,0.0517119171623162,0.527265863354803,0.00202625658726,7.704397670190145e-05
LE07_L2SP_166040_20111206_02_T1,2011-12-06,landsat-7,166,0.0,34.60296145,99462,0.5391946396044757,0.3323175,0.4243875,0.1180557484668744,0.1252564428424099,0.0406363173694747,0.0734177469336044,0.087443910283421,0.10699699938766,0.1361940401039648,0.1450648746442273,0.1501276909730177,0.0104663087410267,0.0223502443144115,0.8155074299732561,0.0563029096539381,0.0020309263839456
LE07_L2SP_166040_20111222_02_T1,2011-12-22,landsat-7,166,0.0,33.01649342,93960,0.509367681498829,0.3313824999999999,0.4080525,0.1023953843326163,0.110724728556563,0.0341299382715746,0.0534389673571839,0.0680712448302678,0.0882809949371769,0.1224462452317699,0.1302709149202409,0.1347681187308237,0.0089080459770114,0.0432630906768837,0.6293635589612601,0.0066517667092379,0.0003086419753086
LE07_L2SP_165040_20120116_02_T1,2012-01-16,landsat-7,165,0.0,34.04507781,132164,0.7143498024463146,0.33152,0.4122325,0.1052042359655146,0.1110197926839628,0.0476752102421915,0.0566513338134883,0.0732956041795238,0.0947325546337706,0.125863337014572,0.136758949493361,0.1454301450802037,0.0135437789413153,0.0387397475863321,0.6822811052934233,0.0359780272994158,0.0022850397990375
LE07_L2SP_166040_20120123_02_T1,2012-01-23,landsat-7,166,0.0,35.10035957,104972,0.5690649666059502,0.332235,0.4184475,0.1112544914181495,0.1180955652818206,0.0390555005009016,0.0683398946419863,0.0817483951005911,0.1004944108620028,0.1286790858437017,0.1369834421358237,0.1431946774871976,0.0093358228861029,0.0235586632625843,0.7557158099302671,0.0213580764394314,0.0010193194375643
LE07_L2SP_165040_20120304_02_T1,2012-03-04,landsat-7,165,0.0,46.44210086,131527,0.7109068011437034,0.3477725,0.43987,0.11059998671965,0.1181431361655333,0.048014147061518,0.0699555487422308,0.0823631247221586,0.0993414463794429,0.1292642207155403,0.1387188559696587,0.1436972910989138,0.0095417670896469,0.0208550335672523,0.7423798915811962,0.0288914063272179,0.0005017981098937
LE07_L2SP_166040_20120311_02_T1,2012-03-11,landsat-7,166,4.0,48.90845082,100444,0.5445181715673519,0.3547849999999999,0.4315925,0.0934471349182266,0.1010102958802955,0.032110475301396,0.0470510060009613,0.0583741467581296,0.0760827406793324,0.1162332194893522,0.1219183008773639,0.1248995908083363,0.008183664529489,0.0575345466130381,0.5097367687467643,9.955796264585242e-06,0.0
LE07_L2SP_165040_20120320_02_T1,2012-03-20,landsat-7,165,1.0,52.12536419,132122,0.7141227913714171,0.3514575,0.444765,0.1107274798146941,0.1159464955654947,0.0323518273323679,0.0720083790475411,0.0831716874499478,0.0985682897043694,0.1283737197343358,0.1364561728895702,0.1413440454981275,0.0062820726298421,0.0156294939525589,0.7331632884758027,0.0107022297573454,1.513752440925811e-05
LE07_L2SP_166040_20120428_02_T1,2012-04-28,landsat-7,166,2.0,64.02898204,40440,0.2192297684100962,0.38476,0.4981975,0.1264678822576558,0.1284744734276853,0.0118108667400867,0.106254518899164,0.1141059800038963,0.1223343268415809,0.1332770522109571,0.1373455059040658,0.1395823472082555,0.0004698318496538,0.001780415430267,0.9689416419386746,0.0010138476755687,0.0
LE07_L2SP_166040_20120530_02_T1,2012-05-30,landsat-7,166,1.0,67.92477087,64620,0.3503122560499609,0.37937,0.488765,0.1170493200308348,0.1236137299926401,0.0229072890635473,0.0820255460354902,0.0921038032967658,0.1084917839378603,0.1304831296486035,0.1350840290064334,0.1376870586508339,0.004348498916744,0.0092541008975549,0.8355462705044878,0.0007428040854224,0.0001238006809037
LE07_L2SP_165040_20120608_02_T1,2012-06-08,landsat-7,165,4.0,68.02199053,130747,0.7066908811813224,0.35033,0.44328,0.1130148751201085,0.1187003141035676,0.0259695857812941,0.0737673498348719,0.0844396203612634,0.0994010521534128,0.1298353470523348,0.1363698925640897,0.1419274989074961,0.005369148049286,0.0130633972481204,0.7428468722035687,0.0152814213710448,0.0003747695931837
LE07_L2SP_166040_20120615_02_T1,2012-06-15,landsat-7,166,1.0,67.88186768,108206,0.5865968427443837,0.33713,0.4488625,0.1367813439830453,0.1435972162836654,0.0308417103882426,0.0966654229784084,0.1078017757579879,0.123625279314228,0.1544206240998242,0.1607730477597352,0.1666961608188857,0.0058407112359758,0.0093248063878158,0.9382104504371293,0.3627432859545681,0.0016080439162338
LE07_L2SP_165040_20120624_02_T1,2012-06-24,landsat-7,165,1.0,67.50902064,129246,0.6985779377665353,0.355115,0.44702,0.113838754340572,0.1190641693947753,0.02948494327218,0.0722548534991482,0.0830381558337892,0.0979880462709281,0.1333135223572604,0.14044870684448,0.1460046016955554,0.0058957337170976,0.0148631292264364,0.7230629961468827,0.0308868359562384,0.0004874425514135
LE07_L2SP_166040_20120701_02_T1,2012-07-01,landsat-7,166,0.0,67.10647522,110963,0.601542848469078,0.3367175,0.4380274999999999,0.1283101096435949,0.1355852950498872,0.0319871441072183,0.0844707592796974,0.0962237305861977,0.1129485201676107,0.1469959534649365,0.154149104944493,0.1624913385390637,0.005821760406622,0.0111388480844966,0.8754089200904807,0.1777349206492254,0.0015320422122689
LE07_L2SP_165040_20120710_02_T1,2012-07-10,landsat-7,165,0.0,66.48941811,130082,0.7030965391621129,0.3374875,0.434095,0.1210867527874528,0.1272944486036123,0.0289364975302786,0.0804537946239577,0.0916568450600301,0.1077620285954269,0.1382608117174708,0.1461563875934037,0.1516043283737297,0.0066035270060423,0.0123921833920142,0.8350732614812195,0.0593779308436217,0.000761058409311
LE07_L2SP_166040_20120717_02_T1,2012-07-17,landsat-7,166,0.0,65.93046729,109925,0.5959157342354063,0.340485,0.4410525,0.126075226085684,0.1337599842387364,0.029423897655673,0.0830279899149113,0.0945227397216876,0.1108677422425644,0.1454005144578394,0.1517768887757432,0.1559266782987802,0.0064043666136001,0.012144644075506,0.8603411416875142,0.1248578576302024,0.0004366613600181
LE07_L2SP_165040_20120811_02_T1,2012-08-11,landsat-7,165,0.0,63.24207674,129926,0.7022533551696367,0.35022,0.4468275,0.1150440290433241,0.1223674553202132,0.035920252902351,0.072274585986093,0.0847714121132174,0.102017370543963,0.1327263632440536,0.140987674386961,0.1483292860605033,0.0080584332620106,0.0191647553222603,0.7709003586657021,0.0441328140633899,0.0011391099548974
LE07_L2SP_165040_20120827_02_T1,2012-08-27,landsat-7,165,0.0,60.65096143,129456,0.6997129931410225,0.3447199999999999,0.449055,0.1241760810654609,0.13253012029939,0.0351937902199739,0.0798239126445345,0.0921391160903921,0.1094661265103898,0.1429573309235294,0.1510455909638638,0.1576309937220835,0.0076319367198121,0.0142287727104189,0.8411506612285256,0.108925040168088,0.002062476826103
LE07_L2SP_166040_20120903_02_T1,2012-09-03,landsat-7,166,0.0,59.24125535,110462,0.598826871367855,0.346975,0.4502649999999999,0.1287487897288082,0.1356564687242423,0.0317378463592311,0.0865486239181119,0.0973693933579646,0.1142930792908721,0.1458743702839326,0.1534425351840472,0.1620754681822902,0.0058029005449837,0.0104922959931922,0.882249099237747,0.1515091162571744,0.0031141931161847
LE07_L2SP_165040_20120912_02_T1,2012-09-12,landsat-7,165,0.0,57.18462945,129929,0.7022695702464151,0.3295125,0.42678,0.1248087006460128,0.1320717270166622,0.0354994007856955,0.0811391176376287,0.0923499279041757,0.1090906756375864,0.1457914697688328,0.1531270029472479,0.1571578478957618,0.0073424716575976,0.0131995166590984,0.8422369140068807,0.1519368270363044,0.0014084615443819
LE07_L2SP_166040_20120919_02_T1,2012-09-19,landsat-7,166,0.0,55.40020858,110956,0.6015049006852285,0.345215,0.448285,0.1243901999192449,0.1321264101919969,0.0325689378187821,0.0807676518833812,0.091596140136571,0.1086153448566218,0.1426175962378587,0.1510153107232593,0.1580454356099174,0.0062997945131403,0.0121940228559068,0.8362864558924258,0.1130718483002271,0.0016943653340062
LE07_L2SP_165040_20120928_02_T1,2012-09-28,landsat-7,165,0.0,52.9139779,130284,0.7041883543318578,0.3380924999999999,0.4290075,0.1160025755544391,0.1231562683954249,0.0351603615501599,0.0716761386232537,0.083242263981134,0.1003314296023511,0.136243384125808,0.1445233187483314,0.1497520954476477,0.0078444014614227,0.0178916827852998,0.7539759295078444,0.0485094102115378,0.0006831230235485
LE07_L2SP_166040_20121005_02_T1,2012-10-05,landsat-7,166,0.0,50.8641983,108972,0.5907494145199064,0.3128475,0.4175125,0.135037570887679,0.1427948850740897,0.0410306439181051,0.0885505973820077,0.101295444564863,0.1192462677920268,0.156514508318158,0.1648576241860917,0.172080761653695,0.0067540285577946,0.011158829791139,0.9071963440149764,0.3788679660830305,0.0049095180413317
LE07_L2SP_165040_20121014_02_T1,2012-10-14,landsat-7,165,0.0,48.13910636,130304,0.7042964548437137,0.35275,0.4397049999999999,0.1064544966785012,0.1139458794113769,0.0359069595704957,0.0629285589534329,0.0740602119085755,0.0908451940410278,0.1265642797293187,0.1342150243169099,0.1398843929102985,0.0084571463654223,0.0250030697445972,0.6518986370333988,0.0142359405697445,0.0003913924361493
LE07_L2SP_165040_20121030_02_T1,2012-10-30,landsat-7,165,0.0,43.30014762,130815,0.7070584229216326,0.3140575,0.4112975,0.1315257694027944,0.1382467656505435,0.046199746382722,0.0879179060383878,0.0996862972658923,0.1187050358027826,0.1495426913353164,0.1598272642594553,0.1691132060956065,0.0067882123609677,0.0114895080839353,0.8988189427817911,0.2424186828727592,0.0077819821885869
LE07_L2SP_166040_20121106_02_T1,2012-11-06,landsat-7,166,0.0,41.29193746,109640,0.594370717321537,0.3108675,0.3985375,0.1226538254135844,0.1293012382517459,0.040951719818597,0.0800122723938311,0.0921002606567345,0.1104745374720791,0.140373973086915,0.1494257015243589,0.156399464739944,0.0066946369937978,0.0125045603794235,0.8466161984677125,0.093031740240788,0.0019153593578985
LE07_L2SP_165040_20121115_02_T1,2012-11-15,landsat-7,165,1.0,38.91371411,131095,0.7085718300876155,0.2591675,0.3597625,0.1528161163135432,0.1463874719079272,0.0563616892046713,0.1012715776070589,0.1185607742498603,0.1345754696945216,0.1727147137196564,0.2104058718300416,0.232164406803618,0.0087798924444105,0.0145619588847782,0.9524009306228308,0.4256531522941378,0.130821160227316
LE07_L2SP_166040_20121122_02_T1,2012-11-22,landsat-7,166,3.0,37.26665714,69537,0.3769678636481915,0.365895,0.4450125,0.0824139614485102,0.090808707420853,0.0445110327868652,0.0285545480658988,0.0460304585647925,0.0697518808192023,0.1050513463903996,0.113329277261569,0.1177024548711161,0.0200181198498641,0.1162977982944331,0.3443778132504997,0.0023296949825272,0.0002876166645095
LE07_L2SP_165040_20121201_02_T1,2012-12-01,landsat-7,165,1.0,35.4958916,130349,0.7045396809953896,0.3444175,0.4239475,0.1019995843811433,0.1071662817271103,0.0508775281413931,0.0580236059207975,0.0731233083935504,0.0920898008554754,0.1207715358813331,0.1320899172413552,0.1426166918712294,0.0120139011423179,0.0367705160760727,0.6314125923482343,0.0308326109137776,0.0024165893102363
LE07_L2SP_165040_20121217_02_T1,2012-12-17,landsat-7,165,0.0,33.48513041,131410,0.7102744131493463,0.32316,0.4062375,0.1093528763852522,0.1164658870380235,0.0480580776513635,0.0658214678786643,0.0801901741890776,0.1006475008675298,0.1268903055152353,0.1368573804189464,0.1444252422950116,0.0112624609999239,0.0277908834944068,0.7565025492732669,0.0303477665322273,0.0011414656418841
LE07_L2SP_166040_20130125_02_T1,2013-01-25,landsat-7,166,3.0,35.85142984,100258,0.5435098447393529,0.2860075,0.365125,0.1158562017874114,0.1251593872593352,0.0554957495671352,0.0647365442970461,0.0781509457517107,0.0990317457503197,0.1418793178871335,0.1529739781675034,0.1591335425483699,0.0104131341139859,0.0265714456701709,0.7429930778591235,0.1270522053102994,0.0001595882622833
LE07_L2SP_165040_20130203_02_T1,2013-02-03,landsat-7,165,0.0,37.81482029,132041,0.7136849842984007,0.307705,0.3801125,0.0998759974121888,0.1082292198092724,0.0628036932833727,0.0544696185331913,0.0702037021606325,0.0909265025737109,0.1192430004774653,0.1334100475201877,0.14271939296282,0.0141925614013829,0.0420323990275747,0.6315614089563091,0.0285290175021394,0.0011284373792988
LE07_L2SP_166040_20130210_02_T1,2013-02-10,landsat-7,166,0.0,39.64668445,97571,0.5289433168531529,0.3017924999999999,0.3843475,0.1125945571391842,0.1200669021176226,0.0488124161971863,0.0679654463141758,0.0814028155845533,0.1026685520723341,0.1316247080702591,0.1390579314052163,0.1480143825823749,0.0103309384960695,0.0239312910598436,0.7753840792858534,0.0373369136321243,0.0012401225774051
LE07_L2SP_166040_20130314_02_T1,2013-03-14,landsat-7,166,0.0,50.19800472,100485,0.54474043715847,0.3223625,0.4073925,0.1101124823810925,0.119614946080897,0.0390909883666622,0.0617705720844945,0.0753829177000276,0.0965092696412771,0.1302384571258446,0.1372600684663597,0.1417645121511224,0.008289794496691,0.0284420560282629,0.718515201273822,0.0134149375528685,0.0002288898840622
LE07_L2SP_166040_20130330_02_T1,2013-03-30,landsat-7,166,1.0,55.86936403,104564,0.5668531529187267,0.31898,0.40709,0.1161323975283365,0.1241592132865042,0.0331188110311344,0.0701917922928325,0.0822662887964753,0.1008807517650864,0.1355381465011647,0.14349816154394,0.1487590345070795,0.0061110898588424,0.0172717187559772,0.7572013312421101,0.0407405990589495,0.0002773421062698
LC08_L2SP_166040_20130330_02_T1,2013-03-30,landsat-8,166,1.56,56.71387959,184461,0.9999837366640644,0.3122975,0.403075,0.1225861492063765,0.1317151784439724,0.0363828382837127,0.0804068260586076,0.0909424044708046,0.1074409659454296,0.1414630485248177,0.1493737740640261,0.1550564997580235,0.0063048557689701,0.0124904451347439,0.8257409425298573,0.0932609060993922,0.0003686416098795
LE07_L2SP_165040_20130408_02_T1,2013-04-08,landsat-7,165,0.0,58.85599167,132055,0.7137606546566998,0.32965,0.4289525,0.1220057338413382,0.1298072013531863,0.0379521127640348,0.0759631641225499,0.088537139467277,0.1077823726540972,0.1419965024986823,0.1512475630488482,0.1567609866971835,0.0070273749574041,0.015963045700655,0.8235507932300935,0.1118397637348074,0.000355912309265
LE07_L2SP_166040_20130415_02_T1,2013-04-15,landsat-7,166,0.0,60.98938088,101574,0.5506440281030445,0.3192824999999999,0.4244975,0.1383303803541228,0.1440643818077818,0.0307503160685511,0.0975072784162241,0.1101140961010162,0.1272703514282162,0.1539199962122286,0.1602142539014305,0.166598789828421,0.0036032843050386,0.0066749364994979,0.9423671411975506,0.357857325693583,0.0035737491877842
LC08_L2SP_166040_20130423_02_T1,2013-04-23,landsat-8,166,0.07,64.24314659,159540,0.8648842050481395,0.325855,0.4255975,0.1281294482837575,0.1347481776848628,0.0275373092847671,0.0915727071133614,0.1022687785561392,0.116652984996454,0.1436072417228748,0.1489039981881968,0.1521098485674363,0.0037044001504324,0.0065876896076219,0.9139776858468096,0.0802118590948978,0.000589193932556
LC08_L2SP_165040_20130502_02_T1,2013-05-02,landsat-8,165,2.17,66.33257571,185007,0.9999675698464432,0.32888,0.4149,0.1103102158787699,0.1179611745258956,0.0332470714112933,0.0686120064539922,0.081023859557036,0.0978673150946324,0.1285982351377194,0.1338913839278588,0.1376884015609288,0.0067240699000578,0.0183993038101261,0.7245671785391904,0.0072537795867183,9.18884150329447e-05
LE07_L2SP_165040_20130510_02_T1,2013-05-10,landsat-7,165,1.0,66.5532789,132098,0.71399307075719,0.333115,0.4169075,0.1084947022724758,0.1157054151621738,0.0314070815931887,0.0660908260484751,0.0780776744790492,0.0946335951748045,0.1279028422329998,0.133962157221147,0.1371287600206331,0.0080167754243061,0.022112371118412,0.6883752971278899,0.0042392769004829,0.0001286923344789
LE07_L2SP_166040_20130517_02_T1,2013-05-17,landsat-7,166,2.0,67.41553069,92070,0.4991217798594848,0.339495,0.4284575,0.1116566483911625,0.1180190272356403,0.0254780078905427,0.0728460167188148,0.0834749596760223,0.0992624072056948,0.1268589029352571,0.1327984016876332,0.1370363195668106,0.0035190615835777,0.0117736504833279,0.7419463451721516,0.0107852720755946,0.0008906266970783
LC08_L2SP_165040_20130518_02_T1,2013-05-18,landsat-8,165,2.37,68.77828792,185011,0.9999891899488144,0.3457375,0.443005,0.1195299297317339,0.1263639586482256,0.0316392698379465,0.0820246909110644,0.0923350426528378,0.1071718104718395,0.1354765064211242,0.1413125211233314,0.1483538807883954,0.0052807670895244,0.0106804460275334,0.8336044883817719,0.0424299095729443,0.0013566760895298
LC08_L2SP_166040_20130525_02_T1,2013-05-25,landsat-8,166,1.45,69.33746981,106174,0.575581143204094,0.3540425,0.4688,0.1375540537195322,0.1427908993233825,0.0275968539735109,0.1031909708083,0.115551902188435,0.1332775717613945,0.1472621768592862,0.1519818984231987,0.1563463191154472,0.0026842729858534,0.0049729689001073,0.9579558083900012,0.1486710494094599,0.0050483169137453
LC08_L2SP_166040_20130610_02_T1,2013-06-10,landsat-8,166,1.62,69.63691099,123865,0.6714860352155434,0.35055,0.4538675,0.1251333821503969,0.1305934323241083,0.0215029704526993,0.090394887816692,0.0994169357700123,0.1137374111797155,0.1407870882327348,0.1442378560060818,0.1455965615584051,0.002002179792516,0.0041173858636418,0.8955637185645663,0.0098009930165906,0.0002583457796794
LE07_L2SP_166040_20130618_02_T1,2013-06-18,landsat-7,166,1.0,68.0254303,95264,0.5164368115187787,0.344005,0.4338475,0.1124924864268857,0.118119150585617,0.0279227557448408,0.0710883754403474,0.0827929196698106,0.0991248523639871,0.1303407426126714,0.1366755072224682,0.140128787654026,0.005563486731609,0.0162075915351024,0.7407310211622439,0.0130164595230097,0.0006613201209271
LC08_L2SP_166040_20130626_02_T1,2013-06-26,landsat-8,166,0.17,69.02220888,149661,0.8113290398126464,0.3405125,0.4437475,0.1298894590799066,0.1352697973506403,0.0280112680476329,0.091192065516668,0.1011928704441134,0.1156432784222847,0.1482275730008312,0.1525142482315847,0.1544023278111048,0.0032339754511863,0.0064278602976059,0.907978698525334,0.198094359920086,0.0034210649400979
LE07_L2SP_165040_20130627_02_T1,2013-06-27,landsat-7,165,1.0,67.56088279,132512,0.7162307513526076,0.3484325,0.4454525,0.1183377297770927,0.1224473728245274,0.0291158265631094,0.0758851177311579,0.0872919650431067,0.1035073929273736,0.1374280655466974,0.1459035639424139,0.1510563949563655,0.0051391572084037,0.0123234122192707,0.7895586814779039,0.0551799082347259,0.0008074740400869
LE07_L2SP_166040_20130704_02_T1,2013-07-04,landsat-7,166,0.0,67.10006612,103026,0.5585154826958105,0.345545,0.4418775,0.1213065842809873,0.1255494567928583,0.0292785568098388,0.0807205748524801,0.0917537344595991,0.1075809382197197,0.1397149082599959,0.1480745409885434,0.1516136093531089,0.0052025702249917,0.0103954341622503,0.8348669267951779,0.0655465610622561,0.0016694814901092
LC08_L2SP_165040_20130705_02_T1,2013-07-05,landsat-8,165,0.0,68.44183693,185009,0.9999783798976288,0.3554725,0.465005,0.1311497079563917,0.1362194956200882,0.0323655729661831,0.0911473913673514,0.1013299859437579,0.1164579204462572,0.1498307218089057,0.1558893131441664,0.1617439441065522,0.0041727699733526,0.0074104503024177,0.9086368771248966,0.2456366987551957,0.0044484322384316
LC08_L2SP_166040_20130712_02_T1,2013-07-12,landsat-8,166,0.0,67.90331468,141837,0.7689142596929482,0.332895,0.4274675,0.1233000099150955,0.127585334452898,0.0228044269070429,0.086073109565181,0.0952979853640348,0.1089555295926088,0.1425214516663567,0.1475448260779015,0.1488569599515269,0.0024817219766351,0.0059645931597538,0.8583937900547812,0.0220182321961124,0.000119855890917
LE07_L2SP_165040_20130713_02_T1,2013-07-13,landsat-7,165,0.0,66.40536731,131401,0.710225767919011,0.347305,0.4461675,0.1203207210492156,0.1251299717551966,0.0295852406767209,0.0787881060631638,0.0911551937989274,0.1073438277805353,0.1377886454845686,0.1462503431965932,0.1513351094169412,0.0057153294114961,0.0124199968036772,0.8309069185166018,0.0651821523428284,0.0009665071042077
LE07_L2SP_166040_20130720_02_T1,2013-07-20,landsat-7,166,0.0,65.78821508,104851,0.568409012056553,0.3424649999999999,0.4320325,0.1113880674930699,0.1156291838235493,0.0320706961594761,0.0681931967778041,0.0803193172913958,0.0975952230518469,0.1317783120717287,0.1396995575229623,0.1440648213624921,0.0072960677532879,0.0209344689130289,0.7210231662072846,0.0224699812114333,0.0004482551430124
LC08_L2SP_165040_20130721_02_T1,2013-07-21,landsat-8,165,0.02,67.10843544,185009,0.9999783798976288,0.34263,0.44064,0.1244152541703889,0.1289860214467264,0.0297043148252588,0.0848098964630918,0.0945078234742158,0.1089204044238014,0.1441705967685395,0.1497331569680732,0.1546114122377054,0.0043241139620234,0.008383375943873,0.8528666172996989,0.0947683626201968,0.0023134009696825
LC08_L2SP_166040_20130728_02_T1,2013-07-28,landsat-8,166,0.09,66.39298971,144257,0.7820333506808916,0.346425,0.4480925,0.1291395546636996,0.1334099754558808,0.0271032798682018,0.0906281967497524,0.1004185906753018,0.1147714803661445,0.1478370679264472,0.1522362144830293,0.1545161943288078,0.0028698780648426,0.0061210201238068,0.90310348891215,0.1809548236827329,0.0033481910756497
LE07_L2SP_166040_20130805_02_T1,2013-08-05,landsat-7,166,2.0,64.06615951,98990,0.5366358747506288,0.3471125,0.4150375,0.0938471691442967,0.0936479550955684,0.0284554989348809,0.0504190569191502,0.0587842620019962,0.0721911061000616,0.1192022542491173,0.1299399670706438,0.1334196037402457,0.0047176482472977,0.0481765834932821,0.4407212849782806,4.0408122032528536e-05,0.0
LC08_L2SP_166040_20130813_02_T1,2013-08-13,landsat-8,166,0.0,64.31960499,138951,0.7532689305230289,0.343675,0.4480925,0.1338990898123611,0.1377103161602702,0.0282525819968689,0.0953082900217687,0.1051551611492993,0.1199839125789945,0.1525451579057664,0.1580007451738344,0.1601084705545293,0.0024756928701484,0.0049082050507013,0.9302200056134896,0.2915128354599823,0.0039222459716015
LC08_L2SP_165040_20130822_02_T1,2013-08-22,landsat-8,165,0.0,62.8225735,185010,0.9999837849232216,0.326735,0.4262025,0.1303954184323802,0.1342224043356855,0.0311389924571023,0.0904458355476552,0.1018081398884113,0.1168189042447025,0.1501393215668519,0.1588332410989407,0.1614535087018173,0.0057726609372466,0.0092643640884276,0.9112534457596888,0.2516296416409924,0.0010323766282903
LC08_L2SP_166040_20130829_02_T1,2013-08-29,landsat-8,166,0.0,61.46202025,121931,0.6610016046491456,0.34109,0.446855,0.1360086033972888,0.1397481376867064,0.0273312103274541,0.09776032489728,0.1076507340081803,0.1244497022180545,0.1539222481774426,0.1586873809170161,0.1607790958407374,0.002485012014992,0.0049618226701987,0.942098399914706,0.3208782016058262,0.0026244351313447
LC08_L2SP_165040_20130907_02_T1,2013-09-07,landsat-8,165,0.05,59.45651343,185007,0.9999675698464432,0.3418325,0.4313174999999999,0.1155949035498862,0.1182452833114265,0.0296622198943739,0.0777025535266121,0.0877806027112415,0.1015698426232773,0.1350375285290733,0.1422299562829509,0.1463904595051502,0.0054970892993238,0.0110320150048376,0.7707816460998773,0.0372904809007226,0.0008810477441394
LC08_L2SP_166040_20130914_02_T1,2013-09-14,landsat-8,166,0.0,57.70457178,129551,0.702310477925232,0.3497524999999999,0.45461,0.1342666612721502,0.1382115921783926,0.0292431515171967,0.0955615493592495,0.1059099228062899,0.1219297137415858,0.1511785941914111,0.1559431548814849,0.1585799552358515,0.0023697231206243,0.0051022377287709,0.9323509660288226,0.2799746817855516,0.0054187154093754
LE07_L2SP_166040_20130922_02_T1,2013-09-22,landsat-7,166,0.0,54.69098628,110934,0.6013856362217018,0.345545,0.4237825,0.1010142688628378,0.1048514247182552,0.0316563386729824,0.0597456080058057,0.0709059084593526,0.086807540363754,0.1205737226897838,0.1291389358153989,0.1336706135949465,0.007382768132403,0.0280527160293507,0.5738006382173184,0.0078695440532208,0.000549876503146
LC08_L2SP_165040_20130923_02_T1,2013-09-23,landsat-8,165,0.0,55.24203886,185008,0.999972974872036,0.337955,0.422545,0.1110567086039689,0.114449746171856,0.030000533007344,0.0735124927607832,0.0827525804804864,0.0969110714938835,0.1294188973699775,0.1366456792590464,0.1415180909493139,0.0051781544581855,0.0125345930986768,0.7084558505578137,0.022507134826602,0.0018053273371962
LE07_L2SP_166040_20131008_02_T1,2013-10-08,landsat-7,166,0.0,50.06168296,107095,0.5805739873362824,0.3433725,0.4301075,0.1122260027838853,0.1151265332228378,0.0322538833844748,0.0704688115492395,0.0809593689628351,0.0969141823866458,0.133072220485499,0.1426133548044499,0.147037042124605,0.0065269153555254,0.0167141323124328,0.7132452495447966,0.0346514776600214,0.0011671880106447
LC08_L2SP_165040_20131009_02_T1,2013-10-09,landsat-8,165,0.54,50.42674463,185011,0.9999891899488144,0.3488725,0.44592,0.1215061905814803,0.1258565894544865,0.039830298410693,0.081549521543075,0.0915316619734882,0.1061026685939403,0.1430017244463738,0.1497847665819968,0.155152288666556,0.006783380447649,0.0114155374545297,0.8220700390787575,0.096042937987471,0.0037889638994438
LC08_L2SP_166040_20131016_02_T1,2013-10-16,landsat-8,166,0.01,48.23565387,131161,0.7110384682105994,0.3385324999999999,0.4411624999999999,0.1351481421475318,0.1396369165355161,0.0267951809083077,0.0975912783852182,0.1074793413041658,0.1231519127579208,0.1508227688778553,0.1562382738758502,0.1588727618766522,0.0025007433612125,0.0052683343371886,0.940744581087366,0.2713459031266916,0.0047041422374028
LE07_L2SP_165040_20131017_02_T1,2013-10-17,landsat-7,165,0.0,47.3198434,131673,0.7116959348802516,0.3418325,0.434095,0.1166253484923567,0.121425338824497,0.0337883591126791,0.0739330678762889,0.0865008982182846,0.1028884659348093,0.1358456071260169,0.144324582692821,0.1503802614601235,0.0076477334001655,0.0168751376516066,0.783410418233047,0.0554631549368511,0.0013898065662664
LE07_L2SP_166040_20131024_02_T1,2013-10-24,landsat-7,166,0.0,45.18810237,105689,0.5729519038945269,0.334655,0.429475,0.1215768168127154,0.1266407745131212,0.0340221397490773,0.078849919085463,0.0912447073468961,0.1083582332610177,0.1408631633111016,0.1489416320069579,0.1531969668057858,0.0079762321528257,0.0156875360728174,0.8355268760230488,0.078958075107154,0.002403277540709
LC08_L2SP_165040_20131025_02_T1,2013-10-25,landsat-8,165,2.9,45.43842742,185002,0.9999405447184792,0.33471,0.41974,0.1118437168138868,0.1157823790772683,0.0285553495288048,0.0736852312942269,0.0836492630215985,0.0974326987669141,0.1308962238299267,0.1375084830292015,0.1410440149727378,0.00611344742219,0.0132755321564091,0.7155598317856023,0.0150917287380676,0.0009243143317369
LE07_L2SP_166040_20131125_02_T1,2013-11-25,landsat-7,166,4.0,36.70779693,107009,0.5801077717061324,0.30468,0.3807175,0.0973720592086733,0.1142652970317885,0.0847540397430734,0.0232948802858929,0.0590552745981549,0.0924937635250399,0.1281981828417095,0.1400820767301779,0.1491424794121991,0.0379126989318655,0.0816099580409124,0.6875216103318412,0.046697006793821,0.002233456998944
LC08_L2SP_165040_20131126_02_T1,2013-11-26,landsat-8,165,1.04,36.9547505,185008,0.999972974872036,0.3147175,0.3980425,0.106119701822823,0.1206182328734838,0.0745939868481852,0.0419235550238621,0.0686549706260421,0.0987592938296448,0.1323951937417927,0.1437907592605443,0.153181509811999,0.0267447894145118,0.0604514399377324,0.7400923203320937,0.0629053878751189,0.0059078526333996
LC08_L2SP_166040_20131203_02_T1,2013-12-03,landsat-8,166,0.11,35.66942919,115215,0.6245934166016133,0.3484875,0.452355,0.1236748639107651,0.1361211297584229,0.0597285400656133,0.041534272957536,0.0719296821531943,0.1174195936458084,0.1463419864208245,0.1583406851615876,0.169012560001059,0.0187909560387102,0.0609729635898103,0.8231219893243067,0.1878574838345701,0.0122466692704942
LE07_L2SP_165040_20131220_02_T1,2013-12-20,landsat-7,165,0.0,33.33377083,130837,0.707177333484674,0.3285499999999999,0.4015074999999999,0.0935929300983085,0.1019435069342038,0.0571461494044637,0.0443151297275851,0.0619858976156301,0.0843491365286424,0.1148036522594314,0.1263285764937597,0.133642479844019,0.0188631656182884,0.0618479482103686,0.5435847657772649,0.0164250173880477,0.0011770370766679
LE07_L2SP_166040_20131227_02_T1,2013-12-27,landsat-7,166,0.0,33.11433182,103806,0.562743950039032,0.3072649999999999,0.3989775,0.1222520288429238,0.1294666104516205,0.0638504643479624,0.0746130209429183,0.0928996167992309,0.1141443371268536,0.1425889651411233,0.1555061595636833,0.1650674486011941,0.0133229293104444,0.0247480877791264,0.8628017648305493,0.1402134751363119,0.0067818815868061
LC08_L2SP_165040_20131228_02_T1,2013-12-28,landsat-8,165,0.83,33.57241601,184685,0.9982271516055627,0.28026,0.36826,0.1262635938455945,0.133254810375683,0.0566619689808727,0.0822522474508115,0.0965918118554599,0.1164582910724663,0.1471912701618029,0.1569458942429747,0.164153250232322,0.011284078295476,0.0192273330265045,0.8814467877737769,0.1961556163196794,0.0052088691555892
LE07_L2SP_165040_20140121_02_T1,2014-01-21,landsat-7,165,0.0,35.12661826,136069,0.7354564273861837,0.2924975,0.3507425,0.0837446135935493,0.0983749946764865,0.0836188862083519,-0.0040477316810545,0.0347989081721873,0.0765449894734133,0.1134203794408125,0.1313471713359416,0.1438453589908421,0.0533920290440879,0.1348360023223511,0.4732378425651691,0.0370914756483842,0.0041449558679787
LE07_L2SP_166040_20140213_02_T1,2014-02-13,landsat-7,166,0.0,40.48714697,77087,0.4178972590857837,0.300445,0.3867124999999999,0.1189050676377715,0.1252499730217321,0.0605058219659426,0.0721926705284952,0.0896291919760302,0.110051839708495,0.1377187459980242,0.1524516660675611,0.1627263158281204,0.0098589904912631,0.0230129593835536,0.8477823757572612,0.1177241298792273,0.0071347957502562
LC08_L2SP_165040_20140214_02_T1,2014-02-14,landsat-8,165,0.69,41.30344158,184981,0.9998270391810306,0.27014,0.35605,0.1292647714116448,0.1360706157734184,0.0705208353279338,0.0827618950451302,0.1013842887181177,0.1222418332967731,0.150230919417442,0.1636646612785552,0.1737272386639406,0.0126121061081948,0.0216184364880717,0.9056876111600652,0.2540531189689752,0.012017450440856
LC08_L2SP_166040_20140221_02_T1,2014-02-21,landsat-8,166,0.1,43.47188508,120675,0.6541926880041634,0.2802875,0.3713675,0.1379401915100006,0.1435598420849676,0.0480609280259362,0.0954533974358536,0.1109931337097353,0.1320928006152318,0.1517756838454266,0.1612454070269187,0.1698158562121544,0.0061653200745804,0.0118997306815827,0.9389268696913196,0.2971452247772944,0.0122974932670395
LE07_L2SP_165040_20140222_02_T1,2014-02-22,landsat-7,165,2.0,43.27225216,131398,0.7102095528422327,0.27982,0.3566275,0.1157836061135574,0.126607534379998,0.0651903177755511,0.0678033033736256,0.0825735145283339,0.1037828126488887,0.1405986451573432,0.1487314207822661,0.1550658592939023,0.0133030944154401,0.0264692004444512,0.7823635062938553,0.0771625138891003,0.0038052329563615
LE07_L2SP_166040_20140301_02_T1,2014-03-01,landsat-7,166,1.0,45.61902168,109213,0.5920559025067221,0.2713225,0.3451325,0.1160320750230115,0.1245662197727887,0.0490585105674132,0.0683788092582601,0.0820559632300554,0.1020075176545757,0.137892479665553,0.1487441282081065,0.154343014678541,0.0100812174374845,0.0239440359664142,0.7699449699211632,0.0802010749636032,0.0023440432915495
LC08_L2SP_165040_20140302_02_T1,2014-03-02,landsat-8,165,0.72,46.48372286,184919,0.9994919275942772,0.2685725,0.3484875,0.1273983246564964,0.1355896421097675,0.0555108757640243,0.0835378581042649,0.0959766470179323,0.1144913396045384,0.1495887084335315,0.1581497726037705,0.1636319518187035,0.0097718460515144,0.0168019511245464,0.8745450710851779,0.2404458168170929,0.0061864924642681
LE07_L2SP_166040_20140317_02_T1,2014-03-17,landsat-7,166,1.0,51.31125321,109099,0.5914378957411744,0.279435,0.358195,0.1116941206337553,0.1212321706426488,0.0571796695417792,0.0632137997255642,0.0777556450780479,0.1001548208463893,0.1333352453724927,0.1441344904620706,0.1510392824991693,0.0123924142292779,0.0280662517529949,0.7506484935700602,0.0553167306758082,0.0029881117150478
LC08_L2SP_165040_20140318_02_T1,2014-03-18,landsat-8,165,2.08,52.18235118,185009,0.9999783798976288,0.284,0.3721374999999999,0.1253070184913479,0.1346535696352903,0.0539590830961272,0.0813699467837609,0.0934681898993911,0.1126201268978338,0.1445148316717394,0.1549549433668082,0.164247143456778,0.0094860250041889,0.0170748450075401,0.8581312260484625,0.1538465696263425,0.0054700041619596
LC08_L2SP_165040_20140403_02_T1,2014-04-03,landsat-8,165,3.23,57.80943292,185010,0.9999837849232216,0.28026,0.3693599999999999,0.1284662493749343,0.133290712838522,0.0417806941702219,0.0877780801791118,0.1001840238265295,0.1168334745562652,0.1472321563578575,0.1574278691575807,0.1620593772454932,0.008442786876385,0.0142262580401059,0.9010702124209502,0.2072266363980325,0.0035944003026863
LE07_L2SP_166040_20140418_02_T1,2014-04-18,landsat-7,166,3.0,61.98590731,107556,0.5830731199583659,0.2945325,0.3697175,0.108611601619236,0.1145789198020501,0.030993476348245,0.0651883136743657,0.0773516638566762,0.095088461336417,0.1275261996635344,0.1346844756603682,0.1394197755328225,0.0075216631336234,0.0223046598980995,0.6949867975752166,0.0109245416341254,0.0003904942541559
LE07_L2SP_166040_20140504_02_T1,2014-05-04,landsat-7,166,2.0,65.77969147,107826,0.5845368201925579,0.299895,0.39598,0.1310284041791624,0.1383615425125821,0.0401413033001856,0.0867381539906324,0.09973985495449,0.1187441508938755,0.1493523215221403,0.1582110866307065,0.1651462166500888,0.0086342811566783,0.0146068666184408,0.8991801606291618,0.2254836495835883,0.0034685511843154
LC08_L2SP_165040_20140505_02_T1,2014-05-05,landsat-8,165,0.33,66.42540355,184992,0.9998864944625512,0.3093825,0.41226,0.1332392153433615,0.1413279489786802,0.0471292520209775,0.089316156818278,0.1021313590730895,0.1202552229163534,0.1518669918056792,0.162771413410831,0.169444414203834,0.007648979415326,0.0130492129389379,0.9106826241134752,0.2826716830998097,0.0062218906763535
LE07_L2SP_166040_20140605_02_T1,2014-06-05,landsat-7,166,2.0,68.6830212,105856,0.5738572295949345,0.31733,0.4028,0.1148791272647493,0.1194662649145043,0.0322674532482396,0.0732675552876097,0.0839745836088947,0.1006735539480079,0.1341719157046748,0.1416333472751539,0.1461247209690613,0.0056208434099153,0.014935383917775,0.7575668833131801,0.0318451481257557,0.0008785519951632
LC08_L2SP_165040_20140606_02_T1,2014-06-06,landsat-8,165,0.79,69.17374026,185012,0.9999945949744072,0.323765,0.4088225,0.1127163641000594,0.1183231330412414,0.0313153253713033,0.0738551937673548,0.0834939547025965,0.0990325065250649,0.1318128093726296,0.1368899454845464,0.1410056152444608,0.0064698506042851,0.013420751086416,0.7387088405076427,0.0169070114370959,0.0009026441528117
LC08_L2SP_166040_20140613_02_T1,2014-06-13,landsat-8,166,0.12,69.09208956,142334,0.7716085523462572,0.316615,0.4125625,0.1280537391617385,0.1335426752745849,0.0312717520520787,0.090328302934511,0.1006608506341636,0.1154330371528072,0.1440358940445951,0.1487659369837914,0.1539116207480197,0.0035128641083648,0.0082060505571402,0.9044219933396096,0.0813017269239956,0.0040959995503533
LE07_L2SP_165040_20140614_02_T1,2014-06-14,landsat-7,165,0.0,68.57101217,130738,0.7066422359509872,0.3192275,0.39642,0.1082015442827057,0.1123555505334964,0.0303641408161675,0.0670555092736573,0.0777856702644431,0.0946434311688722,0.1272587587507228,0.1353150699803036,0.1405611344335947,0.0076718322140464,0.0190074806100751,0.6840474842815402,0.015756704248191,0.0007342930135079
LE07_L2SP_166040_20140621_02_T1,2014-06-21,landsat-7,166,1.0,68.31038064,110224,0.5975366467169746,0.3101525,0.3947974999999999,0.1174458395267104,0.1217967095067285,0.0357881592994196,0.0745316858042423,0.0854419693476798,0.1032283800120442,0.1384417806638792,0.1470666723593405,0.1512146090163849,0.0075391929162432,0.0145249673392364,0.7829420089998549,0.062690521120627,0.0021048047612135
LC08_L2SP_165040_20140622_02_T1,2014-06-22,landsat-8,165,2.45,68.76561838,185011,0.9999891899488144,0.321345,0.4136625,0.1229027362356426,0.1264196436958971,0.0324686549408974,0.0834856961995263,0.0929509938449212,0.1074536402936352,0.1438445333020822,0.1513349544115115,0.1544498224554109,0.0058320856597715,0.0105723443470928,0.8371340082481582,0.132175924674749,0.0019025895757549
LC08_L2SP_166040_20140629_02_T1,2014-06-29,landsat-8,166,0.0,68.38305776,160518,0.8701860525631018,0.3065775,0.39763,0.1260986021162414,0.1292482913189846,0.0293027658304845,0.0898031920399545,0.0986605363249922,0.1118475915370084,0.1451237793590082,0.1506734185397505,0.1524317973915104,0.0038001968626571,0.0076751516963829,0.8892896746782293,0.1235437770218916,0.0034637859928481
LE07_L2SP_166040_20140707_02_T1,2014-07-07,landsat-7,166,0.0,67.33990566,108300,0.5871064272703617,0.3129575,0.39686,0.1150351904090609,0.1199973499002637,0.036541423980785,0.0708063338268782,0.0826171898031448,0.100330003620769,0.1363641548350553,0.1445405501406943,0.1493223652255272,0.0081532779316712,0.0191135734072022,0.7528716528162511,0.0436934441366574,0.0020036934441366
LC08_L2SP_165040_20140708_02_T1,2014-07-08,landsat-8,165,0.0,67.77530865,185005,0.9999567597952576,0.3269275,0.42634,0.1279570578542245,0.1334945404672493,0.0367677802318648,0.0873594977418276,0.0974143055629898,0.112495761705917,0.1481942391760793,0.154112278508898,0.1595063827651274,0.0056539012459122,0.0103024242588038,0.8801221588605713,0.1969135969298127,0.0046269019756222
LC08_L2SP_166040_20140715_02_T1,2014-07-15,landsat-8,166,0.0,67.22518028,152087,0.8244806574724608,0.32041,0.41094,0.1205253780018676,0.1241872516567175,0.0304191795225697,0.0816085397636812,0.0910170492821118,0.1048400358608535,0.1409963509319133,0.1466284449497124,0.1483777555028948,0.004214692906034,0.0091789567813159,0.8115289275217474,0.031547732547818,0.0030311597966953
LE07_L2SP_165040_20140716_02_T1,2014-07-16,landsat-7,165,0.0,66.63626121,130517,0.7054477252949792,0.32943,0.4138825,0.1113132792106553,0.1141094061185998,0.0322853158544712,0.0681781733571675,0.0789008132639201,0.095086329224071,0.1327768390701555,0.1425016121593723,0.1475697449921834,0.0068496824168499,0.0181968632438686,0.6927756537462553,0.0392362680723583,0.0011645992476075
LE07_L2SP_166040_20140723_02_T1,2014-07-23,landsat-7,166,0.0,65.99963389,108437,0.5878491196114147,0.32547,0.402195,0.1056743002423383,0.1096014129763235,0.0392655310586804,0.0618149768185324,0.0731964785444343,0.0903054402227898,0.128017354549081,0.1369072632165294,0.1414339755034513,0.0084011914752344,0.0254064572055663,0.6319983031622047,0.0196058540903935,0.0023239300238848
LC08_L2SP_165040_20140724_02_T1,2014-07-24,landsat-8,165,0.0,66.406458,185012,0.9999945949744072,0.3242325,0.410005,0.115039525023222,0.1178878596733043,0.033238955983181,0.0749403915345223,0.0843400906534025,0.0986332864880957,0.1370826817466209,0.1443029981859145,0.1476738596483489,0.0056915227120403,0.0127613343999308,0.7327578751648541,0.0387758631872527,0.0019187944565757
LC08_L2SP_166040_20140731_02_T1,2014-07-31,landsat-8,166,0.0,65.66411379,151785,0.822843481654957,0.3078975,0.397025,0.1235050210913008,0.1273413659282709,0.030853169688151,0.0844613324795479,0.0943778836910611,0.1092878600105143,0.1419506882062968,0.1468249615689208,0.1495975082981016,0.0039397832460388,0.0083802747307046,0.8528642487729354,0.0463023355404025,0.0051190829133313
LE07_L2SP_165040_20140801_02_T1,2014-08-01,landsat-7,165,0.0,65.05551717,132016,0.7135498586585808,0.33131375,0.41721,0.1126251970017592,0.1173982651938373,0.036826987888527,0.068009066878398,0.0794048259180728,0.0969752350625856,0.1337294929657851,0.1420692132629731,0.1478731558826179,0.0075066658586837,0.018899224336444,0.717822082171858,0.0397603320809598,0.0033253545024845
LE07_L2SP_166040_20140808_02_T1,2014-08-08,landsat-7,166,0.0,64.19822925,104014,0.5638715413305577,0.3194475,0.398345,0.1067074349249545,0.1098674261583418,0.0330294301911806,0.0622775725435006,0.0741729201829349,0.0909224901910725,0.1279092997658258,0.1375427569039965,0.1423445383230494,0.0072682523506451,0.0255734804930105,0.6401253677389582,0.0187667044820889,0.0017689926356067
LC08_L2SP_165040_20140809_02_T1,2014-08-09,landsat-8,165,0.21,64.54803272,185012,0.9999945949744072,0.3265425,0.4108025,0.1131178843284244,0.1152894214985098,0.0315229372611091,0.0717925385468702,0.081694250864514,0.0967688205390786,0.1350343112936495,0.1441077234249405,0.1475980169333301,0.0060644714937409,0.0137882948133094,0.7101539359609107,0.0360084751259377,0.0018106933604306
LC08_L2SP_166040_20140816_02_T1,2014-08-16,landsat-8,166,0.0,63.52300024,142604,0.7730722525804493,0.3082824999999999,0.3972725,0.1250173114260934,0.1277408690600275,0.0291350954076524,0.0872040472437898,0.0967952849703478,0.111258361344731,0.1441564040228015,0.1492484281102793,0.1512901924889628,0.0036674988078875,0.007489270988191,0.8742111020728731,0.0776065187512271,0.0040601946649462
LE07_L2SP_165040_20140817_02_T1,2014-08-17,landsat-7,165,0.0,62.90279422,131287,0.7096095950014323,0.32921,0.4159725,0.1150092942157754,0.1186300518642042,0.0363461649573867,0.0708245470756575,0.0824539954921277,0.0997851153984463,0.136615518906381,0.1458252947998135,0.1512318654188433,0.0079520439952165,0.0180749045983227,0.7478882143700443,0.0586120484130188,0.0028791883430956
LE07_L2SP_166040_20140824_02_T1,2014-08-24,landsat-7,166,0.0,61.71204672,109902,0.5957910486599011,0.311005,0.38718,0.1046110587165478,0.1093479791412723,0.0351569485977003,0.0591271098971647,0.0706613245625594,0.0882610478743858,0.1263001275545665,0.1351031200096732,0.1394488547327713,0.0077341631635457,0.0305271969572892,0.6171043293115684,0.0125566413714036,0.0019107932521701
LC08_L2SP_165040_20140825_02_T1,2014-08-25,landsat-8,165,0.04,61.97011072,185011,0.9999891899488144,0.307705,0.39169,0.1129555058640134,0.119364751824812,0.0343866776635881,0.0702384056545993,0.0813870989916931,0.0973742971581196,0.1323327615188793,0.1393848183214407,0.145260676379024,0.0064050245661068,0.0169016977368913,0.718130273335099,0.0280523860743415,0.0026755165909054
LC08_L2SP_166040_20140901_02_T1,2014-09-01,landsat-8,166,0.0,60.56430995,149591,0.8109495619741521,0.28191,0.3851175,0.146567693268354,0.1535940625536627,0.0331833779583802,0.1036973210713148,0.1156783476177976,0.1320339790875433,0.1644190590191234,0.1708476904932399,0.1771355435852201,0.0041112098989912,0.0068854409690422,0.959522965953834,0.5449659404643328,0.0075071361244994
LE07_L2SP_166040_20140909_02_T1,2014-09-09,landsat-7,166,0.0,58.36079122,109674,0.5945550351288056,0.300225,0.3845125,0.1170820872987194,0.1241517373138524,0.0395506268580163,0.0670305728436452,0.0806106562998103,0.10051836541707,0.1387415239214166,0.1484945622714945,0.1561561067301595,0.0091088133924175,0.0240986924886481,0.7523478673158633,0.0855900213359593,0.003346280795813
LC08_L2SP_165040_20140910_02_T1,2014-09-10,landsat-8,165,0.62,58.51013758,185010,0.9999837849232216,0.3113625,0.397025,0.1150919534671189,0.1204717384708161,0.0315675135301629,0.0736831782489889,0.0848826798662262,0.0998786939135414,0.1347554060872419,0.1412832607411195,0.1455439605000784,0.0060050808064428,0.0141938273606832,0.7485271066428841,0.0262904707853629,0.0017296362358791
LC08_L2SP_166040_20140917_02_T1,2014-09-17,landsat-8,166,0.01,56.7236527,152784,0.8282591725214676,0.296485,0.3907275,0.1305117420266185,0.1366566236100743,0.031952299761674,0.0892894124922401,0.0997891555270234,0.1152098516634275,0.1480245235427913,0.1539172834928132,0.1609598396974094,0.0040449261702796,0.0084367473033825,0.8986150382238978,0.1819627709707822,0.005007068803016
LE07_L2SP_165040_20140918_02_T1,2014-09-18,landsat-7,165,0.0,56.1215181,129214,0.6984049769475659,0.3175225,0.4063475,0.1151339539839644,0.1214726090012834,0.0379706989692446,0.0692952991641847,0.0822871636816759,0.1003632001338789,0.1350202130453626,0.1436408493909849,0.1503546625192301,0.0081724890491742,0.0209187858900738,0.7538502019904963,0.0537016112805114,0.0026932066184778
LE07_L2SP_166040_20140925_02_T1,2014-09-25,landsat-7,166,0.0,54.2039262,111846,0.6063296903460837,0.31876,0.400655,0.108993722730977,0.1148151637003652,0.03055397470038,0.0640521412079045,0.0756822787889473,0.0936253590142186,0.1279028236000682,0.1364962580461915,0.1421944839279799,0.0063480142338572,0.0237111742932246,0.6813475671906014,0.0210557373531462,0.001072903814173
LC08_L2SP_165040_20140926_02_T1,2014-09-26,landsat-8,165,0.17,54.22215377,185011,0.9999891899488144,0.321895,0.403955,0.1084206649953414,0.113539386030676,0.0301330351169367,0.0679906790692919,0.0785746389183501,0.0929259446881305,0.1277367103018768,0.1329588923221688,0.1384123856599896,0.005918567004124,0.0173070790385436,0.6600472404343526,0.0108101680440622,0.001567474366389
LC08_L2SP_166040_20141003_02_T1,2014-10-03,landsat-8,166,0.0,52.1500002,148526,0.8051760777170613,0.3083925,0.3950174999999999,0.1164493252316547,0.1229340449366992,0.0305387293467745,0.075088117446215,0.0857297785810417,0.1014331219232479,0.1339478877469017,0.1393765439468456,0.1452980988231572,0.0043426740099376,0.0127654417408399,0.768060810901795,0.0314827033650673,0.0032115589189771
LE07_L2SP_165040_20141004_02_T1,2014-10-04,landsat-7,165,0.0,51.58232774,130244,0.7039721533081459,0.319695,0.3993625,0.1046560871328374,0.1106577280254195,0.0331077856738456,0.058031062481181,0.0713144528079875,0.0894184789612548,0.1250848821717386,0.1334238892028272,0.1388202926721783,0.008852615091674,0.0339363041675624,0.6319293019256166,0.0139660944074199,0.0008445686557538
LE07_L2SP_166040_20141011_02_T1,2014-10-11,landsat-7,166,0.0,49.46049784,110932,0.6013747939977448,0.3088325,0.3877575,0.1082792024167373,0.1141529902813069,0.0308421464662954,0.0616716552501349,0.0750148680697616,0.0931333734301251,0.128247808970076,0.1364957466688852,0.1418094006611448,0.0075722063967114,0.0287202971189557,0.6752605199581726,0.0176865106551761,0.0005949590740273
LC08_L2SP_165040_20141012_02_T1,2014-10-12,landsat-8,165,0.06,49.39167413,185010,0.9999837849232216,0.309465,0.3912225,0.1106078920191946,0.1165106883363165,0.0322712168978546,0.0681469388852989,0.0791472472030274,0.0948481000320628,0.1307406824523362,0.1360859829140218,0.1418057269235683,0.0065509972433922,0.0185233230636181,0.6871358304956489,0.0165234311658829,0.0016593697637965
LC08_L2SP_166040_20141019_02_T1,2014-10-19,landsat-8,166,0.01,47.21380931,135361,0.7338071385202533,0.30677,0.386905,0.1106935353503967,0.1178786500822603,0.030679159322968,0.0695650426734558,0.0804208051038704,0.0966826547187286,0.127132595611242,0.1324656365615968,0.137619782962614,0.0039228433596087,0.0157209240475469,0.7121992302066327,0.0154771315223735,0.002105480899225
LC08_L2SP_166040_20141104_02_T1,2014-11-04,landsat-8,166,0.03,42.38582053,142144,0.7705785410703444,0.287685,0.3738425,0.1231000475855319,0.1263665200643708,0.0321490637454059,0.0803145915418913,0.0923563521742492,0.1099907680729578,0.1383424770048907,0.1503420042923539,0.1598529608960441,0.0048331269698334,0.0123747748761819,0.8489419180549302,0.1026986717694732,0.0058954299864925
LE07_L2SP_166040_20141112_02_T1,2014-11-12,landsat-7,166,0.0,40.0127331,109861,0.595568783068783,0.2847975,0.3765925,0.1314969457234482,0.1364414026750361,0.0406475810195335,0.0833511665960297,0.0986050019368453,0.1190733826647158,0.1494527213830987,0.1618827423537026,0.1722690165863217,0.008947670237846,0.0171762499886219,0.8942208791108764,0.2254121116683809,0.0099671402954642
LC08_L2SP_165040_20141113_02_T1,2014-11-13,landsat-8,165,1.79,39.91849654,184980,0.9998216341554376,0.2804525,0.37684,0.1384739008933058,0.1449221300371686,0.0387172087778306,0.0935969589063935,0.1066663916133178,0.1244910942025656,0.1561000073227883,0.1669682579375463,0.1746607571895866,0.0063574440480051,0.0109038815007027,0.9297653800410856,0.3858363066277435,0.0079522110498432
LC08_L2SP_165040_20141129_02_T1,2014-11-29,landsat-8,165,0.32,36.3012754,185005,0.9999567597952576,0.27344,0.35891,0.1214251053540872,0.1232928129722599,0.0594473144798621,0.0635801970950091,0.0819751919569408,0.1068247322584118,0.1466909044813998,0.1678927261956501,0.1814139046235798,0.0134320694035296,0.0327883030188373,0.804518796789276,0.2242263722602092,0.0199724331774816
LC08_L2SP_166040_20141206_02_T1,2014-12-06,landsat-8,166,0.38,35.12774668,144161,0.7815129239309567,0.2708825,0.3576175,0.1271518194948526,0.127442446607674,0.0444067315233104,0.0763382787898594,0.0912856889792271,0.1128692632730862,0.1467867787474897,0.1669179744852518,0.1777806239874545,0.006749398242243,0.0173625321688945,0.8540451300975992,0.2247764652021004,0.014317325767718
LE07_L2SP_165040_20141207_02_T1,2014-12-07,landsat-7,165,1.0,34.83955708,130632,0.7060693032381509,0.2876575,0.3676275,0.1061264289869948,0.1117417883754859,0.0577104144963474,0.0515762264140074,0.069228342157672,0.0927303703261877,0.129029912535181,0.1487530484882872,0.1561416090870643,0.0147207422377365,0.0474232959764835,0.6755542286729133,0.0698909914875375,0.0045471247473819
LE07_L2SP_166040_20141214_02_T1,2014-12-14,landsat-7,166,0.0,34.00136201,108235,0.5867540549917599,0.28686,0.3670225,0.1071449261409508,0.1117796432823967,0.0584788720002808,0.0518934865653775,0.0694480667150253,0.093516739337363,0.1298987030247158,0.1492253154112792,0.1607215139891027,0.0141081905113872,0.0467408878828475,0.6800203261421907,0.0949692798078255,0.005792950524322
LC08_L2SP_166040_20141222_02_T1,2014-12-22,landsat-8,166,0.09,33.58779058,177062,0.9598729291352244,0.26781625,0.35561,0.1265164424191664,0.1266798077148767,0.0503903453203302,0.0754489362695917,0.0904176601790619,0.1120409157741508,0.1462174395973174,0.169505400400847,0.1828169563932634,0.0082400515073815,0.0192079610531904,0.8481944177745648,0.2220352193017135,0.0205973048988489
LE07_L2SP_166040_20141230_02_T1,2014-12-30,landsat-7,166,0.0,33.32546469,110814,0.6007351027842831,0.28356,0.3657575,0.1127974292860593,0.117606535372869,0.0474704012934215,0.0588032054152249,0.0757081658928329,0.0991754399175073,0.1332671254735717,0.1494627380713071,0.1608646023987181,0.0111448011984045,0.0361235944916707,0.7421625426390167,0.0963055209630552,0.0046835237424874
LC08_L2SP_165040_20141231_02_T1,2014-12-31,landsat-8,165,0.48,33.48795948,184963,0.9997297487203602,0.2861725,0.37365,0.1217496784364152,0.1240563672614616,0.0498120240348084,0.0705695281645952,0.0856591053002698,0.1070609698936141,0.1404838788361367,0.1619104690374106,0.1752142480141461,0.0079096900461173,0.021366435449252,0.8131518195530998,0.1698664057135751,0.0145272297702783
LC08_L2SP_166040_20150123_02_T1,2015-01-23,landsat-8,166,0.3,35.8148411,181697,0.9849997831555208,0.2787475,0.3721925,0.1323598630556619,0.1342545651302758,0.0487681606279416,0.0830457159150029,0.0977171397129852,0.1187346247995448,0.1503833713919203,0.1708291163949869,0.1841321694951642,0.0068245485616163,0.0138637401828318,0.8892937142605547,0.2537080964462814,0.0211726115455951
LE07_L2SP_165040_20150124_02_T1,2015-01-24,landsat-7,165,3.0,35.85135671,102042,0.5515396215401079,0.3059175,0.380635,0.0973228757401448,0.1008789329189749,0.0428715279945101,0.0392484645025353,0.0549930007908211,0.0793243336653503,0.119866718575262,0.1398454339828988,0.1491239167714863,0.011995060857294,0.0814174555575155,0.5128280511946062,0.0482742400188157,0.0032633621449991
LC08_L2SP_165040_20150201_02_T1,2015-02-01,landsat-8,165,0.35,37.6642999,184978,0.999810824104252,0.2950275,0.3836325,0.1214723765262483,0.1248407426038433,0.0436810244870667,0.0724798843814775,0.0870415734421064,0.1072537265715148,0.1392448975575308,0.1565739179184884,0.1694230773052966,0.0064007611715987,0.01783455329823,0.8160213647028295,0.1417682102736541,0.0082928780719869
LE07_L2SP_165040_20150225_02_T1,2015-02-25,landsat-7,165,2.0,44.46609685,131004,0.708079972758671,0.3061649999999999,0.3891325,0.1101315161601068,0.1160649778524898,0.0328471672806265,0.0638172870973465,0.0779626342771957,0.096934331483217,0.1278788241129448,0.1388598958183108,0.1446770954341065,0.007282220390217,0.0273045097859607,0.7159705047174132,0.0244572684803517,0.0010152361759946
LE07_L2SP_166040_20150304_02_T1,2015-03-04,landsat-7,166,0.0,46.87271787,110362,0.5982847601700061,0.29687,0.3939725,0.1308218156903688,0.1356052301418413,0.0453566442031626,0.0828943964829017,0.0987656884877803,0.119205347914749,0.1490297519895763,0.1642026218677442,0.1741484871293389,0.0090067233286819,0.0157844185498631,0.8939580652760915,0.2329334372338304,0.0062702741885794
LC08_L2SP_166040_20150312_02_T1,2015-03-12,landsat-8,166,3.49,49.81213791,137363,0.7446602047011883,0.3015175,0.4044775,0.139507441349696,0.1427138324055797,0.0351000568145944,0.0942101436120452,0.1067808561114096,0.125539803668999,0.1533516981630825,0.172014896104867,0.1818956488978562,0.0029119923123402,0.0061006238943529,0.9307965026972328,0.2937981843727932,0.0135917241178483
LC08_L2SP_166040_20150328_02_T1,2015-03-28,landsat-8,166,0.67,55.54031971,130161,0.7056173562321103,0.3036075,0.41413,0.1470430943722787,0.1501318339316764,0.0562950514321837,0.0894698159536047,0.1077988067306653,0.1351139583168783,0.1695451025270684,0.1890738429433544,0.2005830987327862,0.0084741205122886,0.0158726500257373,0.9254308126089996,0.5024623351080585,0.0516975130799548
LE07_L2SP_166040_20150405_02_T1,2015-04-05,landsat-7,166,0.0,58.25437553,110698,0.6001062537947783,0.31843,0.4215549999999999,0.1312674829882726,0.1366769994009662,0.0396042600499078,0.0855393193555882,0.099836557857839,0.1192545942732061,0.1486389624046802,0.1625889075759488,0.1705425289892876,0.0066306527669876,0.0133697085764873,0.8995555475257005,0.2306003721837793,0.0026829753021734
LC08_L2SP_165040_20150406_02_T1,2015-04-06,landsat-8,165,0.07,58.60610307,185010,0.9999837849232216,0.32932,0.4359925,0.1311909435919001,0.136690097708489,0.057343318208778,0.0809598803397959,0.0967640642200166,0.1191636880735181,0.1505149312550212,0.1691989366538888,0.1812207132393602,0.0086157504999729,0.0179179503810604,0.8850818874655424,0.2559915680233501,0.0152153937624993
LC08_L2SP_166040_20150413_02_T1,2015-04-13,landsat-8,166,1.84,60.82457316,108601,0.5887381819758869,0.3445824999999999,0.448945,0.1266867608768193,0.1320539243885383,0.0240007291026666,0.0907011892116051,0.1001820178080029,0.1194469285559094,0.1375466751205663,0.1456613394106625,0.1511086375116154,0.0028544856861354,0.0057089713722709,0.9010598429112072,0.0586919089142825,0.0011970423845084
LE07_L2SP_165040_20150414_02_T1,2015-04-14,landsat-7,165,4.0,61.12808174,130634,0.7060801132893364,0.3393575,0.4482299999999999,0.1298333256647448,0.1347051441408558,0.0394695173138742,0.082756918539431,0.0971281126674704,0.1170622445488343,0.1463845209217614,0.1630003783199811,0.1727800765822041,0.005879020775602,0.0135110308189292,0.8841725737556838,0.2037065388796178,0.0050063536292236
LC08_L2SP_166040_20150429_02_T1,2015-04-29,landsat-8,166,0.04,65.05533158,90501,0.4906160551652355,0.3323175,0.45087,0.1548009100452252,0.1577972266240443,0.0211892247767192,0.1197419458254184,0.1318334174794021,0.1502111563135661,0.163486663960701,0.1738804189575632,0.1801756814097073,0.0013922498093943,0.0024088131622855,0.9844532104617628,0.7531850476790312,0.0039557573949459
LC08_L2SP_166040_20150531_02_T1,2015-05-31,landsat-8,166,0.14,68.98410461,156522,0.8485232890970595,0.3192275,0.4202075,0.128086829271818,0.1341999910380701,0.0297122221044702,0.0876988652634277,0.0991374723736032,0.1141068621376238,0.1444324751036579,0.153102717350711,0.1595506508355512,0.0048044364370503,0.0094299842833595,0.8942257318460025,0.1339428323175017,0.0025811068092664
LE07_L2SP_166040_20150608_02_T1,2015-06-08,landsat-7,166,1.0,69.15177484,108838,0.5900229855147888,0.346645,0.434315,0.1105735887006955,0.1156115164611644,0.0253265472119383,0.0704723613793376,0.0798516027440907,0.0948018350153617,0.1290561250054272,0.1367795608207841,0.1405621005028103,0.0046031716863595,0.0135063121336297,0.6874253477645675,0.0075708851687829,0.0003583307300758
LC08_L2SP_165040_20150609_02_T1,2015-06-09,landsat-8,165,1.32,69.07072708,185012,0.9999945949744072,0.350495,0.4397325,0.1131758292022958,0.1165511996345814,0.0250306955946125,0.075096382204645,0.0843846627236812,0.0977491678461417,0.1314787214729463,0.1399302849897551,0.1439970333041799,0.0046483471342399,0.0103290597366657,0.7178291137872138,0.0178745162475947,0.000529695371111
LC08_L2SP_166040_20150616_02_T1,2015-06-16,landsat-8,166,0.86,68.92342391,145345,0.7879315205134877,0.3214825,0.429695,0.1394436269206075,0.1465263659363162,0.0270072940144675,0.1000278553108537,0.1117919868085844,0.1268068498205257,0.1542378438183024,0.1595825743707221,0.1657322000496874,0.0035295331796759,0.0062884860160308,0.9500911624066876,0.4294609377687571,0.0040937080738931
LE07_L2SP_166040_20150624_02_T1,2015-06-24,landsat-7,166,1.0,68.6472465,110726,0.6002580449301761,0.3445275,0.4474875,0.1265477504715695,0.1317821059723063,0.0271575482779201,0.0839446990730048,0.0962058532780265,0.1132141297961706,0.1429701380034631,0.1513833613524016,0.1581260566030069,0.0042718060798728,0.0098441197189458,0.8750519299893431,0.1152303885266333,0.0020771995737225
LC08_L2SP_165040_20150625_02_T1,2015-06-25,landsat-8,165,0.06,68.53717485,185010,0.9999837849232216,0.35407,0.4658575,0.1330314284804723,0.1390496781690677,0.034196330193684,0.0899368936235937,0.1024658023180364,0.1202388291804654,0.1472848187807821,0.1594053769730975,0.1671915117506157,0.0048159558942759,0.0095400248635208,0.9132479325441868,0.1919625966163991,0.0087887141235608
LC08_L2SP_166040_20150702_02_T1,2015-07-02,landsat-8,166,2.01,68.1282543,148969,0.8075776303235319,0.33702,0.4384675,0.1284229760312556,0.1347905070006936,0.0256208887364796,0.0900082961180384,0.1012745078298261,0.1158800239614461,0.1436240513307895,0.1470777455334009,0.151863753726593,0.0026314199598574,0.0070484463210466,0.9074505434016472,0.0618719330867495,0.0034168182642026
LE07_L2SP_166040_20150710_02_T1,2015-07-10,landsat-7,166,1.0,67.60993121,109011,0.5909608378870674,0.345105,0.4505675,0.1276981686628239,0.1332223335767466,0.0292077832270352,0.0852618659827213,0.0982296339484151,0.115990692331901,0.1425872178001104,0.1513976595964659,0.158153613139576,0.005127922870169,0.0111089706543376,0.8895616038748383,0.1129335571639559,0.0046967737200832
LC08_L2SP_166040_20150718_02_T1,2015-07-18,landsat-8,166,0.0,66.91395575,141251,0.7657374880735537,0.3489825,0.45681,0.1362711146553076,0.1418600074226262,0.0292349332078989,0.0971818071657866,0.1085552004211772,0.1251183594340187,0.1481295146811001,0.1561285751365705,0.1665864654352866,0.0032849324960531,0.0063433179234129,0.941055284564357,0.1855066512803449,0.0091539174943894
LE07_L2SP_165040_20150719_02_T1,2015-07-19,landsat-7,165,0.0,66.86045137,131097,0.708582640138801,0.3644099999999999,0.46231,0.1184924639518288,0.1241538946759179,0.0332015910320173,0.0768766617242854,0.0896377616551325,0.106355828060246,0.1352534395479964,0.1428543102243711,0.1493927341237338,0.00713212354211,0.0158432305849866,0.8211476997948084,0.0444708879684508,0.0033868051900501
LE07_L2SP_166040_20150726_02_T1,2015-07-26,landsat-7,166,0.0,66.18716678,110459,0.5988106080319195,0.328275,0.429805,0.1287970116948837,0.1349956383420966,0.0335762685227292,0.0862638835670958,0.1000677514925574,0.1180501740417755,0.1447085240697585,0.153258303610189,0.1601174441422551,0.0075412596529028,0.0131904145429525,0.9001982636091219,0.1393820331525724,0.0033858716808951
LC08_L2SP_165040_20150727_02_T1,2015-07-27,landsat-8,165,1.04,66.05858768,185010,0.9999837849232216,0.327835,0.4408875,0.1466837858578779,0.1518036564337097,0.0297538680361404,0.1091275329090235,0.1203730394490661,0.1348034999662195,0.1622781028236803,0.1679812413282473,0.1748415632288592,0.0044808388735744,0.0071293443597643,0.96955299713529,0.5292362574995946,0.0075941840981568
LC08_L2SP_166040_20150803_02_T1,2015-08-03,landsat-8,166,0.0,65.285051,159951,0.8671122820712984,0.3325925,0.4311525,0.1303310868708257,0.1356470115747806,0.0288862887520394,0.0918696326958883,0.1022388144997283,0.116750754970044,0.1464678824339281,0.1519946107693715,0.1568630029140915,0.0040825002657063,0.0080024507505423,0.9144487999449832,0.14482560284087,0.0052641121343411
LE07_L2SP_165040_20150804_02_T1,2015-08-04,landsat-7,165,4.0,65.18500752,131085,0.7085177798316875,0.343455,0.4410799999999999,0.120693138390006,0.126853973857512,0.0318583629057238,0.0763198259853518,0.0895659845945335,0.1070890704034162,0.1399806601575017,0.147150367138697,0.1511823600621525,0.0065835145134836,0.0159285959491932,0.8246633863523668,0.0588930846397375,0.0014418125643666
LE07_L2SP_166040_20150811_02_T1,2015-08-11,landsat-7,166,0.0,64.26474762,109768,0.5950646196547836,0.3434275,0.44372,0.1261426582251458,0.13204179937295,0.0337950768799151,0.0826642099242147,0.0962106024181213,0.1139905888530934,0.1437459125258306,0.1511593023608593,0.1568003631985679,0.0076160629691713,0.0142573427592741,0.8758016908388602,0.123779243495372,0.0038900225931054
LC08_L2SP_165040_20150812_02_T1,2015-08-12,landsat-8,165,0.0,64.10915703,185008,0.999972974872036,0.353245,0.449825,0.1215811948647388,0.1264998104752364,0.0295610654094297,0.0834996287817185,0.0943991310785743,0.1093319328729852,0.1373485182279935,0.142974745621363,0.1493257781436109,0.0051295079131713,0.0109562829715471,0.8562170284528237,0.0469006745654242,0.0038106460261177
LC08_L2SP_166040_20150819_02_T1,2015-08-19,landsat-8,166,0.0,63.02558212,156964,0.8509194205915518,0.3345174999999999,0.4376975,0.1368841740556321,0.1413885514657942,0.0276290902252313,0.1000818217583635,0.1107016538073274,0.125603087628631,0.1504410002730268,0.1555090665553411,0.1634244890245609,0.0034912464004485,0.0069761219133049,0.950186029917688,0.2642389337682526,0.0081419943426518
LE07_L2SP_165040_20150820_02_T1,2015-08-20,landsat-7,165,0.0,62.86455105,131120,0.7087069557274354,0.335205,0.4430325,0.1343844281461668,0.1395473352465609,0.0332902215741439,0.0934337837383095,0.1061367714157907,0.1229020554245835,0.151200250423227,0.1595276269486743,0.1642993249797668,0.0068181818181818,0.0109517998779743,0.9289582062233068,0.2764261744966443,0.0043395363026235
LE07_L2SP_166040_20150827_02_T1,2015-08-27,landsat-7,166,0.0,61.59325986,110610,0.5996291959406713,0.333885,0.43382,0.1258309274919201,0.1319681800601862,0.0343593391753951,0.0804307827680009,0.0938701383835846,0.112011345561939,0.145626909564894,0.154323278507186,0.158440968395332,0.0078925956061838,0.0151071331705994,0.8606726335774342,0.1688545339481059,0.0027664768104149
LC08_L2SP_165040_20150828_02_T1,2015-08-28,landsat-8,165,0.0,61.39684858,185011,0.9999891899488144,0.3416125,0.4376425,0.1222668820121267,0.1272102629937479,0.031650715196781,0.0813657289645319,0.0928134050479908,0.1076855702914737,0.140913087297495,0.1487029815374784,0.1535807401387898,0.0059509975082562,0.01216143904957,0.8399662722757025,0.0825896838566355,0.0029187453718968
LC08_L2SP_166040_20150904_02_T1,2015-09-04,landsat-8,166,0.02,59.9311982,161541,0.875731850117096,0.331575,0.421005,0.1213020759677558,0.1246603545395838,0.0243205260622727,0.084774790062156,0.0938196010431226,0.1060249098588356,0.1388863594669308,0.1470665872080681,0.1502515260215527,0.0027423378585003,0.0077379736413665,0.8367411369249912,0.0538253446493459,0.0020861576937124
LE07_L2SP_166040_20150912_02_T1,2015-09-12,landsat-7,166,0.0,58.03880498,107534,0.5829538554948391,0.3470574999999999,0.4299975,0.1061860036559732,0.1111991576449288,0.0317083281687937,0.0646757703503735,0.0772478407437243,0.0939993084181901,0.1232758894787924,0.1319358677615675,0.1367088266569643,0.0079230754924024,0.0247828593747093,0.6712760615247271,0.010694292037867,0.0022225528670002
LC08_L2SP_165040_20150913_02_T1,2015-09-13,landsat-8,165,0.0,57.79551926,185011,0.9999891899488144,0.3495875,0.4342875,0.1100040261423238,0.1135508815823411,0.0244934676087702,0.0748024289582628,0.0840456205138214,0.0967418373735584,0.1257415906815873,0.1342766240965877,0.1378034491683329,0.0042267757052283,0.0117236272437855,0.6993097707703866,0.006426644902195,0.0017080065509618
LC08_L2SP_166040_20150920_02_T1,2015-09-20,landsat-8,166,0.0,55.95228405,143397,0.7773711943793911,0.3416674999999999,0.4385775,0.126201705336509,0.1301423336374483,0.0228238649935361,0.0928532108486342,0.1022043876089146,0.1150935379390549,0.1395717419348324,0.1453136347758883,0.1483191061880832,0.0018131481132799,0.0065412805009867,0.9154933506279768,0.0359840164020167,0.0034728760015899
LC08_L2SP_165040_20150929_02_T1,2015-09-29,landsat-8,165,2.76,53.39873936,185011,0.9999891899488144,0.3484875,0.442455,0.1196194648450245,0.12491567332251,0.0297505965212766,0.0802387405817216,0.0908026798617472,0.1056316508956516,0.137018173237803,0.1423206120825003,0.1471934031602801,0.0049888925523347,0.0120425272010853,0.8174540973239429,0.0377112712217111,0.0033835825977914
LC08_L2SP_166040_20151006_02_T1,2015-10-06,landsat-8,166,0.48,51.29852575,146762,0.7956132361870066,0.3493675,0.4403925,0.1166855048524767,0.1218589873010798,0.0234650092546369,0.0804235869864906,0.089631182575982,0.1027814535224476,0.1331563056885603,0.1373561090050184,0.1393945995236483,0.0026028535997056,0.0085648873686649,0.788944004578842,0.0128030416592851,0.0025210885651599
LE07_L2SP_166040_20151014_02_T1,2015-10-14,landsat-7,166,0.0,48.85173342,111022,0.6018626940758088,0.34252,0.4383575,0.1187105378309784,0.1241954290929812,0.0303116127423139,0.0753752672294095,0.0876310631890146,0.1049964004173667,0.137092751927855,0.1446520723761484,0.1487852685272916,0.00584568824197,0.015537461043757,0.8049665831997261,0.0439912810073679,0.0020896759200879
LC08_L2SP_165040_20151015_02_T1,2015-10-15,landsat-8,165,1.2,48.52043885,185009,0.9999783798976288,0.3378175,0.4214175,0.1106264240049576,0.1154364816665028,0.0285887650680987,0.0716875311721928,0.0822329043054672,0.0967675112720904,0.1287219554366992,0.1350502736719337,0.1381181939799602,0.0061132161138106,0.0157073439670502,0.7059007940154263,0.0101832883805652,0.002124220983844
LE07_L2SP_165040_20151023_02_T1,2015-10-23,landsat-7,165,0.0,46.07155033,130121,0.703307335160232,0.30644,0.3935325,0.1222802758542773,0.1276687202768855,0.0368921793434135,0.0756152497278463,0.0900949285147159,0.1097525269511949,0.1392865383717428,0.1511502014514158,0.1579810188791245,0.0081385787075107,0.018498167090631,0.8377971272892154,0.1080763289553569,0.0055025706842093
LE07_L2SP_166040_20151115_02_T1,2015-11-15,landsat-7,166,0.0,39.51346523,109519,0.5937147627721399,0.3407874999999999,0.4214724999999999,0.1094266806518664,0.1125552536462221,0.0383045358224088,0.0643764649497666,0.078366439066536,0.0982045091252249,0.1259642625882985,0.1409636211108849,0.1507734919004907,0.008537331421945,0.0264063769756845,0.725390114957222,0.0505117833435294,0.002839689916818
LE07_L2SP_166040_20151201_02_T1,2015-12-01,landsat-7,166,0.0,36.05087285,111749,0.6058038424841704,0.3193649999999999,0.4051375,0.1180280221963916,0.124228643474554,0.0487475726757412,0.0681133227762709,0.0848139455274303,0.1074021449111948,0.1363885032647135,0.1483279202635232,0.1586334211449948,0.0110157585302776,0.0265237272816759,0.811694064376415,0.086613750458617,0.0059418876231554
LC08_L2SP_165040_20151202_02_T1,2015-12-02,landsat-8,165,2.85,35.80443846,184985,0.9998486592834016,0.313755,0.392295,0.114312642841789,0.1207297430428653,0.050647106255378,0.0680301120243304,0.0828544041398659,0.1033166069364999,0.1312285709303013,0.1429254951551043,0.1556541366108093,0.0095899667540611,0.0239532935102846,0.7814417385193394,0.0668702867800091,0.0056437008406086
LC08_L2SP_166040_20151209_02_T1,2015-12-09,landsat-8,166,0.01,34.74366275,156332,0.8474932778211467,0.2949725,0.3845949999999999,0.1310132559665731,0.1386234324154921,0.0551738014844168,0.0748247773052248,0.093213545195691,0.1175231842582281,0.1538093213527051,0.1627909619149224,0.1731014922026591,0.0108039300974848,0.0234948698922805,0.8704935649771001,0.3216551953534785,0.0152687869406135
LE07_L2SP_165040_20151210_02_T1,2015-12-10,landsat-7,165,0.0,34.70238835,130804,0.7069989676401118,0.327945,0.412095,0.1111353054113182,0.1184565282598926,0.0539715320453648,0.0548749911810519,0.0737352863386202,0.0984736576887588,0.1326294791490068,0.1457588190453106,0.1556410397260712,0.0146019999388397,0.0422769945873214,0.7359637319959634,0.0742637839821412,0.0052215528577107
LE07_L2SP_166040_20151217_02_T1,2015-12-17,landsat-7,166,0.0,33.99853362,108565,0.5885430219446612,0.29808,0.3885274999999999,0.1305035798101861,0.1339903247681067,0.0422847485034102,0.0786566128912314,0.0962238821134946,0.119103535545769,0.1497672625465793,0.1626928839523109,0.1733705041322439,0.0086491963339934,0.0202643577580251,0.8842628839865518,0.2442591995578685,0.0099848017316814
LE07_L2SP_165040_20151226_02_T1,2015-12-26,landsat-7,165,0.0,33.59269631,130996,0.7080367325539286,0.2910125,0.3496975,0.0899451872299636,0.1010445291266763,0.0612366929746143,0.0211467146514581,0.0445371966768738,0.074713347827368,0.1209038606973341,0.1304354967072843,0.1384539145383979,0.0299932822376255,0.1195685364438608,0.5092979938318727,0.0190769183791871,0.0022596109804879
LE07_L2SP_166040_20160102_02_T1,2016-01-02,landsat-7,166,1.0,33.66364155,107890,0.5848837713591812,0.277015,0.3195849999999999,0.0735504569880831,0.0822510062556654,0.0494134924282688,0.0065399097549809,0.0251402670222362,0.0515127432754106,0.1057061055318932,0.1165949868817311,0.1225453729210003,0.0403744554638984,0.2405876355547316,0.3236907961812957,0.0055334136620632,0.0007971081657243
LC08_L2SP_165040_20160103_02_T1,2016-01-03,landsat-8,165,1.19,33.57753601,184989,0.9998702793857728,0.283835,0.3620175,0.1208048597029514,0.1292407330017911,0.0628573060727799,0.0641073198781745,0.0831062003794674,0.1086997950510718,0.1433471416428585,0.1546570714737832,0.167005166836352,0.0129899615652822,0.031223478152755,0.8166053116671802,0.1438950424079269,0.011124985809967
LC08_L2SP_166040_20160110_02_T1,2016-01-10,landsat-8,166,0.0,34.03577396,154390,0.836965478358921,0.2745675,0.355555,0.1264671100084017,0.1317832771003116,0.0590740683050805,0.0732036851604832,0.0920594800305882,0.116022350612132,0.1471989862886817,0.1599362854774812,0.1720984931594621,0.0107714230196256,0.0245676533454239,0.865580672323337,0.2086275017812034,0.0148001813588963
LE07_L2SP_165040_20160111_02_T1,2016-01-11,landsat-7,165,0.0,34.27472446,132228,0.7146957240842535,0.311115,0.3877025,0.1041309225275156,0.1101349538244643,0.0606246505334428,0.0516506925676212,0.0696793217906584,0.0932695730193666,0.1238772262280192,0.1395030022968284,0.1505789172547356,0.0153825210999183,0.0476525395528934,0.6661826542033458,0.0517515201016426,0.0052409474543969
LE07_L2SP_166040_20160118_02_T1,2016-01-18,landsat-7,166,0.0,35.13904108,100284,0.5436507936507936,0.302205,0.3810199999999999,0.1125731513745739,0.1177619244099734,0.0512480412296259,0.0654661178650371,0.0817346847908332,0.1022711001104748,0.1295483636188651,0.1428388855091877,0.1539609121406229,0.0108392166247856,0.0281500538470743,0.7771828008455985,0.0629013601372103,0.0052251605440548
LC08_L2SP_165040_20160119_02_T1,2016-01-19,landsat-8,165,3.3,35.12375593,184936,0.9995838130293548,0.2946425,0.3645474999999999,0.1038349062751625,0.1114693303487774,0.044641552577259,0.0595043735368552,0.0734811584975774,0.0922024996974052,0.121184292423637,0.1310947287358,0.1378861169835127,0.0103333044945278,0.0331087511355279,0.6625319029285807,0.0207585326815763,0.0025306051823333
LC08_L2SP_165040_20160204_02_T1,2016-02-04,landsat-8,165,0.55,38.33901748,185004,0.9999513547696648,0.29709,0.38278,0.1250527280134283,0.1311049961600677,0.0493403763772406,0.0814031073043839,0.0953937022945803,0.1144606023191259,0.1408121324370828,0.1539680915197786,0.1651203112925623,0.0083511707854965,0.0171023329225314,0.8736459752221574,0.1318998508140364,0.0081727962638645
LC08_L2SP_166040_20160211_02_T1,2016-02-11,landsat-8,166,4.48,40.19181077,151779,0.8228109549830861,0.2909025,0.3688925,0.1180021624191269,0.1234039733464847,0.0387984424626044,0.0765606649181144,0.0889642838182056,0.1063269829242312,0.1315497811972678,0.1416958462964627,0.1525872313507873,0.0063052200897357,0.0155621001587834,0.8152511216966775,0.0583150501716311,0.0104823460426014
LE07_L2SP_165040_20160212_02_T1,2016-02-12,landsat-7,165,1.0,40.70577855,131557,0.7110689519114873,0.3261025,0.4064025,0.1078100238878945,0.1125932352113172,0.0506289008575152,0.063974306114338,0.0791444043624868,0.0984663710956463,0.1256757816442731,0.1375065544522047,0.1472081555204869,0.0107481927985587,0.0291888687032997,0.7309379204451303,0.0425062900491802,0.0039982669109207
LE07_L2SP_166040_20160219_02_T1,2016-02-19,landsat-7,166,1.0,42.83014129,111061,0.6020741174429699,0.31414,0.399115,0.1161384838190852,0.1229014102958613,0.0499670028098202,0.0676180244127718,0.08432407604439,0.1058818330542121,0.1338547596508506,0.1446879972927816,0.1547050109694946,0.0113361125867766,0.0277144992391568,0.80328828301564,0.0703307191543386,0.0052853837080523
LC08_L2SP_165040_20160220_02_T1,2016-02-20,landsat-8,165,0.82,42.89312115,184995,0.9999027095393296,0.3148275,0.4034325,0.1220642708024892,0.1287585395031193,0.0447318643273527,0.0812831634307198,0.0935466718747203,0.1110889472485089,0.1372320029478495,0.1483480688172733,0.1562849018489314,0.0072164112543582,0.0146003946052596,0.8556717749128355,0.0864672018162653,0.0049677018297791
LE07_L2SP_166040_20160322_02_T1,2016-03-22,landsat-7,166,0.0,54.08793877,110718,0.6002146760343482,0.31337,0.40621,0.1248823272903682,0.1319121113305249,0.0359065487449611,0.080412283408469,0.0933070114344862,0.1127298635405759,0.142573372210262,0.150581200754504,0.1551667720482269,0.0074332990119041,0.0149930453946061,0.8594718112682671,0.1082750772232157,0.0029986090789212
LC08_L2SP_165040_20160323_02_T1,2016-03-23,landsat-8,165,0.24,54.07507232,185012,0.9999945949744072,0.31750875,0.4144325,0.1282989697933255,0.1352191871081046,0.0480578982922935,0.0844884791815066,0.0982844244373333,0.1173535089975337,0.1448193827479242,0.15577305733704,0.1653458208277734,0.0076589626618813,0.0152260393920394,0.891136791127062,0.1646325643742027,0.0077724688128337
LE07_L2SP_166040_20160407_02_T1,2016-04-07,landsat-7,166,0.0,59.66426708,111314,0.6034456587735276,0.3203,0.40302,0.1063738040216143,0.1132477873874321,0.0365753258500552,0.0592772539584871,0.0740970736152658,0.0947363731835833,0.1239134354824134,0.132675204035996,0.1387654763452762,0.0085793341358679,0.0330326823220798,0.6956088182977882,0.0168352588173994,0.0017967191907576
LC08_L2SP_166040_20160415_02_T1,2016-04-15,landsat-8,166,0.06,61.69497451,136581,0.7404208951340099,0.308695,0.4121225,0.1338761308364992,0.1386084929872292,0.0357105044180963,0.0895794526259907,0.1025700058960917,0.1216940627797838,0.1485266521843594,0.1604904068581835,0.1689281490599577,0.003616901325953,0.0081856187903149,0.9125280968802396,0.2254047049003887,0.0079806122374268
LE07_L2SP_165040_20160416_02_T1,2016-04-16,landsat-7,165,0.0,62.47024868,130932,0.7076908109159897,0.330035,0.42898,0.1184988474412762,0.1250518768721482,0.0425974833010534,0.0724515272351485,0.087354215255071,0.1068488946901912,0.1364250435891025,0.1465596285527304,0.1532416500530374,0.008149268322488,0.0197048849784621,0.815553111538814,0.0698225032841474,0.0030550209268933
LE07_L2SP_166040_20160423_02_T1,2016-04-23,landsat-7,166,0.0,64.40243131,109610,0.5942080839621823,0.325855,0.4296675,0.127633591734963,0.1348587998310579,0.0353665647879587,0.082010427433544,0.0963066383370515,0.1163310605417298,0.1451157095014577,0.1525941854443981,0.159323973913765,0.0070705227625216,0.0146793175805127,0.8798740990785512,0.1426694644649211,0.0028829486360733
LC08_L2SP_166040_20160501_02_T1,2016-05-01,landsat-8,166,1.59,65.70609741,85007,0.4608324659554167,0.3364149999999999,0.4462225,0.138961782942839,0.1404655632954831,0.020001108342452,0.1088450490774933,0.1198627606693106,0.1333789840517394,0.1482486481652956,0.1554237721871278,0.1616524396803312,0.0013293022927523,0.003893796981425,0.9697083769571918,0.2030538661521992,0.0023292199465926
LE07_L2SP_165040_20160502_02_T1,2016-05-02,landsat-7,165,3.0,66.48259707,131306,0.7097122904876955,0.3433175,0.4375874999999999,0.1154368610360308,0.1217019168175186,0.036499301299616,0.0724904161540879,0.0859056194774338,0.1042001165822436,0.1325020016024777,0.1409648966492949,0.1464807012198944,0.0086058519793459,0.0187120162064185,0.7922410247818074,0.0325499215572784,0.0028559243294289
LC08_L2SP_166040_20160517_02_T1,2016-05-17,landsat-8,166,0.0,68.2218737,149346,0.8096213895394223,0.3240949999999999,0.4293375,0.1341616863493114,0.1407900432020103,0.0329937558356195,0.0941884345605887,0.1048772355887103,0.1206132524926892,0.1499913755867269,0.1556299823961578,0.1616086982550986,0.003461759940005,0.0068230819707256,0.9274302626116536,0.2498024721117405,0.0060530579995446
LE07_L2SP_166040_20160525_02_T1,2016-05-25,landsat-7,166,2.0,69.46031033,110011,0.5963819498655564,0.349065,0.4453975,0.1170683078759198,0.1234403611276028,0.038852952147382,0.0744557209453991,0.0867659332062032,0.1044971830706813,0.1355269740625342,0.1427999777968898,0.1487193112789533,0.0083537100835371,0.0167710501677105,0.7970566579705666,0.0428957104289571,0.0039177900391779
LC08_L2SP_166040_20160602_02_T1,2016-06-02,landsat-8,166,1.23,69.15868797,155908,0.8451947263422673,0.3405674999999999,0.437725,0.1209860247450039,0.1262962223802708,0.0310070966938977,0.0825299151610733,0.0924356426514415,0.1073946149132422,0.1386606518196735,0.1432731039049035,0.1463326582823595,0.004271750006414,0.0091977319957923,0.8358519126664443,0.0330707853349411,0.003591861867255
LC08_L2SP_165040_20160611_02_T1,2016-06-11,landsat-8,165,0.88,69.13609461,185011,0.9999891899488144,0.3523099999999999,0.4501,0.1195682445607229,0.1241066073151611,0.0297232771970205,0.0824148173939833,0.0919798941973015,0.1064108482450799,0.1368243454441236,0.1440042399427543,0.146891230795838,0.0051348298209295,0.0096751003994357,0.8288588246104286,0.0284415521239277,0.0025944403305749
LC08_L2SP_166040_20160618_02_T1,2016-06-18,landsat-8,166,0.0,68.92997221,174530,0.94614667360569,0.3478825,0.4292275,0.1058578323020644,0.1082695536817397,0.0245403800487539,0.0693256687072935,0.077195674147421,0.0900491304901204,0.1239807148493908,0.1338475376906899,0.1360699535923868,0.0036498023262476,0.0099008766401191,0.6071620924769381,0.0030596459061479,0.0008479917492694
LE07_L2SP_165040_20160619_02_T1,2016-06-19,landsat-7,165,1.0,69.48036865,131388,0.7101555025863048,0.3499724999999999,0.43327,0.105523341082664,0.1091168956220449,0.0255454259886968,0.0681247272383443,0.0773458061031547,0.0920288078998053,0.1226780580671586,0.1308752129252529,0.1341332797226344,0.0059898925320425,0.0151764240265473,0.6400736749170396,0.0040947422900112,0.0011036015465643
LE07_L2SP_166040_20160626_02_T1,2016-06-26,landsat-7,166,0.0,69.12957601,109912,0.595845259779686,0.327945,0.4312075,0.128750522819326,0.1339972449657261,0.036843549259426,0.0830749654003515,0.0950750947880643,0.1137984473793905,0.1504810689909287,0.1588822978425473,0.1623397211221987,0.0077516558701506,0.0122643569400975,0.8703599243030788,0.2571147827352791,0.003757551495742
LC08_L2SP_165040_20160627_02_T1,2016-06-27,landsat-8,165,0.0,68.48974246,185005,0.9999567597952576,0.3370749999999999,0.4444075,0.1328019695662572,0.1373975629792632,0.0320522773644814,0.0922738281754849,0.1024808918072022,0.1176560200986256,0.1528634595397119,0.1594455135200926,0.1619407190358988,0.0051728331666711,0.0081457257911948,0.9153266127942488,0.2990189454339071,0.0039566498202751
LC08_L2SP_166040_20160704_02_T1,2016-07-04,landsat-8,166,0.44,68.04321696,160598,0.8706197415213809,0.358195,0.4220775,0.0842910109334042,0.0848515917357719,0.0216759621718866,0.0515921526123377,0.0573727226787431,0.0679655544796035,0.0998396830214422,0.1138785286591865,0.1169534996613383,0.0027708937844805,0.0405048630742599,0.24758714305284,8.094745887246417e-05,4.358709323901917e-05
LE07_L2SP_165040_20160705_02_T1,2016-07-05,landsat-7,165,0.0,68.54802665,130667,0.7062584791338987,0.36859,0.4626675,0.1117703189236203,0.1158697616932533,0.033009977941629,0.0705154714911184,0.0816188987608557,0.0979211745144957,0.1300879200458193,0.1392656045707935,0.1450711569873744,0.0067959010308647,0.0165841413669863,0.7235721337445568,0.0268698294137004,0.0028392784712283
LE07_L2SP_166040_20160712_02_T1,2016-07-12,landsat-7,166,0.0,68.00860528,111500,0.6044539856015266,0.3550325,0.4501274999999999,0.115912026340066,0.1200630132481353,0.0322554932235696,0.0747402298075136,0.085586871773291,0.1021365309126418,0.1348550958942415,0.142845522148353,0.1473293432179727,0.0071748878923766,0.0137488789237668,0.7745650224215247,0.0336233183856502,0.003219730941704
LC08_L2SP_165040_20160713_02_T1,2016-07-13,landsat-8,165,0.0,67.36436146,185009,0.9999783798976288,0.35693,0.4658575,0.1299944437822323,0.1340652794903443,0.0310164396296587,0.0908314864926012,0.1004927748413037,0.1155898332773951,0.1482385788553417,0.1541700553641185,0.1602030195523155,0.0042214162554254,0.0075996302882562,0.9034046992308482,0.2030009350896442,0.0051781264695231
LC08_L2SP_165040_20160729_02_T1,2016-07-29,landsat-8,165,0.04,65.8532022,185008,0.999972974872036,0.3370475,0.447515,0.1364169797083228,0.1412612219059755,0.0318524848806161,0.0971970496419548,0.1073215831865853,0.1222607520365728,0.1549966885194497,0.1608068959048213,0.1643674973145689,0.0051078872264983,0.0074753524171927,0.9397323358989882,0.355303554440889,0.0054700337282712
LC08_L2SP_166040_20160805_02_T1,2016-08-05,landsat-8,166,0.0,65.02578791,169908,0.9210902940411138,0.325085,0.4314825,0.1370997452048511,0.1405670455632057,0.0308355867668641,0.0997723181964988,0.1090876965553342,0.1232553011714637,0.1547650784439044,0.1608298641632084,0.1640910374851438,0.0040492501824516,0.0063210678720248,0.949331402876851,0.3324622737010617,0.0074216634884761
LE07_L2SP_165040_20160806_02_T1,2016-08-06,landsat-7,165,4.0,65.40488907,130465,0.7051666639641538,0.3399075,0.437285,0.1200421361416146,0.1250184109907527,0.0349707410477544,0.0770529229594406,0.08924729900107,0.107127180803348,0.1392130861624331,0.1474086495863092,0.1521968849809205,0.0077875292223968,0.0149312076035718,0.8221285402215154,0.0668761736864293,0.0033955466983482
LE07_L2SP_166040_20160813_02_T1,2016-08-13,landsat-7,166,0.0,64.40602385,110672,0.5999653048833377,0.321895,0.4279624999999999,0.1357825647657067,0.139260785617313,0.0292177447670562,0.0967909680067675,0.107703659308389,0.1239247894116665,0.1523365085294951,0.1610793276509488,0.1647488921107325,0.004779890125777,0.0072737458435738,0.9390089634234496,0.2981964724591586,0.003180569611103
LC08_L2SP_165040_20160814_02_T1,2016-08-14,landsat-8,165,0.0,63.77277484,185009,0.9999783798976288,0.3520899999999999,0.45956,0.1291319423154044,0.1327164031831983,0.032364821418477,0.0911273823361179,0.1010194149746528,0.11549689845681,0.1466242772871395,0.1533009961392605,0.1593238598042947,0.0048862487770865,0.0080104211146484,0.907118032095736,0.1723699928111605,0.0058429589911842
LC08_L2SP_166040_20160821_02_T1,2016-08-21,landsat-8,166,0.79,62.62532186,165217,0.8956598577500217,0.32107,0.4198774999999999,0.1288174985276728,0.1324468976474456,0.0283641280745218,0.0922649370302909,0.1013764864223683,0.1156482390467862,0.1456988348449567,0.1514441252016604,0.1543670701583332,0.0041400098052863,0.0068758057584873,0.909609785917914,0.1389324343136602,0.0048300114395007
LE07_L2SP_165040_20160822_02_T1,2016-08-22,landsat-7,165,0.0,62.89725126,130860,0.7073016490733084,0.362705,0.464675,0.1187226768904895,0.1226049177720392,0.0328552476806906,0.0788091495700552,0.0898334306880059,0.1053840718899676,0.1371159459248287,0.1452998812643511,0.1496326950159203,0.0066941769830353,0.012532477456824,0.8136787406388507,0.0476234143359315,0.0031484028732997
LE07_L2SP_166040_20160829_02_T1,2016-08-29,landsat-7,166,0.0,61.52736597,109632,0.5943273484257091,0.338395,0.4359925,0.1211654570540765,0.1257400490211963,0.0338234244850071,0.0804407529665922,0.0923093601845907,0.1089844051377385,0.1389326385522988,0.147522297888503,0.1520078755128762,0.007661996497373,0.0131074868651488,0.8435858143607706,0.0685931115002918,0.0036485697606538
LC08_L2SP_165040_20160830_02_T1,2016-08-30,landsat-8,165,4.71,60.90050517,185009,0.9999783798976288,0.3315475,0.4347,0.1299550845391684,0.1342765205905862,0.0307916062033343,0.0918756542725486,0.1024648444266564,0.1179104421608336,0.147208491765732,0.1542933398823489,0.1581086065376165,0.0056916150025133,0.0086914690636671,0.9150311606462388,0.191817695355361,0.0034701014545238
LC08_L2SP_166040_20160906_02_T1,2016-09-06,landsat-8,166,0.18,59.35708199,154896,0.8397085610200364,0.3419975,0.4282375,0.1116892434661237,0.1127665171042706,0.0248384353181012,0.0767928175843134,0.0856931134514457,0.0983099800490209,0.1283764595799737,0.1383868050140591,0.1411126672365943,0.0040543332300382,0.0099679785146162,0.7233756843301312,0.0095806218365871,0.0026792170230348
LE07_L2SP_165040_20160907_02_T1,2016-09-07,landsat-7,165,0.0,59.50393526,131784,0.712295892721052,0.356655,0.442675,0.1042101623891393,0.1076322213834575,0.0308205483055018,0.0635534731597469,0.0743733831781309,0.0904809437120901,0.1222584335217806,0.1308201159518962,0.1359727296104775,0.0066927699872518,0.0224382322588478,0.6205760942147757,0.0111925575183633,0.0027924482486493
LE07_L2SP_166040_20160914_02_T1,2016-09-14,landsat-7,166,0.0,57.73902127,105906,0.574128285193859,0.3401825,0.4397049999999999,0.1239735543331664,0.1275231556628021,0.02951672157364,0.0857032952629258,0.0957809646636845,0.1115115127860159,0.1399212897662272,0.1481163765939084,0.1537405818325375,0.0048155911846354,0.0090268728872773,0.8701678847279664,0.0783147319320907,0.0038430306120521
LC08_L2SP_165040_20160915_02_T1,2016-09-15,landsat-8,165,0.0,57.13400717,185007,0.9999675698464432,0.3280825,0.43987,0.143170535023479,0.146578264524481,0.0315107824240593,0.1055217810470751,0.1153109518406205,0.1298141083978047,0.1602455666637366,0.1673779660141864,0.1729290520489335,0.0045619895463414,0.0065781294761819,0.9652337479122411,0.4385023269389806,0.0084645445847994
LC08_L2SP_166040_20160922_02_T1,2016-09-22,landsat-8,166,0.01,55.23353312,161351,0.8747018388411831,0.3289074999999999,0.433545,0.1356871330707946,0.1383588654785497,0.0295965305592933,0.0995558789171484,0.1089666297563967,0.1227069302325951,0.1515939602874638,0.1581130435889845,0.161936561840663,0.0036628220463461,0.0062534474530681,0.9483796195871114,0.2794528698303698,0.0083048757057594
LE07_L2SP_165040_20160923_02_T1,2016-09-23,landsat-7,165,0.0,55.26423962,132807,0.7178252339024825,0.3588,0.4484225,0.1074646940680128,0.1104961380365305,0.0309672647660794,0.0677405260628884,0.0785399715030777,0.0938290052377011,0.1251597114196921,0.1338218595810354,0.1393182437926031,0.0068520484613009,0.0180186285361464,0.6650929544376426,0.0152251010865391,0.0035992078730789
LC08_L2SP_166040_20161008_02_T1,2016-10-08,landsat-8,166,0.0,50.48199544,153909,0.8343579234972678,0.319475,0.426395,0.1377907293000633,0.1409387523390124,0.032230019880212,0.0960578074874481,0.1054183306138704,0.1198990670572013,0.1575198263870609,0.1674558507292313,0.1731631411494754,0.0038854128088675,0.0063414095342052,0.9333502264325024,0.3820374377066968,0.0069456626967883
LE07_L2SP_165040_20161009_02_T1,2016-10-09,landsat-7,165,0.0,50.42891882,133826,0.7233329549815418,0.3429049999999999,0.43811,0.1178254417657932,0.1218778541107878,0.031871720949464,0.0769926542325847,0.0884332528933151,0.1045162264853374,0.1356346814818431,0.144382426987711,0.1490616645063343,0.0060376907327425,0.0129645958184508,0.8000014944779041,0.0437060063066967,0.0032355446624721
LE07_L2SP_166040_20161016_02_T1,2016-10-16,landsat-7,166,0.0,48.23279244,91904,0.4982218752710556,0.352475,0.4476525,0.1170785320390045,0.1212108431966799,0.0320157376430328,0.0764153317235495,0.0877054070734817,0.1045234314809074,0.1337887439119217,0.1417544034957503,0.1463262364374085,0.0066373607242339,0.0136446727019498,0.799986942896936,0.0309888579387186,0.0054186977715877
LC08_L2SP_165040_20161017_02_T1,2016-10-17,landsat-8,165,0.01,47.69041843,185012,0.9999945949744072,0.3344075,0.431235,0.1233039536374428,0.1266707599730164,0.0291193931187946,0.086863148908221,0.0962423819133646,0.1098816028623037,0.1403427223226452,0.1474453668604093,0.151352518953071,0.0050753464640131,0.0088156443906341,0.8676950684279938,0.0621094847901757,0.0040916264890925
LE07_L2SP_165040_20161025_02_T1,2016-10-25,landsat-7,165,1.0,45.42992609,133762,0.7229870333436029,0.3401274999999999,0.43448,0.1154729023323467,0.119574855832305,0.0312893319777889,0.0736998736401954,0.0855434804843381,0.1028306505719895,0.1333086789372304,0.1429722155049426,0.1479036446151422,0.0069526472391262,0.0157967135658856,0.7814999775721057,0.041857926765449,0.0022054096081099
LC08_L2SP_166040_20161109_02_T1,2016-11-09,landsat-8,166,0.4,40.85370796,146132,0.7921979356405586,0.3046525,0.4100875,0.1431735861160574,0.1469436675346991,0.0329998939302887,0.1036045794128804,0.1153392852686193,0.1317116230996209,0.1556505500542822,0.1659575184064775,0.1752817207240086,0.0039895437002162,0.0065488736211096,0.95909862316262,0.4152957599978102,0.01600607669778
LE07_L2SP_165040_20161110_02_T1,2016-11-10,landsat-7,165,1.0,40.77014615,132570,0.7165442428369898,0.3243975,0.411105,0.1177096960870625,0.1192440489843577,0.0299450443873132,0.0802056703692706,0.0911993499076684,0.1062071603176521,0.1307905389415354,0.1448065183499171,0.1537414244040317,0.0051519951723617,0.0120690955721505,0.824734102738176,0.0677528852681602,0.0060119182318774
LE07_L2SP_166040_20161117_02_T1,2016-11-17,landsat-7,166,2.0,38.97451913,105062,0.5695528666840142,0.3055874999999999,0.399555,0.1287199792720254,0.1320755858679752,0.0314682566705059,0.0836384396367025,0.0965229599542249,0.1148191563710011,0.1464676009799597,0.1596227566706343,0.1649564690578658,0.0045211398983457,0.0109935085949249,0.8803278064381033,0.1888789476689954,0.0056157316632083
LC08_L2SP_166040_20161125_02_T1,2016-11-25,landsat-8,166,4.61,36.99734903,134387,0.728526975453205,0.2997575,0.399115,0.1254968587864433,0.1377203224282411,0.0528409525003636,0.0194633448583184,0.0740563614257689,0.1141874574601455,0.1553493286951636,0.1666117439221231,0.1735555346628698,0.0389695431849806,0.0722316890770684,0.8341506246884,0.3345264050838251,0.0068235766852448
LC08_L2SP_166040_20161211_02_T1,2016-12-11,landsat-8,166,0.05,34.41846337,140499,0.7616608118657299,0.3257175,0.4240025,0.1260251836755683,0.1299737590673965,0.0436730139346224,0.074658345267144,0.091131128277958,0.1144214047195194,0.1430346665048829,0.1541491036893726,0.1662580423539804,0.0066975565662389,0.0197154428145396,0.8574580601997167,0.1436237980341497,0.0158577641122
LE07_L2SP_165040_20161212_02_T1,2016-12-12,landsat-7,165,1.0,34.48762489,133169,0.7197818531670748,0.333775,0.4233975,0.109935627421232,0.1163319945206617,0.0544170858066455,0.0604405949012881,0.0761378486808467,0.0979593278897127,0.1306219596147257,0.1424733103719906,0.1532635642097074,0.0125404561121582,0.0345050274463276,0.7300047308307489,0.0554933956100894,0.0067358018758119
LE07_L2SP_166040_20170104_02_T1,2017-01-04,landsat-7,166,0.0,33.86004623,98159,0.5321309306965044,0.3170274999999999,0.4057425,0.1174333857411524,0.1208683440826574,0.0317809543791744,0.074770377587938,0.0877613562901751,0.1059214834013775,0.1351248436068859,0.1428665549734123,0.1527915113588014,0.0054910909850344,0.0148228893937387,0.8117340233702462,0.058252427184466,0.0030257031958353
LC08_L2SP_165040_20170105_02_T1,2017-01-05,landsat-8,165,0.31,33.72219494,184985,0.9998486592834016,0.33427,0.4181725,0.1098292875977211,0.1151958845930952,0.0404030706296321,0.068576778057242,0.0801717915633057,0.0969150300557791,0.1265084086948395,0.1352002668847611,0.1426784418657753,0.0073843825175014,0.0205205827499527,0.7135119063707869,0.0307322215314755,0.005303132686434
LC08_L2SP_166040_20170112_02_T1,2017-01-12,landsat-8,166,0.07,34.31670198,138391,0.750233107815075,0.32668,0.422215,0.1260152949491086,0.1313018402202417,0.0309894243341525,0.0861330180532091,0.0975275713409858,0.1143456479484372,0.1389580300117982,0.1465237165008071,0.1549405299863738,0.0035334667716831,0.0092708340860316,0.884631226019033,0.0721867751515633,0.0075004877484807
LE07_L2SP_165040_20170113_02_T1,2017-01-13,landsat-7,165,2.0,34.62913926,132424,0.7157551091004416,0.3334175,0.4087125,0.0987515571239286,0.1032683797516786,0.0417926027176642,0.0538748871783037,0.0673697320567675,0.0861949958498774,0.1165025482078592,0.1272071675477106,0.1371063833940372,0.0102473871805714,0.0415559113151694,0.5558055941521174,0.0198151392496828,0.0042817012021989
LE07_L2SP_165040_20170129_02_T1,2017-01-29,landsat-7,165,1.0,37.33651592,132228,0.7146957240842535,0.3635025,0.4379175,0.0897809127840508,0.0945647124388368,0.0330896555318342,0.050236937690448,0.0618671561931917,0.0784248327206473,0.1050406841445002,0.1139124055322512,0.119849522518544,0.0093701787821036,0.0499440360589285,0.3711014308618447,0.0086517227818616,0.0026166923798287
LE07_L2SP_166040_20170221_02_T1,2017-02-21,landsat-7,166,0.0,43.73819385,111352,0.6036516610287103,0.327505,0.428705,0.1289838723693425,0.1347166118408768,0.0363117440807658,0.0845046847539243,0.0986142575804212,0.1175568396010571,0.1451391994953944,0.1528104250825677,0.1612637839664029,0.0066096702349306,0.0135695811480709,0.8918205330842733,0.1556685106688698,0.0065198649328256
LE07_L2SP_166040_20170309_02_T1,2017-03-09,landsat-7,166,0.0,49.28315707,110549,0.5992985081099835,0.3151575,0.4132775,0.1310141059428751,0.1358216062796006,0.0341177287807218,0.0880309689151958,0.1008328530008331,0.1189879951775057,0.1470674656983611,0.156612840433377,0.1645581796087375,0.0048847117567775,0.0110086929777745,0.9048747614180136,0.1871930094347303,0.0073180218726537
LC08_L2SP_165040_20170310_02_T1,2017-03-10,landsat-8,165,0.18,49.30013199,185007,0.9999675698464432,0.3230774999999999,0.4209775,0.1295343987013122,0.1350918008349876,0.0407605588984057,0.0893503438841622,0.1010640875503698,0.1178887547304099,0.1447410188338669,0.1539741984872756,0.1620185687580526,0.0066808282929835,0.011577940294151,0.906452188295578,0.1504213354089304,0.0107941861659288
LC08_L2SP_166040_20170317_02_T1,2017-03-17,landsat-8,166,0.13,51.82192939,146223,0.792691256830601,0.3397425,0.4448475,0.1304410072089307,0.1349538456050216,0.0283883426182973,0.0947988876165457,0.105292529925657,0.119400357041514,0.1435331688424342,0.1496514617976328,0.1553256537088519,0.0031185244455386,0.0059566552457547,0.9306059922173666,0.0949577015927726,0.0065789923609828
LC08_L2SP_165040_20170326_02_T1,2017-03-26,landsat-8,165,0.1,55.04275838,184982,0.9998324442066232,0.303525,0.3730175,0.0878400889821212,0.1155267958153658,0.1080910771953653,-0.0397754890646416,0.0259896907042928,0.0815104626475294,0.1336821733724014,0.1444009762644041,0.15010823939767,0.0728341135894303,0.1436734384967186,0.6435328842806327,0.0505346466142651,0.0059086830069952
LC08_L2SP_166040_20170402_02_T1,2017-04-02,landsat-8,166,0.93,57.46988101,139462,0.7560391187440367,0.327175,0.39576,0.0920833894791135,0.1011874742257139,0.0444789705166197,0.0455503403545141,0.06188033787342,0.0811083530592432,0.1127830500614204,0.1186552516671791,0.122114995274448,0.017897348381638,0.0594642268144727,0.5182845506302792,0.007808578680931,0.0018929887711347
LE07_L2SP_165040_20170403_02_T1,2017-04-03,landsat-7,165,3.0,58.25516697,130414,0.7048910076589213,0.35176,0.4497425,0.1140238546131669,0.1255418913400569,0.0658025970675277,0.063978531160376,0.0843566845938734,0.1069126908478157,0.1364730289040736,0.1465215179788141,0.153760561697193,0.020220221755333,0.0358090389068658,0.810158418574693,0.0713650374959743,0.0053368503381538
LE07_L2SP_166040_20170512_02_T1,2017-05-12,landsat-7,166,1.0,68.16821452,105983,0.5745457108162026,0.344555,0.4363775,0.1134328089660676,0.1187400800091898,0.0355876210659667,0.080265173803812,0.0909144219251433,0.1054363522191929,0.1276552406566697,0.1343097414963023,0.1388891489653325,0.0087938631667342,0.0143230518101959,0.8185180642178462,0.0177103875149788,0.0029249974052442
LC08_L2SP_166040_20170520_02_T1,2017-05-20,landsat-8,166,2.78,68.48045833,161505,0.8755366900858704,0.34252,0.424635,0.1034397577031724,0.109255078852631,0.0417159862588589,0.0695228617403695,0.0801206017085199,0.093890924816563,0.1180073819420426,0.1241712639380022,0.1303706315795793,0.009330980465001,0.019522615398904,0.6611869601560323,0.018414290579239,0.0039069997832884
LE07_L2SP_165040_20170521_02_T1,2017-05-21,landsat-7,165,2.0,69.16652997,132118,0.7141011712690459,0.3604775,0.4498525,0.1078313397677322,0.1134891405448373,0.0410388531586939,0.072972430810453,0.0838253248813829,0.098504892767673,0.1232270085243592,0.1314111672339285,0.1381717588011519,0.0097261538927322,0.0184910458832256,0.7326783632813091,0.0155164322802343,0.0025507500870434
LE07_L2SP_166040_20170528_02_T1,2017-05-28,landsat-7,166,2.0,69.5984409,104410,0.5660183016740393,0.351485,0.43932,0.1101141710142355,0.1141938510042693,0.0316149547707317,0.0720916066726879,0.0832177711832441,0.09870711482492,0.1271713803908675,0.135122866838384,0.1390405910549374,0.0076333684512977,0.0172493056220668,0.7363470931903074,0.0107077866104779,0.0016569294128914
LC08_L2SP_166040_20170605_02_T1,2017-06-05,landsat-8,166,1.09,69.17355601,152125,0.8246866597276433,0.3533,0.4592299999999999,0.1315229712356203,0.1372598258444696,0.0450314868261208,0.0936093321248354,0.1050270173064843,0.1214056589168278,0.1449812645120785,0.1516158374712091,0.1632161101556319,0.0054034511092851,0.0102875924404272,0.9264092029580936,0.1178438783894823,0.0144026294165981
LE07_L2SP_166040_20170613_02_T1,2017-06-13,landsat-7,166,0.0,69.68526749,98029,0.5314261861393009,0.3459575,0.4500725,0.1283445278207217,0.132939853653827,0.0358230715651456,0.0925112922708799,0.1037913018149666,0.1190001317444918,0.1431430798293878,0.150122692997919,0.1553427805015229,0.0057125952524253,0.0097726183068275,0.9216150322863642,0.1024288730885758,0.0034275571514551
LC08_L2SP_165040_20170614_02_T1,2017-06-14,landsat-8,165,0.0,69.06136612,185010,0.9999837849232216,0.3487625,0.4603299999999999,0.1348300335581639,0.1400836488893171,0.0450018050866023,0.0967877197351798,0.1074566660227128,0.1227299175200014,0.1531040388062989,0.160930523802436,0.1666310648029745,0.0071347494730014,0.0110858872493378,0.9390789687043944,0.315512674990541,0.0091076158045511
LC08_L2SP_166040_20170621_02_T1,2017-06-21,landsat-8,166,0.22,68.80041732,154816,0.8392748720617573,0.34956,0.4433625,0.1201068210212249,0.1230536636594484,0.034255149164099,0.0864311558003314,0.0958249081231643,0.1088443490941618,0.1368748024958779,0.1428808791366708,0.145939158737669,0.0048961347664324,0.0110518292682926,0.8621266535758578,0.031534208350558,0.0044375258371227
LE07_L2SP_165040_20170622_02_T1,2017-06-22,landsat-7,165,1.0,69.34482562,133564,0.7219168382762292,0.3658125,0.4610725,0.1145141892069945,0.11918610292741,0.0413447507587294,0.0761961407606741,0.0874144617208312,0.1031166788542444,0.131455502432042,0.1398433846255024,0.1479573317948953,0.0082282651013746,0.0164415561079332,0.7873229313288012,0.0418975172950795,0.0042900781647749
LE07_L2SP_166040_20170629_02_T1,2017-06-29,landsat-7,166,0.0,68.95056267,95759,0.5191202619481308,0.3417775,0.45219,0.138946305544935,0.1431991385341542,0.0335253286251433,0.1025599685779904,0.1139678102241297,0.1293400793442596,0.15388951665673,0.1605438006272914,0.1662128290327661,0.0053676416838103,0.0092523940308482,0.9566202654580772,0.3510270575089548,0.0069131883165028
LC08_L2SP_165040_20170630_02_T1,2017-06-30,landsat-8,165,0.0,68.30576274,185012,0.9999945949744072,0.362595,0.47408,0.1321805526364107,0.1370127880099944,0.0437904165223383,0.0949969409499166,0.1062563219976096,0.1214620628752194,0.147244072383052,0.1549160867766201,0.1639766541269636,0.0065076859879359,0.0109128056558493,0.9325287008410266,0.1641623246059715,0.012512701878797
LC08_L2SP_166040_20170707_02_T1,2017-07-07,landsat-8,166,1.91,67.83181598,163694,0.8874035042067829,0.3215925,0.42821,0.141900106831377,0.1460790122185644,0.0371114601568907,0.1041228323617222,0.1148849929239452,0.1295156093910733,0.1603910098067343,0.1685310615341135,0.1721558134629286,0.0057668576734639,0.0087846836169926,0.9609454225567216,0.4291727247180715,0.0069642137158356
LE07_L2SP_165040_20170708_02_T1,2017-07-08,landsat-7,165,0.0,68.33146862,133371,0.7208736683368195,0.3518425,0.43822,0.1064522399821556,0.1130146525780661,0.0438769183476828,0.0620852142670762,0.0762360645972968,0.0953660572240149,0.1265378768860057,0.1345708634098889,0.1389773768814022,0.0106544901065449,0.0296016375373956,0.694971170644293,0.0139985454109214,0.0031191188489251
LE07_L2SP_166040_20170715_02_T1,2017-07-15,landsat-7,166,3.0,67.76543177,96456,0.5228987769971376,0.35429,0.4402824999999999,0.1051028121367998,0.1089969682457894,0.0250761558883582,0.067542162447414,0.0778947213031497,0.0934433573038517,0.1216137371171847,0.1292805134117844,0.1330484264384596,0.0060442066849133,0.0183814381686986,0.6531682839844074,0.0015343783694119,0.000176246164054
LC08_L2SP_165040_20170716_02_T1,2017-07-16,landsat-8,165,0.12,67.12091317,160956,0.8699712993141022,0.3326475,0.4214175,0.1129602892991119,0.119355868114473,0.0344580215866334,0.0544084715266549,0.0731917064285479,0.0989028496176337,0.1340284342900085,0.1452671187010181,0.1519732723845978,0.0056164417604811,0.0422102934963592,0.7394629588210443,0.0638870250254728,0.0009567832202589
LC08_L2SP_166040_20170723_02_T1,2017-07-23,landsat-8,166,0.0,66.47978065,165419,0.8967549223696765,0.3344075,0.4392649999999999,0.1365428441503204,0.1415776761304608,0.0436087421574618,0.1011019475222319,0.1109340918207501,0.125209370895855,0.1526761327598562,0.1586870499939215,0.1642102793260123,0.0057248562740676,0.0088804792677987,0.953385040412528,0.3152721271437985,0.0118728803825437
LE07_L2SP_165040_20170724_02_T1,2017-07-24,landsat-7,165,0.0,66.92080525,133000,0.7188684038418922,0.34527,0.44911,0.1263164034818586,0.1326103236974021,0.0425531410108619,0.0863103372612195,0.0982396282888849,0.1150904496596744,0.1446218635317216,0.1524761581509963,0.1565566941361994,0.008187969924812,0.0130676691729323,0.8882330827067669,0.1343984962406015,0.0042631578947368
LE07_L2SP_166040_20170731_02_T1,2017-07-31,landsat-7,166,0.0,66.15665044,103018,0.5584721137999826,0.35781,0.4544999999999999,0.1181213240044923,0.1229447828337231,0.0442063539441965,0.0804684239957561,0.0919656090941245,0.1076488495556964,0.1346705200755253,0.1424238184180112,0.1483467844983769,0.0072414529499699,0.0133860102118076,0.8378924071521482,0.0431963346211341,0.0056203770214913
LC08_L2SP_165040_20170801_02_T1,2017-08-01,landsat-8,165,0.0,65.5222693,185007,0.9999675698464432,0.3573975,0.4533725,0.1175475745619806,0.1223393268410629,0.0410046690027496,0.0819099481864195,0.0914966260232575,0.1059047647160947,0.1345986226460779,0.1397116814720217,0.1471148173813951,0.0066808282929835,0.0124968244444804,0.8215959396130957,0.0396309328836206,0.0047998183852502
LC08_L2SP_166040_20170808_02_T1,2017-08-08,landsat-8,166,0.0,64.65068016,155222,0.8414758435250238,0.3217575,0.4334349999999999,0.146927915086885,0.1516968330695876,0.0434049465055653,0.1111483538159371,0.1213800503372602,0.1353882149390665,0.1640702308599878,0.170074967398826,0.1740908103672636,0.0053858344822254,0.0074023012201878,0.9737408357062788,0.52966718635245,0.0136771849351251
LE07_L2SP_165040_20170809_02_T1,2017-08-09,landsat-7,165,0.0,65.00942038,132188,0.7144795230605417,0.3350125,0.4472124999999999,0.1413807634180935,0.1469029609633637,0.0455659924460215,0.1024348085697141,0.1140894215813389,0.1302882068539169,0.159320611703582,0.1682401747988352,0.1721799287859244,0.0071337791630102,0.0099403879323387,0.9563878718189246,0.4416285895845311,0.0084046963415741
LC08_L2SP_165040_20170817_02_T1,2017-08-17,landsat-8,165,3.69,63.32539677,185010,0.9999837849232216,0.3435649999999999,0.4367899999999999,0.1171213311669648,0.1228895960970943,0.0417650361135127,0.0805047021996128,0.0909294417295663,0.1060188597699923,0.1348934497326523,0.1406300954151545,0.1436943959451139,0.0072212312847954,0.0127344467866601,0.8204691638289822,0.0255067293659802,0.0037889843792227
LC08_L2SP_166040_20170824_02_T1,2017-08-24,landsat-8,166,0.0,62.10904083,156253,0.847065009974846,0.329375,0.4205375,0.1200464540203142,0.1255574656787737,0.0430762171795415,0.0852223766464636,0.0952713531681832,0.1096923689817141,0.1366890435566933,0.1425186890378559,0.1458445366443005,0.0069502665548821,0.0113085828752087,0.8607002745547285,0.0310842031832988,0.0049279053842166
LE07_L2SP_165040_20170825_02_T1,2017-08-25,landsat-7,165,0.0,62.35235383,132193,0.7145065481885057,0.3561875,0.4552974999999999,0.1173458144411842,0.122507671145025,0.0438676748857384,0.0799978153618599,0.0912754893916652,0.1072102065186855,0.133795310482396,0.1417277533047245,0.147706576205652,0.0080185788960081,0.0142443245860219,0.8312845612097464,0.0407207643369921,0.0049321824907521
LE07_L2SP_166040_20170901_02_T1,2017-09-01,landsat-7,166,0.0,60.91174858,105288,0.5707780379911528,0.338285,0.448285,0.1353173758890908,0.1415062859542319,0.0398709590535723,0.0939974902815308,0.1060019726463187,0.1232463774300124,0.1525634841312663,0.1615411382397334,0.165210146006199,0.0072562875161461,0.0108844312742192,0.9295551249905022,0.3229522832611504,0.0077406732011245
LC08_L2SP_165040_20170902_02_T1,2017-09-02,landsat-8,165,0.0,60.29693168,185009,0.9999783798976288,0.349725,0.4579375,0.1332785536565365,0.1385240518393425,0.042926154949983,0.0986802824953902,0.1076103299137321,0.1219626602041919,0.1495313899111338,0.1556714891971687,0.1613968517668269,0.0059348464128772,0.0086644433514045,0.944991865260609,0.2379019399056262,0.0083131090919901
LC08_L2SP_166040_20170909_02_T1,2017-09-09,landsat-8,166,2.43,58.69100781,161183,0.8737910920287969,0.3483775,0.4424275,0.1172944532810948,0.1219645653373369,0.0409260824123973,0.0791340475401796,0.0910797973281413,0.1055919303378688,0.1350921347173878,0.145605969549165,0.1524676927101787,0.0121911119659021,0.0211064442279893,0.8205579992927294,0.0657885757182829,0.004305664989484
LE07_L2SP_166040_20170917_02_T1,2017-09-17,landsat-7,166,0.0,56.98156607,107126,0.5807420418076156,0.3489549999999999,0.451915,0.1238408536770941,0.1301097548373705,0.0443808248692648,0.0822222350084173,0.0956316327750399,0.1134815592200013,0.1409980109347842,0.1487124867312427,0.1550021339336501,0.0083733174019379,0.0153557493045572,0.8739708380785244,0.0842092489218303,0.0071504583387786
LC08_L2SP_165040_20170918_02_T1,2017-09-18,landsat-8,165,0.02,56.38864574,185006,0.9999621648208504,0.3369375,0.4370925,0.1252709245429994,0.1312247138726955,0.0428747358951332,0.0876298947231681,0.0989771462623227,0.1146015163164885,0.1430830655257779,0.1485424395693096,0.1530302359608874,0.0074970541495951,0.0117888068495075,0.893165627060744,0.0773866793509399,0.0051295633655124
LC08_L2SP_166040_20170925_02_T1,2017-09-25,landsat-8,166,0.0,54.43403032,150689,0.8169019429265331,0.3495324999999999,0.43624,0.1111009217014045,0.1160031368227422,0.0413081818386991,0.0742373075705285,0.0843105616767048,0.0983867794609216,0.1299022726124403,0.1360727478952705,0.1387639500261268,0.0063508285276297,0.0145929696261837,0.7276642621558309,0.0156613953241444,0.0037162632972546
LE07_L2SP_165040_20170926_02_T1,2017-09-26,landsat-7,165,0.0,54.43729099,133071,0.7192521606589807,0.3434,0.449385,0.1278499462722706,0.1341209343983594,0.0472736415625559,0.0895428970759344,0.1009321291696085,0.1171230405368696,0.1462096115395159,0.1537034508403816,0.1601478331336069,0.0076124775495787,0.0118583312667673,0.9059524614679382,0.1656709576090959,0.0045765042721554
LE07_L2SP_166040_20171003_02_T1,2017-10-03,landsat-7,166,0.0,52.3365288,95945,0.5201285887761298,0.3492025,0.4436374999999999,0.1171985915532808,0.1232711587259517,0.0466064302616103,0.0795851922298638,0.0904559279001469,0.1063231566232374,0.1350436188053091,0.1421442532254293,0.1469337161753082,0.0065975298348011,0.0131325238417843,0.8213559851998541,0.0304445255094064,0.0026577726822658
LC08_L2SP_165040_20171004_02_T1,2017-10-04,landsat-8,165,0.0,51.77113856,185006,0.9999621648208504,0.35154,0.44482,0.1146801245360851,0.1201281159264278,0.0439012304474704,0.0794863438733619,0.0887855200037423,0.1030492777128569,0.1322217758534509,0.1378345297651448,0.1416864421000268,0.0066322173334918,0.0127239116569192,0.7891095423932197,0.0236965287612293,0.0040323016550814
LC08_L2SP_166040_20171011_02_T1,2017-10-11,landsat-8,166,0.17,49.61998825,131266,0.7116076849683407,0.36012,0.4538675,0.1120930420803022,0.1182831942733134,0.0402745898051509,0.0767936927207781,0.0863141066609816,0.1010099064497214,0.128192145499997,0.1326956881422916,0.135268982131779,0.0040071305593222,0.0111833985952188,0.7628555757012478,0.0145201346883427,0.0034510078771349
LE07_L2SP_165040_20171012_02_T1,2017-10-12,landsat-7,165,0.0,49.54530811,134775,0.7284623242691054,0.3595425,0.44009,0.1017854749482227,0.1073594227320523,0.0410526156321389,0.0626247945625871,0.0737712289097637,0.0900108466671362,0.1186973882724549,0.1266197757519792,0.1328219693578689,0.0079094787608977,0.0252420701168614,0.6229641995919124,0.015707660916342,0.002878872194398
LE07_L2SP_166040_20171019_02_T1,2017-10-19,landsat-7,166,0.0,47.34781588,78940,0.4279425795819238,0.35781,0.4596699999999999,0.1206624101775762,0.1265155860345997,0.0390569669968863,0.0820437222569473,0.0939452161019019,0.1102115582321349,0.1373827720210206,0.143322278013462,0.147035991466864,0.0044210793007347,0.0105523182163668,0.8544464149987332,0.0337598175829744,0.0017101596148973
LC08_L2SP_165040_20171020_02_T1,2017-10-20,landsat-8,165,0.09,46.8223438,185008,0.999972974872036,0.3397699999999999,0.4387975,0.1230729081109453,0.1285819959161374,0.0438535067369733,0.0879675811604925,0.0973729689422389,0.1116635008510928,0.140626628554716,0.1465068118441742,0.1504167715565809,0.0064267491135518,0.0104481968347314,0.8792808959612557,0.0528625789155063,0.0042430597595779
LC08_L2SP_166040_20171027_02_T1,2017-10-27,landsat-8,166,0.01,44.67189702,128752,0.6979790094544193,0.36056,0.4571125,0.1135235555954705,0.1197908637075215,0.0384117443226246,0.0769611760905457,0.086848533616563,0.1020368006083137,0.1305246474078274,0.1359507731790339,0.1384427292360276,0.0043882813470858,0.0108037156704361,0.7750326208524916,0.0089552006959115,0.0024698645457934
LE07_L2SP_165040_20171028_02_T1,2017-10-28,landsat-7,165,0.0,44.56522263,136293,0.73666715311897,0.3563525,0.447955,0.1073354044440171,0.1135970109865921,0.0463660611826506,0.0676626111308771,0.0794630344141175,0.096418145479513,0.1257637356144756,0.1339131678453284,0.1392072411874239,0.0092374516666299,0.0221728188534994,0.7074024344610508,0.0148943819565201,0.0031769790084597
LE07_L2SP_165040_20171113_02_T1,2017-11-13,landsat-7,165,0.0,40.02242215,137124,0.7411587293865837,0.3418049999999999,0.4335724999999999,0.1165844504386319,0.1224084158271709,0.0481076167526155,0.0732750610619843,0.0858737980439855,0.1044628935656095,0.1345186097184869,0.1440154011806745,0.1519234211600583,0.0082698871094775,0.0187494530497943,0.7950030629211516,0.0598655231761033,0.006468597765526
LC08_L2SP_166040_20171128_02_T1,2017-11-28,landsat-8,166,0.46,36.43937241,161801,0.8771413392315032,0.2933225,0.3685075,0.1137740501412916,0.122128217006184,0.0553961946838274,0.0623523302663565,0.0776717965208189,0.0978962673816843,0.139090075356855,0.1461451397916396,0.1500586805031677,0.0133868146674,0.0321753264812949,0.7289571757900136,0.0504879450683246,0.0060939054764803
LE07_L2SP_165040_20171129_02_T1,2017-11-29,landsat-7,165,0.0,36.41664765,137291,0.7420613686605806,0.3165874999999999,0.403075,0.1121953856818279,0.1205045321895797,0.050990809381465,0.0604339570711576,0.0760822403172326,0.0976972160935685,0.1351156570110371,0.1451156678910212,0.1507039491566173,0.013205526946413,0.0338041095191964,0.7299458813760552,0.0590060528366753,0.0041590490272486
LE07_L2SP_166040_20171222_02_T1,2017-12-22,landsat-7,166,1.0,33.74506801,69353,0.3759703790441495,0.3597349999999999,0.4622274999999999,0.1170541256084699,0.1245035674033122,0.0534409472818138,0.0755601601072976,0.0902393498279938,0.1101310617014551,0.1331336054741309,0.1414099504927455,0.1466315030608589,0.0068490187879399,0.018384208325523,0.8407711274205875,0.0325724914567502,0.0033163669920551
LC08_L2SP_166040_20171230_02_T1,2017-12-30,landsat-8,166,3.28,33.47617056,132657,0.719148451730419,0.3182375,0.400875,0.1135463250145075,0.1192167500962041,0.0438541700114307,0.0645852235479207,0.0815308922929936,0.1007632987060486,0.1326174101237737,0.141424506210099,0.1476957721354088,0.005615987094537,0.0276728706363026,0.7589573109598438,0.0401109628591027,0.004228951355752
LE07_L2SP_165040_20171231_02_T1,2017-12-31,landsat-7,165,1.0,33.67185831,135465,0.7321917919281348,0.345545,0.430905,0.1086703167949511,0.1158636999961482,0.0531396526654872,0.0650760870303567,0.0789420020931806,0.0978192743361744,0.1283321166555082,0.1365099646671278,0.1433644969376908,0.0102461890525227,0.0264274904956999,0.7255527257963311,0.0220942678920754,0.0041486730889897
LE07_L2SP_166040_20180107_02_T1,2018-01-07,landsat-7,166,0.0,34.00840452,80614,0.4370175210339145,0.3593225,0.4375325,0.0965336571082824,0.1028762220997398,0.0509342463497719,0.0528140947596691,0.0666701744393132,0.0865243256165253,0.1133455832016024,0.1221691543804775,0.1285706308768952,0.010345597538889,0.0442230878011263,0.5578187411615848,0.0160145880368174,0.0055573473590195
LC08_L2SP_165040_20180108_02_T1,2018-01-08,landsat-8,165,0.67,33.90533499,184976,0.9998000140530664,0.342795,0.41589,0.0986068321018362,0.1050245463963722,0.0463134048494749,0.0588333885443897,0.0697714451133535,0.0862477108165454,0.1168867195736408,0.1242112560712423,0.1292202922083173,0.0092930974829167,0.0303552893348326,0.5727932272294785,0.0145910820863247,0.0036166854078366
LE07_L2SP_165040_20180116_02_T1,2018-01-16,landsat-7,165,1.0,34.94669685,133986,0.7241977590763893,0.3769775,0.44691,0.0840126770921752,0.0897541058328091,0.0504443700625266,0.0426917964002058,0.055231974199585,0.0731539954869223,0.1009753100938214,0.1111785235994852,0.1185973435986901,0.0125610138372665,0.0741644649440986,0.2724015941964086,0.0096502619676682,0.0033510963832042
LC08_L2SP_165040_20180124_02_T1,2018-01-24,landsat-8,165,1.43,36.04742841,184770,0.9986865787809506,0.3618524999999999,0.430355,0.0861173829799533,0.0908781625943063,0.0353023920688814,0.0470415436728033,0.0571585522937055,0.072473536387038,0.1050346049611026,0.1124918455145549,0.1151624066605336,0.0077826486983817,0.0611084050441088,0.35089029604373,0.0038534394111598,0.0013692699031228
LC08_L2SP_166040_20180131_02_T1,2018-01-31,landsat-8,166,0.47,37.50093544,160123,0.8680447133315986,0.3429875,0.433545,0.1182458368916533,0.1236917254507277,0.0490709390795661,0.0806887312910623,0.0916339258482501,0.1069021208606397,0.1346078488880654,0.1409630443615652,0.1474715282415503,0.0057518282820082,0.0128213935537055,0.8297308943749493,0.0423986560331745,0.0069009448986091
LE07_L2SP_165040_20180201_02_T1,2018-02-01,landsat-7,165,1.0,37.92728545,132326,0.7152254165923476,0.35605,0.443225,0.1058353447265325,0.1125310736103637,0.0521463932824964,0.0651760668099322,0.077091546076055,0.0949836477048023,0.1242184790881903,0.1326936903606108,0.1395445427752921,0.0089627132989737,0.0239030878285446,0.689667941296495,0.0193310460529298,0.0027658963469008
LE07_L2SP_166040_20180208_02_T1,2018-02-08,landsat-7,166,0.0,39.69666792,109149,0.5917089513400989,0.3357275,0.4363775,0.1264162694679172,0.1333838429168576,0.048097700830591,0.0816816779297313,0.0959587382434679,0.1151601356968558,0.1454147812590101,0.1542077899723895,0.1587824423616912,0.0087769929179378,0.0157491135970095,0.8775801885495973,0.1435835417640106,0.0052038955922637
LC08_L2SP_166040_20180304_02_T1,2018-03-04,landsat-8,166,0.14,47.07264128,155257,0.8416655824442709,0.332015,0.42865,0.1231712370769169,0.1310742411881804,0.0523502571816833,0.0761126175908945,0.0897313992754549,0.1088288025994528,0.1455821077824526,0.1514366817545558,0.1552021657928484,0.0088111969186574,0.0190071945226302,0.831286189994654,0.1317170884404568,0.0083345678455721
LE07_L2SP_166040_20180312_02_T1,2018-03-12,landsat-7,166,1.0,50.13341699,100852,0.5467299852545754,0.357205,0.439925,0.0995262192440264,0.1077981206357055,0.0377014415975519,0.0421493777255697,0.0619574356034179,0.0848777838379523,0.12214898733687,0.1312622567134848,0.1358271509609821,0.0206441121643596,0.0646392733907111,0.5974298972752151,0.009310673065482,0.0015269900448181
LC08_L2SP_165040_20180313_02_T1,2018-03-13,landsat-8,165,0.22,50.27424677,185004,0.9999513547696648,0.3431249999999999,0.4321974999999999,0.1154458497310373,0.122113871132006,0.0398658332126808,0.0753207196645396,0.0857132475407323,0.1020206642135171,0.1340759417119548,0.1412149506670768,0.145202590404501,0.0074971351970768,0.0161618127175628,0.7715995329830706,0.0257183628462087,0.0036485697606538
LC08_L2SP_166040_20180320_02_T1,2018-03-20,landsat-8,166,0.11,52.79712357,153227,0.8306607251279382,0.30809,0.40896,0.1372942805986992,0.1419066676621634,0.0336781350008908,0.0954141246253462,0.1049225178082186,0.119547612616639,0.1599499857753513,0.167864159831891,0.1713664629710314,0.0043791237836673,0.006643737722464,0.9302146488543142,0.3988331038263491,0.0019905108107578
LE07_L2SP_165040_20180321_02_T1,2018-03-21,landsat-7,165,0.0,53.3813747,133189,0.7198899536789307,0.3240125,0.4240299999999999,0.1283048708081669,0.1337510029689835,0.0378066269858643,0.0863324565851186,0.0971520081957193,0.1136865272904395,0.1503223906824608,0.1584872626735664,0.1623954455205985,0.0079210745632146,0.0123208373063841,0.8802378574807229,0.2580768682098371,0.0014715929994218
LE07_L2SP_166040_20180328_02_T1,2018-03-28,landsat-7,166,0.0,55.87102776,98677,0.5349390667013618,0.3308325,0.439155,0.1312330200124727,0.1362682306236888,0.0363121449866005,0.0912335314627192,0.101991978120003,0.119123125120656,0.1488042944267787,0.1600964065059935,0.1640874445138947,0.0069519746242792,0.0106711797075306,0.9105769328212248,0.2231928412902702,0.0034455850907506
LC08_L2SP_165040_20180329_02_T1,2018-03-29,landsat-8,165,0.17,55.99154906,185009,0.9999783798976288,0.3366075,0.4430325,0.1278178423618106,0.1335253187730277,0.0411989923466722,0.0887699115808891,0.0996888216516434,0.1161724327589233,0.1458873305589081,0.1559951932655078,0.1606256209981358,0.0070753314703609,0.0106211049192201,0.8979941516358664,0.183618094254874,0.0022431341177996
LE07_L2SP_166040_20180413_02_T1,2018-04-13,landsat-7,166,2.0,61.15031663,98869,0.5359799202012316,0.3453525,0.422985,0.0975738780019055,0.1023099260404368,0.0259948154453784,0.0660820409365731,0.0751684598478854,0.0888183346847539,0.1107110991460408,0.1167691952366495,0.1206426868990849,0.0071407620184284,0.0182261376164419,0.5527313920440179,0.0030848901071114,0.0001719446944947
LC08_L2SP_165040_20180414_02_T1,2018-04-14,landsat-8,165,0.03,61.21445984,185010,0.9999837849232216,0.3566824999999999,0.450045,0.1135674120854428,0.1201575409569161,0.0385792526867457,0.079703864713808,0.0896891421262036,0.1043229728366841,0.1277551698124052,0.1339631189816746,0.1388654960237218,0.006632073941949,0.0119669207069888,0.8027349872979839,0.0167017999027079,0.0020701583698178
LC08_L2SP_165040_20180430_02_T1,2018-04-30,landsat-8,165,4.4,65.34153687,185010,0.9999837849232216,0.3281375,0.4227924999999999,0.1198971205069645,0.1302962614370162,0.049348671494057,0.0697388494191221,0.0849706888646557,0.1042136336644585,0.1450605623118558,0.1501869094094311,0.1544100414161904,0.0137776336414247,0.0268580076752608,0.790276201286417,0.1036430463218204,0.0030160531863142
LE07_L2SP_166040_20180515_02_T1,2018-05-15,landsat-7,166,1.0,68.06367461,103302,0.5600117096018735,0.3498075,0.44482,0.1183955285784952,0.1238121974465653,0.0322828911384211,0.0829264834310149,0.0931373666539896,0.1085641514058399,0.1325593966637103,0.1393721869317243,0.1447674827173247,0.0072118642427058,0.0119745987492981,0.8450465625060503,0.0309964957116028,0.0036494937174498
LC08_L2SP_166040_20180523_02_T1,2018-05-23,landsat-8,166,3.78,68.54395544,96877,0.5251810651400816,0.339275,0.41501,0.075106225206367,0.0925866378773557,0.0667991104716314,-0.0339895816867965,-0.0215712819804839,0.0092390932616361,0.1380216376026662,0.1491863038765218,0.1538836763422384,0.2160987644126056,0.3619022058899429,0.4704212558192347,0.0895568607615842,0.0002890262910701
LE07_L2SP_166040_20180531_02_T1,2018-05-31,landsat-7,166,4.0,69.14318422,99704,0.54050654870327,0.360505,0.4484775,0.1077743396596443,0.1125513200483609,0.0241501533963919,0.0731194147778373,0.0820904508211373,0.096585139476847,0.1229902423169688,0.1285924037523896,0.1315393757354153,0.0038915188959319,0.0095984112974404,0.700513520019257,0.0019257000722137,0.0001203562545133
LC08_L2SP_165040_20180601_02_T1,2018-06-01,landsat-8,165,2.98,68.94869671,185009,0.9999783798976288,0.36276,0.4533725,0.1080804590205216,0.1135299005314516,0.0294696141166633,0.0746078680182515,0.0836680504402865,0.0974691056824146,0.1235443489719057,0.1284983254056757,0.1320721856832392,0.0065023863703927,0.012448043068175,0.7141274208281759,0.0052213676091433,0.00047024739337
LC08_L2SP_166040_20180608_02_T1,2018-06-08,landsat-8,166,0.12,69.00596718,173753,0.941934469598404,0.34725,0.44284,0.1209047864793578,0.125614580409744,0.0262847992972422,0.0875323646358066,0.0955540469070596,0.1084061886415016,0.1365652603805366,0.1411185415884914,0.1446835713084315,0.004477620530293,0.007792671205677,0.856301761696201,0.0260081840313548,0.002566862154898
LE07_L2SP_165040_20180609_02_T1,2018-06-09,landsat-7,165,0.0,69.16817018,133298,0.7204791014685454,0.364135,0.461155,0.1152117359474802,0.1205582443195715,0.0282137254270538,0.0786613381988116,0.088221251978277,0.1031885574774269,0.1306578319014107,0.137488938449542,0.1441462749469016,0.0061891401221323,0.0107278428783627,0.7879338024576513,0.0289876817356599,0.0007126888625485
LE07_L2SP_166040_20180616_02_T1,2018-06-16,landsat-7,166,0.0,68.97132114,99348,0.5385766328389279,0.368535,0.4654175,0.1174807320660182,0.1232150610222812,0.0291293249708995,0.0791343731565639,0.0890249436813438,0.1048189489651962,0.132507040576311,0.1390091439684569,0.1449850342862982,0.0043483512501509,0.0101662841728066,0.8033176309538189,0.0331964407939767,0.0024660788339976
LC08_L2SP_165040_20180617_02_T1,2018-06-17,landsat-8,165,0.2,68.80953727,185012,0.9999945949744072,0.3555824999999999,0.4552974999999999,0.1210977175650157,0.1243475594911652,0.022691928505548,0.0891583049948993,0.0959255245721723,0.10777093848076,0.1354385190797989,0.1434114174526241,0.148341038034913,0.0026809071843988,0.0058158389726071,0.8558093529068385,0.0404135947938512,0.001670161935442
LC08_L2SP_166040_20180624_02_T1,2018-06-24,landsat-8,166,0.51,68.50610849,167294,0.9069195073293432,0.34824,0.448615,0.1298531472958414,0.1358456189381957,0.0262157238987871,0.0938245894033327,0.1025118631126321,0.1165091492930263,0.1445156380213157,0.1489477540450969,0.1542106436347458,0.0032039403684531,0.0066529582650902,0.918024555572824,0.0824118019773572,0.0053080206104223
LE07_L2SP_165040_20180625_02_T1,2018-06-25,landsat-7,165,0.0,68.53011797,133152,0.7196899677319972,0.3643274999999999,0.4720175,0.1261738778803113,0.1319649381672684,0.0313508090952458,0.088081368339408,0.0989371604051284,0.1144551352263894,0.1413854234953566,0.1489906094066766,0.1552089928061834,0.0063536409516943,0.0106044220139389,0.8921683489545782,0.0865552150925258,0.004017964431627
LE07_L2SP_166040_20180702_02_T1,2018-07-02,landsat-7,166,2.0,68.07487717,102704,0.5567698846387371,0.3529425,0.4565075,0.1296701280218093,0.1350775765254436,0.0268793116693718,0.0918579033133737,0.1023600064388595,0.1180491747607419,0.1441150386596997,0.1510438366041954,0.1565353473901832,0.0042549462533104,0.0081398971802461,0.9137424053590902,0.1115730643402399,0.0027360180713506
LC08_L2SP_165040_20180703_02_T1,2018-07-03,landsat-8,165,0.01,67.97810564,185009,0.9999783798976288,0.3408975,0.4550225,0.142834278714781,0.1484115884709745,0.0295456132974434,0.1078491930280484,0.1169594412154211,0.1310097626224566,0.1569727086737859,0.1631179983437075,0.1697127714159443,0.0042160111129728,0.0066212995043484,0.9700122696733672,0.4693933808625526,0.0081293342486041
LC08_L2SP_166040_20180710_02_T1,2018-07-10,landsat-8,166,0.2,67.47995576,168269,0.91220509150837,0.3400725,0.44427,0.1357862586824397,0.1417286497565455,0.0312889306713905,0.0995371193922709,0.1081370182623338,0.1220092788254265,0.1519568612070717,0.1565884963009487,0.161467969651533,0.0033280045641205,0.0064658374388627,0.9479939858203236,0.3239158727989112,0.0070541811028769
LE07_L2SP_165040_20180711_02_T1,2018-07-11,landsat-7,165,0.0,67.38246216,132399,0.7156199834606217,0.351595,0.455545,0.1267756168426443,0.1325975874136612,0.0324940311181902,0.089475513604784,0.0999209964432846,0.1152880269165818,0.1425660592006767,0.1497792232722881,0.1550688083820387,0.0055362955913564,0.0090710654914312,0.8995234102976608,0.0967907612595261,0.0016918556786682
LE07_L2SP_166040_20180718_02_T1,2018-07-18,landsat-7,166,1.0,66.76172084,103439,0.5607544019429266,0.35924,0.4598075,0.1209830983284395,0.1269454988056495,0.0311119946597088,0.0841156486836827,0.0934107245908527,0.1077756547770151,0.1379980420910173,0.1437989958826345,0.1480220541742837,0.0046790862247314,0.0086041048347335,0.8415781281721595,0.0336816867912489,0.0008700780169955
LC08_L2SP_165040_20180719_02_T1,2018-07-19,landsat-8,165,0.01,66.73588808,185011,0.9999891899488144,0.3603949999999999,0.46396,0.1243732553535248,0.1305920996330659,0.0324842223639114,0.0873513326079303,0.0966358968794048,0.1107453159879977,0.1418587409162822,0.1463282428724482,0.1506935139006704,0.0048537654517839,0.0092913394338715,0.8714238612839237,0.0548183621514396,0.0026701115068833
LC08_L2SP_166040_20180726_02_T1,2018-07-26,landsat-8,166,0.07,66.07103827,175916,0.9536603348078758,0.34076,0.4293375,0.113060115754384,0.1189090775418768,0.0291359766360466,0.0758641397090776,0.0853321220388114,0.0994917652197146,0.1312822893318023,0.1352039318242221,0.1377187115242604,0.0055310489097069,0.0117101343823188,0.7430648718706655,0.0111416812569635,0.0004718160940448
LE07_L2SP_166040_20180803_02_T1,2018-08-03,landsat-7,166,0.0,65.04331244,99465,0.5392109029404112,0.356325,0.4571675,0.12364167221771,0.1302110137471138,0.0445116451822893,0.0837575474236929,0.0948810480964022,0.1120959723202262,0.139695141700383,0.1471012816647668,0.1549388851814649,0.00524807721309,0.0110491127532297,0.8644246719951741,0.0737746946161966,0.0072789423415271
LC08_L2SP_165040_20180804_02_T1,2018-08-04,landsat-8,165,0.0,65.07316972,185010,0.9999837849232216,0.35924,0.46803,0.1312785841644359,0.1383129145521333,0.0405205387040415,0.0903550553132507,0.1012920927098027,0.1183981906729245,0.1467901149615837,0.1544256834172996,0.1623839981263239,0.0051997189341116,0.0098210907518512,0.9076914761364252,0.1638451975568888,0.010783200908059
LC08_L2SP_166040_20180811_02_T1,2018-08-11,landsat-8,166,0.0,64.15503412,167281,0.9068490328736232,0.3415849999999999,0.4380825,0.1257357942870594,0.1325036392365718,0.0364355954300623,0.0879177088838164,0.0974444662876911,0.1124452596185998,0.1423055396769419,0.1473847674505053,0.1526106337828748,0.0050812704371685,0.0095767002827577,0.8796217143608659,0.0676586103622049,0.005577441550445
LE07_L2SP_165040_20180812_02_T1,2018-08-12,landsat-7,165,0.0,63.82431888,133310,0.720543961775659,0.3630899999999999,0.4648675,0.1176661308197811,0.1246686225868182,0.0391943212615279,0.0757661340462661,0.0879095639160734,0.1053783898344245,0.135160812060397,0.1428202271875302,0.1485088227865628,0.0065636486385117,0.0152501687795364,0.8048233440852149,0.044490285800015,0.0019503413097292
LE07_L2SP_166040_20180819_02_T1,2018-08-19,landsat-7,166,0.0,62.70799692,97403,0.5280325700407668,0.351265,0.4541425,0.130218200660506,0.1358474248091834,0.0427252073599931,0.0914803348630993,0.1027205772678299,0.1199153106195496,0.1442867453546724,0.1530987721285406,0.1624180712477108,0.0049895793764052,0.0089114298327566,0.9147048858864716,0.1350882416352679,0.0095992936562528
LC08_L2SP_165040_20180820_02_T1,2018-08-20,landsat-8,165,0.0,62.76073336,185009,0.9999783798976288,0.358855,0.4669574999999999,0.1301225522564333,0.136402972687891,0.0405923093302054,0.0901381471731203,0.1012949101556189,0.118330310735422,0.1447476821096571,0.152886288039601,0.1632256786387484,0.0057564767119437,0.0109291980390143,0.9075396332070332,0.1314422541606084,0.0106265100616726
LC08_L2SP_166040_20180827_02_T1,2018-08-27,landsat-8,166,0.0,61.49104417,164717,0.8929493017607771,0.3320424999999999,0.4334625,0.1345554604386278,0.1407915973574106,0.0324712295661621,0.0977198251011747,0.1070383143091795,0.1212686932205754,0.1518171291945869,0.1565183407415497,0.1602788126622859,0.0046443293649107,0.0074248559650795,0.9412507512885736,0.3164154276729178,0.0035758300600423
LE07_L2SP_165040_20180828_02_T1,2018-08-28,landsat-7,165,0.0,61.05151499,133598,0.7221006091463843,0.3533825,0.4580475,0.1231601128015568,0.1304352603836412,0.039156803281021,0.0808074457324006,0.0928802643151657,0.1106932935193069,0.1420294651581669,0.1489468248340023,0.1542294518936306,0.0069761523376098,0.0134957110136379,0.8522283267713588,0.0854428958517343,0.0019685923441967
LE07_L2SP_166040_20180904_02_T1,2018-09-04,landsat-7,166,0.0,59.56184083,96805,0.5247907450776303,0.344335,0.4307675,0.1095153936478692,0.1171756110709205,0.0370463759208504,0.0639218826129039,0.0776125865372167,0.0967198298500844,0.1288987700101711,0.1356717848501321,0.1396702361771337,0.0083260162181705,0.0250710190589329,0.7159650844481174,0.0115696503279789,0.0014358762460616
LC08_L2SP_165040_20180905_02_T1,2018-09-05,landsat-8,165,0.0,59.60411575,185006,0.9999621648208504,0.35044,0.446965,0.1181878587196743,0.1246618993084668,0.0380632818834406,0.0793929160060207,0.090139161188153,0.1055712154458869,0.1366534356032303,0.1425212273966187,0.1462710048603829,0.0067835637763099,0.0131455196047695,0.8154600391338659,0.0285017783207031,0.0022323600315665
LC08_L2SP_166040_20180912_02_T1,2018-09-12,landsat-8,166,1.17,57.93727885,169835,0.920694552866684,0.33185,0.4231775,0.1230968273900802,0.1290777161007341,0.0327542070017253,0.084916109604437,0.094581202471325,0.1097299791926582,0.1409390363122679,0.1470529967399423,0.1508934655690598,0.0053816939971148,0.0091912738834751,0.8574027732799482,0.0583330879971737,0.0012011658374304
LE07_L2SP_165040_20180913_02_T1,2018-09-13,landsat-7,165,0.0,57.40773325,133468,0.7213979558193208,0.3643825,0.473805,0.1257121786790885,0.132622344110889,0.0414816218256132,0.0833978902126333,0.0955428134556893,0.1133499036163852,0.1443930738894714,0.1522189748604629,0.1571755525022881,0.0072152126352384,0.012519854946504,0.8711601282704469,0.1393517547277249,0.0033116552282194
LE07_L2SP_166040_20180920_02_T1,2018-09-20,landsat-7,166,0.0,55.55699345,99046,0.5369394570214242,0.3472774999999999,0.432005,0.1070297043309633,0.1143390092541165,0.0373529031815301,0.0621127136319302,0.0753733271155899,0.0947125560422859,0.126060842754767,0.1329057881157872,0.1370382394450059,0.0076933949881873,0.0265533186600165,0.6913050501787048,0.0097227550834965,0.0002524079720533
LC08_L2SP_165040_20180921_02_T1,2018-09-21,landsat-8,165,0.0,55.57082684,185010,0.9999837849232216,0.3482949999999999,0.442345,0.1136206907434311,0.1197558211370094,0.0361025723982211,0.0750667519162626,0.0858132919919357,0.1016323781263035,0.1318752501162532,0.1377301163319881,0.1415346739315143,0.0067834171125885,0.0132857683368466,0.770390789687044,0.0123614939732987,0.0007945516458569
LC08_L2SP_166040_20180928_02_T1,2018-09-28,landsat-8,166,0.0,53.58109459,163293,0.8852296383034088,0.339,0.4398424999999999,0.1337282567018226,0.1394842631150169,0.0382012667770225,0.0970711223070872,0.1055277596608043,0.119636857132573,0.1502103821297396,0.1574186688374512,0.1642613736697489,0.004819557482562,0.0075141004207161,0.9360842167147396,0.256618471091841,0.0084020747980623
LE07_L2SP_165040_20180929_02_T1,2018-09-29,landsat-7,165,0.0,53.00014205,133289,0.7204304562382103,0.3589925,0.4645925,0.1223418667713908,0.1290282082343258,0.0415879808305644,0.0801947343090426,0.0922313545000396,0.1094477264624397,0.1414783954712826,0.1490168849710987,0.1548395578574635,0.0070523449046808,0.0152375664908582,0.8446908597108539,0.0857835230214046,0.0031735552071063
LE07_L2SP_166040_20181006_02_T1,2018-10-06,landsat-7,166,0.0,50.89464518,102267,0.5544008587041374,0.3630075,0.4585425,0.1140942411476004,0.1204536434518187,0.0352247124735961,0.0727166920814743,0.0839556248707082,0.1010024368400378,0.1326095726898617,0.1394804579063601,0.1432686544368019,0.0066199262714267,0.0153617491468411,0.760831939921969,0.0168187196260768,0.0010560591393118
LC08_L2SP_166040_20181014_02_T1,2018-10-14,landsat-8,166,0.0,48.72064683,148503,0.8050513921415561,0.35176,0.4355525,0.106266529994724,0.1127168412528086,0.0350831689062662,0.0670886753299664,0.0765327303417312,0.0918505931474472,0.1255966494151909,0.1312461296340499,0.1342955152316793,0.0062355642646949,0.0169895557665501,0.6511316269704989,0.0082624593442556,0.0011582257597489
LC08_L2SP_166040_20181030_02_T1,2018-10-30,landsat-8,166,0.16,43.81512314,140509,0.7617150229855147,0.3522825,0.4518049999999999,0.1235324519489459,0.1285391987900605,0.0331043177385877,0.0876419054566969,0.0985370982446136,0.114439476812874,0.1347474229358583,0.1409894930869142,0.1494100126258356,0.0040922645524485,0.0097716160530642,0.8903201930125473,0.0484879972101431,0.0084549744144503
LE07_L2SP_165040_20181031_02_T1,2018-10-31,landsat-7,165,1.0,43.21962623,133673,0.722505986065844,0.36012,0.4538399999999999,0.1154418711368492,0.1213582937669409,0.0410241630398698,0.0728124985268243,0.0869949740426811,0.1059686766137949,0.1303028080220647,0.1388163796717674,0.1486402357674831,0.008864916624898,0.0241260389158618,0.8100813178427955,0.0462097805839623,0.0062690296469743
LE07_L2SP_166040_20181107_02_T1,2018-11-07,landsat-7,166,2.0,41.2005838,91890,0.4981459797033568,0.2917275,0.3323175,0.059836426067828,0.0788709383542023,0.0740494622326376,-0.0524763326303743,-0.0154861026896581,0.0342456204930149,0.1048086713658627,0.1182717460558709,0.1247873919021299,0.1337686364131026,0.3233431276526281,0.3042224398737621,0.0079551637827837,0.0007400152356077
LE07_L2SP_166040_20181225_02_T1,2018-12-25,landsat-7,166,1.0,33.03374702,86495,0.4688990805794084,0.3483775,0.4317025,0.0910784244804628,0.1119470092865713,0.1062897179279125,0.0227272212512369,0.0621443686141713,0.0935627140534136,0.1249977271625392,0.135945560141185,0.1420415670888072,0.0412740620845135,0.0758425342505347,0.6855656396323487,0.0310769408636337,0.004890456095728
LC08_L2SP_165040_20190111_02_T1,2019-01-11,landsat-8,165,0.14,34.13497637,184363,0.9964867333646824,0.344225,0.4254325,0.0924582786688596,0.1093302766540817,0.0904146122875048,0.0335414002796642,0.0641703449455663,0.090679355025253,0.1197401634326503,0.1317187224228082,0.1408904830225019,0.0335859147442816,0.0687448132217418,0.647798093977642,0.0285360945525946,0.0038022813688212
LE07_L2SP_165040_20190119_02_T2,2019-01-19,landsat-7,165,1.0,34.5639493,133092,0.7193656661964294,0.357095,0.43756,0.0923421385945964,0.1057243411037271,0.0602179370060832,0.0398700575418176,0.0603606331299789,0.0823896538389816,0.1176540045555081,0.1261480132966601,0.1311570745828726,0.0285291377393081,0.0681032669131127,0.5728067802722928,0.0097451387010488,0.00185585910498
LC08_L2SP_166040_20190203_02_T1,2019-02-03,landsat-8,166,0.06,38.14054366,172065,0.9327836325787144,0.2898025,0.3700199999999999,0.1088122539334338,0.1229684605260275,0.0770462293761963,0.0648114195410175,0.0831377320276945,0.1010642164617192,0.1383622264131143,0.1441066551366817,0.1470650312196341,0.0263795658617382,0.0384447737773515,0.7625316014296922,0.0287507627931305,0.0033940661959143
LE07_L2SP_165040_20190204_02_T1,2019-02-04,landsat-7,165,0.0,37.69088733,133433,0.7212087799235729,0.3121875,0.3999125,0.1025192204447719,0.120559549183962,0.096291468392987,0.0541258139548753,0.0755111064727541,0.0980515374142171,0.1347415883298512,0.1422306836875121,0.1469034093445571,0.0286360945193467,0.045933164959193,0.7299468647186228,0.0424857419079238,0.0015438459751335
LC08_L2SP_165040_20190212_02_T1,2019-02-12,landsat-8,165,4.73,40.53068911,184989,0.9998702793857728,0.2546025,0.278335,0.0385003847344768,0.0665945529832431,0.1138123512544685,-0.1103121379021166,-0.0403538261429505,0.024906778406426,0.0919896620983239,0.1098607775849345,0.1193872532557636,0.1725129602300677,0.3746655206525793,0.1742265756342269,0.0058544021536415,0.0015622550530031
LE07_L2SP_165040_20190220_02_T1,2019-02-20,landsat-7,165,0.0,42.14336541,134230,0.7255165853210315,0.304295,0.3808275,0.0942465169640249,0.1142392335828754,0.095313179872824,0.0236175265492336,0.0576850698309177,0.0867105541104939,0.129231939146156,0.140006655345667,0.1453942538999443,0.0386426283245176,0.0816359979140281,0.6422856291440066,0.0297697981077255,0.0035014527303881
LC08_L2SP_166040_20190307_02_T1,2019-03-07,landsat-8,166,0.13,48.04407878,167372,0.9073423540636656,0.3004175,0.3852549999999999,0.1105511993363506,0.1246051053590881,0.0756801161459185,0.0652480197573413,0.0839423847283927,0.1038206754748613,0.1354721292416432,0.1416693251630293,0.1473597868810092,0.022393231842841,0.0360753292067968,0.78868627966446,0.0394151948952035,0.0049948617450947
LE07_L2SP_165040_20190308_02_T1,2019-03-08,landsat-7,165,1.0,47.44474229,134496,0.7269543221287152,0.3211799999999999,0.3991699999999999,0.095077064650516,0.1104793884017198,0.0798565993042776,0.0395476217836253,0.0613604740659593,0.085933144482753,0.1259351584855673,0.1345015353275711,0.1402094760569607,0.029629133951939,0.0671172376873661,0.6166503093028789,0.0183871639305258,0.0033160837497025
LE07_L2SP_166040_20190315_02_T1,2019-03-15,landsat-7,166,2.0,49.8919462,87366,0.4736208691126723,0.293515,0.363255,0.0968557872784071,0.1038591170483212,0.0505588288516087,0.0353092116948644,0.0536269853887489,0.0765928610858849,0.1288750646222566,0.1426063224546104,0.1469518356625203,0.0266579676304283,0.0859716594556234,0.5405878717121076,0.0382185289471876,0.0017169150470434
LC08_L2SP_166040_20190408_02_T1,2019-04-08,landsat-8,166,0.02,59.29125652,141998,0.7697870587214849,0.27839,0.363805,0.1231628755315697,0.132050979930436,0.0507800011295422,0.0822570812281033,0.0969267985858551,0.1154483247789277,0.1399895467005367,0.1468482175312376,0.153212838602889,0.0138030113100184,0.0220073522162283,0.8825758109269145,0.0667051648614769,0.0070353103564838
LC08_L2SP_166040_20190424_02_T1,2019-04-24,landsat-8,166,1.98,63.92219221,132904,0.7204874663891058,0.3143324999999999,0.4054125,0.1229630045925174,0.1301726736114397,0.042222027763877,0.0824814043185702,0.096052349819698,0.113412858936846,0.1408012014739944,0.1450752410652497,0.1481101207648122,0.0103608619755613,0.018396737494733,0.8757373743453921,0.0374405585986877,0.0054625895383133
LE07_L2SP_165040_20190425_02_T1,2019-04-25,landsat-7,165,0.0,62.67075972,134892,0.7290947122634626,0.334105,0.4182825,0.1060057769634425,0.1148227145541605,0.0536363182687717,0.0586340643570503,0.0745659935413543,0.0951307014611798,0.1303763870994784,0.1388114980947573,0.1437229590596945,0.0196453459063547,0.0375263173501764,0.7000637547074697,0.0222103608812976,0.0015419743201968
LE07_L2SP_166040_20190502_02_T1,2019-05-02,landsat-7,166,0.0,64.14599962,85686,0.4645134009888108,0.3133425,0.3960625,0.1133599283369902,0.117918430847755,0.0354588614475665,0.067496194439733,0.081328868829535,0.1013626555557188,0.1345127289014999,0.1445749979280315,0.1481291702623258,0.011390425507084,0.0246831454379945,0.7633685782975048,0.0311719534112923,0.0006885605583175
LC08_L2SP_166040_20190510_02_T1,2019-05-10,landsat-8,166,2.1,67.2198882,154218,0.8360330470986209,0.29632,0.3639699999999999,0.0998052185529748,0.1034964301756182,0.0355160700378357,0.0608551955626072,0.071310357620552,0.0854598313963179,0.1192801714506542,0.1327374143599721,0.1353864214943237,0.0121970198031358,0.0297047037310819,0.5527110972778794,0.0036701292974879,0.0001102335654722
LC08_L2SP_166040_20190526_02_T1,2019-05-26,landsat-8,166,0.12,68.88612714,145857,0.7907071298464741,0.2934875,0.3879225,0.1300865860958643,0.1398648405050741,0.046673441280592,0.0857664849336437,0.1012620382474917,0.120055283390352,0.148902346772158,0.1549457135150858,0.1587492684775695,0.0114838506208135,0.0198139273397917,0.9057227284257868,0.2182205859163427,0.0053271354820132
LE07_L2SP_165040_20190527_02_T1,2019-05-27,landsat-7,165,2.0,66.91659881,134741,0.7282785533989503,0.313205,0.4106924999999999,0.1234956248053558,0.134218366535465,0.0555922757499415,0.072878570939617,0.0910983514257071,0.1133067057306476,0.1480353963744013,0.156136592264128,0.159998559965888,0.0185392716396642,0.0297162704744658,0.8534299136862573,0.2047186825094069,0.0025085163387536
LE07_L2SP_166040_20190603_02_T1,2019-06-03,landsat-7,166,0.0,67.04652086,84640,0.4588429178593113,0.3245075,0.4237825,0.1249782427204258,0.1332528392245345,0.0509785963335107,0.0775378873160463,0.0938666437342096,0.1140965083286313,0.1460683606383268,0.1533035836514271,0.1573077814998168,0.011602079395085,0.0226606805293005,0.8677930056710775,0.1599243856332703,0.0056001890359168
LC08_L2SP_165040_20190604_02_T1,2019-06-04,landsat-8,165,0.0,69.17485779,185011,0.9999891899488144,0.3174125,0.41831,0.1289451384246807,0.1380987211521585,0.0564085872870559,0.0837017997960345,0.099738768415694,0.1185232282471499,0.1527676518355104,0.1582446435283167,0.161626511625867,0.0141072692975012,0.0230905189421169,0.8987573711833351,0.3047386371621147,0.0049780823842906
LC08_L2SP_166040_20190611_02_T1,2019-06-11,landsat-8,166,0.0,69.14947317,142753,0.7738799982652441,0.3011324999999999,0.39532,0.130022403375168,0.1366709004764415,0.0418884841879067,0.0875687410311462,0.1025012352957133,0.1199546696423926,0.1494519065694564,0.1550136731515112,0.1574261758165326,0.0092117153404832,0.0179961191708755,0.9118477370002732,0.2379004294130421,0.0046934215042766
LE07_L2SP_165040_20190612_02_T1,2019-06-12,landsat-7,165,0.0,66.90999183,135459,0.732159361774578,0.33361,0.4202075,0.1066546282775076,0.1141965950346657,0.0475326801138924,0.058984308924625,0.0748723465160176,0.0949793088428811,0.129555104154096,0.1379267827041488,0.1429155511248697,0.0167356912423685,0.0383879993208277,0.6926450069762806,0.020899312707166,0.001513373050148
LE07_L2SP_166040_20190619_02_T1,2019-06-19,landsat-7,166,0.0,66.6238528,79503,0.4309946656258132,0.3305575,0.42007,0.1165412283013847,0.1217689979367125,0.044320009328132,0.0699727959979041,0.0848240403859746,0.1039680049797463,0.1386544332051864,0.1482866855320024,0.1522911194607516,0.0104272794737305,0.0262128473139378,0.7903475340553187,0.0722740022389092,0.002704300466649
LC08_L2SP_165040_20190620_02_T1,2019-06-20,landsat-8,165,0.01,68.87939699,185011,0.9999891899488144,0.3401274999999999,0.4284575,0.1100002504355903,0.1165323471236278,0.0514163408572496,0.0635600411257759,0.0792901572395534,0.0975062613857079,0.1341382019875743,0.1414893788868164,0.1450724717836378,0.0145396760192637,0.0332845074076676,0.7199896222386777,0.0309603212781942,0.0034160131019236
LC08_L2SP_166040_20190627_02_T1,2019-06-27,landsat-8,166,0.0,68.53127645,148502,0.8050459710295775,0.315075,0.4144049999999999,0.1318462208844693,0.1375069045961821,0.0430618598112641,0.0887475520302349,0.102687369415404,0.1196681383095306,0.1526929565829378,0.1583327285583489,0.1608656576742204,0.0075689216306851,0.016269141156348,0.9130853456519104,0.2947233033898533,0.007265895408816
LE07_L2SP_165040_20190628_02_T1,2019-06-28,landsat-7,165,0.0,66.08914429,135903,0.7345591931377795,0.34813,0.4399525,0.1118541560423179,0.1180926832900443,0.0466207388102168,0.0645416722835729,0.0801125714018692,0.0989442398093412,0.1351323487632669,0.1445668111284924,0.1491150713181486,0.0143705436966071,0.0324864057452742,0.7394097260546125,0.0479459614578044,0.0020750093816913
LE07_L2SP_166040_20190705_02_T1,2019-07-05,landsat-7,166,0.0,65.57479446,75391,0.4087030531702663,0.3357,0.4166325,0.1058862459698922,0.109236942073531,0.0380881042825375,0.0570788171926082,0.0734714992765254,0.0930128733534836,0.1289194840895689,0.1393823432797431,0.143989454515873,0.0121765197437359,0.0401772094812378,0.6530222440344338,0.0140467695082967,0.000278547837275
LC08_L2SP_165040_20190706_02_T1,2019-07-06,landsat-8,165,0.04,67.95344837,185012,0.9999945949744072,0.340815,0.4388249999999999,0.1203722377915891,0.1270232654052136,0.0536028879820434,0.0735870229813317,0.0897063497421087,0.1081430764423201,0.1443613648332937,0.1510923759026312,0.1556657679813996,0.012069487384602,0.0260793894450089,0.832805439647158,0.1197165589259075,0.0056969277668475
LC08_L2SP_166040_20190713_02_T1,2019-07-13,landsat-8,166,0.02,67.42460042,163577,0.8867692341052997,0.322665,0.4116825,0.1171333618874694,0.1213659180761213,0.0460103393731641,0.0726561608501088,0.0872547570968283,0.1039047123689182,0.1394186333272259,0.1498835733268041,0.152442460335202,0.0111873918704952,0.025724887973248,0.7970435941483216,0.0973608759177635,0.0048723231261118
LE07_L2SP_165040_20190714_02_T1,2019-07-14,landsat-7,165,0.0,64.82526949,136001,0.7350888856458735,0.3511,0.43943,0.1056057629391021,0.1120213521949544,0.0559185967013902,0.0562837792089068,0.0724633347819324,0.0922882504101982,0.1319107320404997,0.141717331058403,0.1468013963598504,0.0166763479680296,0.0406467599502944,0.6608627877736193,0.0321321166756126,0.0030073308284497
LC08_L2SP_165040_20190722_02_T1,2019-07-22,landsat-8,165,0.07,66.64204774,185011,0.9999891899488144,0.3332525,0.42216,0.1127865749315578,0.1177073165725931,0.0434452114592859,0.067658050322709,0.0826516944503102,0.0996361915816687,0.1364207037700235,0.1441109252445557,0.1470850996904763,0.011810108588138,0.0294144672478933,0.7454205425623341,0.0329872277864559,0.0029025301198307
LC08_L2SP_166040_20190729_02_T1,2019-07-29,landsat-8,166,0.0,65.93412513,170168,0.9224997831555208,0.312545,0.398125,0.1150754006121943,0.1197200952883547,0.0418009848370861,0.0704542346886379,0.0854841560834802,0.1024411726461403,0.1368171415373252,0.1451604311515041,0.1473602358022823,0.010818720323445,0.0268910723520285,0.7797882092990457,0.0304052465798505,0.0044720511494523
LE07_L2SP_165040_20190730_02_T1,2019-07-30,landsat-7,165,1.0,63.22817453,135877,0.7344186624723668,0.32987,0.41996,0.112209924315378,0.1185782265034501,0.0478409523921303,0.0603552389843045,0.0777533619609278,0.0991424607283926,0.1371358599685214,0.1468080674448189,0.1522359747576648,0.0158378533526645,0.037040853124517,0.7403239694723904,0.0627037688497685,0.0022005195875681
LE07_L2SP_166040_20190806_02_T1,2019-08-06,landsat-7,166,1.0,62.3917619,77298,0.4190411137132449,0.334875,0.4197125,0.1096647884831741,0.1165113554234483,0.0525810502874544,0.0546254850191393,0.0749708897950239,0.0970442755757939,0.134493319938477,0.1423734296252603,0.1461122831033572,0.0164557944578126,0.0434551993583275,0.7188154932857254,0.0276462521669383,0.0060286165230665
LC08_L2SP_165040_20190807_02_T1,2019-08-07,landsat-8,165,2.61,64.86568373,185012,0.9999945949744072,0.3368825,0.4149,0.1021789589661724,0.1043713584886065,0.0434449088113411,0.0527671964420173,0.0699009310720562,0.0884327563910581,0.1276891242135375,0.141302036929876,0.1458044558374576,0.0171502389034224,0.0457267636693836,0.5768977147428275,0.0253713272652584,0.0011728968931744
LE07_L2SP_166040_20190822_02_T1,2019-08-22,landsat-7,166,0.0,60.05207544,80520,0.4365079365079365,0.3316575,0.4130575,0.1073325433116138,0.1120616098151382,0.0505919643133654,0.0550608015707543,0.0736905607403442,0.0943701358939896,0.1341851579327566,0.1425704186135648,0.1463153916919804,0.0167536015896671,0.0431445603576751,0.6843889716840537,0.0269001490312965,0.003204172876304
LC08_L2SP_165040_20190823_02_T1,2019-08-23,landsat-8,165,1.07,62.40560492,185013,1.0,0.33724,0.428485,0.1152916337607597,0.1197116847217194,0.052822279258072,0.0666160880910368,0.0829489957206887,0.1013143683406382,0.1426895396256312,0.1519922519390484,0.154825137970808,0.0133828433677633,0.0314356288477025,0.7651354229162275,0.1517298784409744,0.0041024144249323
LC08_L2SP_166040_20190830_02_T1,2019-08-30,landsat-8,166,0.0,61.05580874,167204,0.9064316072512794,0.3009949999999999,0.391415,0.1232835452013366,0.1295659716989267,0.0517415648380158,0.0747217899586225,0.0922335919432421,0.1107971120010344,0.1473894499376734,0.1570261406400178,0.159499045959236,0.0131037534987201,0.0275172842754958,0.854483146336212,0.2247733307815602,0.0052929355757039
LE07_L2SP_165040_20190831_02_T1,2019-08-31,landsat-7,165,0.0,58.40462285,135334,0.7314837335754785,0.3252225,0.4112975,0.1084417312724225,0.1158313924958225,0.0540485259642934,0.0547934484034701,0.073344381424627,0.0951324657263903,0.1353571748341848,0.1454354535700822,0.1493493435919023,0.0189974433623479,0.0441574179437539,0.7015458051930779,0.0448002719198427,0.0017512229003798
LE07_L2SP_166040_20190907_02_T1,2019-09-07,landsat-7,166,0.0,56.94131209,85034,0.460978835978836,0.3257724999999999,0.406595,0.1062662802809185,0.1126235552985839,0.0439959348798353,0.0542633022960677,0.0724391213627541,0.0939008941866181,0.1294607377868152,0.1382469844027594,0.1422216370494346,0.0167580026812804,0.0436296069807371,0.6830679492908719,0.0167344826775172,0.0021991203518592
LC08_L2SP_165040_20190908_02_T1,2019-09-08,landsat-8,165,0.0,59.06675421,185011,0.9999891899488144,0.3337199999999999,0.4149275,0.1044106501819247,0.1103180304370589,0.0548956220161242,0.0556720730858111,0.0726756766324902,0.0914803747388087,0.1291829742060649,0.1386720722603384,0.1421726377627941,0.0153126030344141,0.0415056402051769,0.6436536205955321,0.0205555345357843,0.0035565452864964
LC08_L2SP_166040_20190915_02_T1,2019-09-15,landsat-8,166,0.0,57.3309897,161883,0.8775858704137393,0.3122425,0.3935875,0.1098591575641155,0.1149077895069197,0.04984144509473,0.0630772503618702,0.080050668849686,0.0976147240568907,0.1326743471904974,0.1439957058258984,0.1464534598996663,0.0151590963844257,0.0350500052507057,0.7193466886578578,0.0220035457707109,0.0036260756225174
LE07_L2SP_166040_20190923_02_T1,2019-09-23,landsat-7,166,0.0,53.03861181,89668,0.4861002688871541,0.3081175,0.39235,0.1108864690609883,0.1192997263952438,0.0587686845448252,0.0488441947632527,0.0723758188329988,0.097931540623659,0.1400362007848635,0.1507239467086542,0.1546149050769555,0.0251929339340678,0.0514453316679305,0.7320783334076817,0.1226078422625685,0.004583574965428
LC08_L2SP_165040_20190924_02_T1,2019-09-24,landsat-8,165,0.0,54.88392384,185011,0.9999891899488144,0.3138924999999999,0.401205,0.1170131753922871,0.1229197565393092,0.052436377361698,0.0673174239232854,0.0851485635794336,0.1043330270034636,0.1429279466794075,0.1531706803827351,0.1558686156250474,0.0153396284545243,0.0327710244255746,0.7949959732124036,0.1705736415672581,0.0031187334807119
LC08_L2SP_166040_20191001_02_T1,2019-10-01,landsat-8,166,0.0,52.84001311,152579,0.8271478445658773,0.3121325,0.3910575,0.1071224930419009,0.1123908293213676,0.0492978571780642,0.0588314988260932,0.0758312571093,0.0943969900718108,0.1306476255993299,0.1432500506595944,0.1459202011054053,0.0167323157184147,0.039048623991506,0.6837376047817851,0.0158671901113521,0.002608484784931
LE07_L2SP_166040_20191009_02_T1,2019-10-09,landsat-7,166,0.0,48.50851603,81578,0.4422434729811779,0.30798,0.3665,0.0843327959174622,0.0908300666259882,0.0506347181896084,0.0285196248298829,0.0487232707799152,0.0715139367426082,0.1106556160143287,0.1216211306048787,0.1259946140031991,0.0291009831081909,0.105359288043345,0.3695726789085292,0.0035548799921547,0.0004290372404324
LC08_L2SP_165040_20191010_02_T1,2019-10-10,landsat-8,165,0.0,50.09984973,185012,0.9999945949744072,0.3278075,0.401645,0.09652293414376,0.1025644304257403,0.0511206691036393,0.0475033379688129,0.0652397654964741,0.0840551959060405,0.1205582956001143,0.1298411601115779,0.1338488255328977,0.0186150087561887,0.0544343069638726,0.5378029533219467,0.0096534278857587,0.0023620089507707
LC08_L2SP_166040_20191102_02_T1,2019-11-02,landsat-8,166,0.47,43.0476467,148695,0.806092245641426,0.2753925,0.350825,0.1123071634651709,0.1222652389752149,0.0575124526314052,0.0584882558335172,0.0793790774065334,0.1005235550471786,0.1363679864431764,0.1433770951137257,0.1475439113438845,0.0183866303507179,0.0407747402400887,0.7554995124247621,0.0352668213457076,0.0049093782575069
LE07_L2SP_165040_20191103_02_T1,2019-11-03,landsat-7,165,1.0,41.09444157,136174,0.7360239550734273,0.2869975,0.360065,0.1052818429728247,0.1154118194678493,0.0557330583667456,0.0406280338925126,0.0649981675087428,0.0910322797444082,0.1335216078270499,0.1436006852757773,0.1490107480151508,0.0258052197923245,0.0631838676986796,0.6681671978498098,0.046881196116733,0.002144315361229
LC08_L2SP_165040_20191111_02_T1,2019-11-11,landsat-8,165,0.38,40.52141033,184996,0.9999081145649223,0.2893075,0.3610825,0.1029624914186951,0.1129905395110089,0.0597051201860729,0.0467651779532037,0.0683851016046285,0.090277566252852,0.1293053416124439,0.1375352725540771,0.1419599316066569,0.0217301995718826,0.0545471253432506,0.6451869229604964,0.0173246989124089,0.003102769789617
LC08_L2SP_166040_20191204_02_T1,2019-12-04,landsat-8,166,0.94,35.4850397,160756,0.8714762772139821,0.279325,0.35198,0.1034041099314457,0.1145788037819195,0.0706264091849983,0.0404484360663739,0.0634580558997919,0.0898138859274965,0.1300171953739966,0.1451870949555054,0.156398399414116,0.0246958122869441,0.0650551145835925,0.6655925750827341,0.0747654830923884,0.0046716763293438
LE07_L2SP_165040_20191205_02_T1,2019-12-05,landsat-7,165,3.0,33.62208951,136284,0.7366185078886348,0.2870525,0.3617975,0.1070196233568883,0.119142000619931,0.0701130088788326,0.036645141342329,0.0635792715321123,0.0931613060743306,0.135714174931943,0.1496780148047697,0.1572591865214521,0.0267162689677438,0.0685186815767074,0.697814857209944,0.092534706935517,0.0045566610900766
LE07_L2SP_165040_20191221_02_T1,2019-12-21,landsat-7,165,0.0,31.79577794,135801,0.7340078805273142,0.30149,0.390975,0.1220154430910883,0.1262010169190292,0.0801168677446359,0.0335550123678547,0.064010257295571,0.1024083669009957,0.1491331402183142,0.1876233826355406,0.2148008097992149,0.0273930236154372,0.0717373215219328,0.7642359040065979,0.2461322081575246,0.0735340682321926
LE07_L2SP_166040_20191228_02_T1,2019-12-28,landsat-7,166,0.0,31.51326784,78037,0.4230473154653482,0.3232974999999999,0.3971349999999999,0.0944016551973529,0.1017717554089145,0.0446335417876565,0.0368911693440955,0.0570014963180745,0.08276207978796,0.1143240917598942,0.1273333097940739,0.1376069509019264,0.019042249189487,0.0773991824390994,0.5405512769583659,0.0193626100439535,0.0024860002306598
LC08_L2SP_165040_20191229_02_T1,2019-12-29,landsat-8,165,0.37,33.47850938,184589,0.9977082691486544,0.3032499999999999,0.3736225,0.1011324855668478,0.1112979311152988,0.049108473914966,0.0435569453801425,0.0629638291368304,0.0876227076818394,0.1218876826852097,0.1344648371643148,0.1451258285375097,0.0166640482368938,0.0622138914019795,0.6303029974700551,0.0350183380374778,0.0018635996727865
LC08_L2SP_166040_20200105_02_T1,2020-01-05,landsat-8,166,2.64,33.68920282,168155,0.9115870847428224,0.242695,0.330035,0.1431317039493519,0.1540676045232831,0.0602270853219979,0.0838478920274309,0.1075753107820445,0.1336696088102578,0.1653530910357932,0.1767245023583393,0.1862279986703344,0.01382652909518,0.026160387737504,0.9212809610181084,0.5724123576462192,0.0183283280306859
LE07_L2SP_165040_20200106_02_T1,2020-01-06,landsat-7,165,0.0,31.64116228,135403,0.7318566803413814,0.3006925,0.380525,0.107283049623831,0.1162042281899299,0.0675210961878125,0.0385951135386717,0.0639062319064676,0.094877791666442,0.1331304528488119,0.1513392042195387,0.1639910445749457,0.0232491156030516,0.0682259624971381,0.7060700279905172,0.1084761785189397,0.0070677902262135
LE07_L2SP_166040_20200113_02_T1,2020-01-13,landsat-7,166,0.0,32.12324394,79805,0.4326318414433168,0.2906,0.3765925,0.118406287448371,0.1208572066907611,0.0544697878914245,0.064108545656811,0.085236077976779,0.1074716140311869,0.1383205030948448,0.1573814566321779,0.1688835044684805,0.0128187456926257,0.0338449971806277,0.8227554664494706,0.1544640060146607,0.0093227241400914
LE07_L2SP_166040_20200214_02_T1,2020-02-14,landsat-7,166,1.0,38.1973725,71221,0.386097016219967,0.3224174999999999,0.4040925,0.1070743425474575,0.1141720825231759,0.0397828258516526,0.0555567959067099,0.0735238989859345,0.0978311477183452,0.1237943984571191,0.1354196579020576,0.1419606912274675,0.0110079892166636,0.0416731020345122,0.7308237738869153,0.0221423456564777,0.0008003257466196
LC08_L2SP_166040_20200222_02_T1,2020-02-22,landsat-8,166,1.5,43.5559329,154553,0.8378491196114147,0.28334,0.36628,0.1200532868596899,0.1279451235634968,0.0544460191028926,0.0709010146549536,0.0882786752142089,0.1093636796902246,0.1380224439480163,0.1528328848407779,0.16227867339255,0.0102100897426772,0.0258099163393787,0.830718264931771,0.1196612165406041,0.0054867909390306
LE07_L2SP_166040_20200301_02_T1,2020-03-01,landsat-7,166,1.0,42.99335481,66873,0.3625260213374967,0.3000875,0.3810475,0.1124009547412188,0.1192561977957401,0.0377880765031121,0.0646072620262886,0.081270627800419,0.1038235740721409,0.1286637422957603,0.1385491043690289,0.1445455196076691,0.0089722309452245,0.0302812794401327,0.7842627069220762,0.0251222466466286,0.0016150015701404
LC08_L2SP_165040_20200302_02_T1,2020-03-02,landsat-8,165,0.57,46.58239062,184919,0.9994919275942772,0.3107025,0.40137,0.1220573267989544,0.129523325468755,0.0546879300992437,0.0742256578740473,0.0907965861407267,0.1119865330362312,0.1405288107208703,0.1543900937336815,0.1639326601862824,0.0104586332394183,0.0219609666935252,0.8498585867325694,0.1343723468113065,0.0044722283810749
LC08_L2SP_166040_20200309_02_T1,2020-03-09,landsat-8,166,0.51,49.05623367,147586,0.8000802324572817,0.3034699999999999,0.387015,0.1157194168574027,0.1230055306506417,0.0362325994822989,0.075410219275073,0.0885475224283677,0.1050849833774204,0.1323033970796792,0.1380032583337542,0.1430072583498953,0.0057322510265201,0.0162413779084737,0.8100971636876126,0.0189042321087366,0.001165422194517
LE07_L2SP_165040_20200310_02_T1,2020-03-10,landsat-7,165,4.0,45.94898233,136416,0.737331971266884,0.3106199999999999,0.390095,0.1050340703747923,0.1133518526156665,0.0543258341581334,0.0544967143344435,0.070863082501099,0.0937233515199344,0.127530013251376,0.1378315500210982,0.1457119570438682,0.0134881538822425,0.041871921182266,0.683167663617171,0.0297765657987332,0.0014147900539526
LE07_L2SP_166040_20200317_02_T1,2020-03-17,landsat-7,166,0.0,48.29199715,65758,0.3564814814814814,0.297145,0.3834675,0.1275614174821063,0.1375020503914672,0.047963376735038,0.0725459034093766,0.0910811842922818,0.1166184545440633,0.14817628198542,0.1550076991385109,0.1601579096047417,0.0081358922108336,0.0243164329815383,0.8587852428601843,0.1781988503299978,0.0039690988168739
LE07_L2SP_166040_20200402_02_T1,2020-04-02,landsat-7,166,2.0,53.48702782,65508,0.3551262034868592,0.3295125,0.407145,0.1022329775397451,0.1082623378829313,0.0263378720760097,0.0578887434563774,0.0692735532194967,0.0892445572176354,0.1206423433530185,0.1276270744381558,0.1308093894068139,0.00531232826525,0.0307290712584722,0.6340599621420284,0.000396898088783,0.0
LC08_L2SP_166040_20200410_02_T1,2020-04-10,landsat-8,166,3.46,60.191074,134846,0.7310152658513315,0.284825,0.3533274999999999,0.1044175363314163,0.1107038768536746,0.0344856650073734,0.0562250973051156,0.0705684239121197,0.0889320100900088,0.1280922109426747,0.1339286700972872,0.1361523337137556,0.0112943654242617,0.0395414027853996,0.6199664802812097,0.0063479821425922,0.0005636058911647
LC08_L2SP_166040_20200426_02_T1,2020-04-26,landsat-8,166,2.55,64.60657924,72931,0.3953671177031833,0.366775,0.4020575,0.0536488414789774,0.0529027678936426,0.046320017789498,-0.0207963968205697,-0.0075333865889546,0.0165716178067388,0.0983873036191865,0.1140494079528089,0.1182111176339075,0.1360464000219385,0.4839094486569497,0.2394317916935185,9.598113285159946e-05,6.855795203685675e-05
LE07_L2SP_165040_20200427_02_T1,2020-04-27,landsat-7,165,0.0,59.95742535,137343,0.742342429991406,0.334545,0.4313725,0.120966959728952,0.1287530933292558,0.0476426196047796,0.0737712017085014,0.0894760602534743,0.1103293985836363,0.1401025603339776,0.1508092039409971,0.1564283540221378,0.0104555747289632,0.0224692922100143,0.8383900162367212,0.1062012625324916,0.0024682728642886
LE07_L2SP_166040_20200504_02_T1,2020-05-04,landsat-7,166,1.0,61.18756223,68117,0.3692698846387371,0.3273125,0.4308774999999999,0.131335003450892,0.136847127668691,0.0315550240777967,0.0899820748904167,0.1034453987626206,0.1229408197792403,0.1457964000398393,0.1549702005442946,0.1628805499978011,0.0044629094058751,0.0115096084677833,0.9165259773624792,0.1724092370480203,0.0008661567596928
LC08_L2SP_166040_20200512_02_T1,2020-05-12,landsat-8,166,1.67,67.59247418,147257,0.7982966866163588,0.319035,0.42117,0.1325641837911343,0.1384879933512762,0.0421840035650044,0.0917365609273228,0.1049669705709052,0.1222714708763912,0.1483482799434695,0.1584487743722654,0.1660286713077327,0.0060574369979016,0.0117006322280095,0.9232702010770286,0.2190048690384837,0.0051406724298335
LE07_L2SP_165040_20200513_02_T1,2020-05-13,landsat-7,165,1.0,62.33653786,136778,0.7392885905314762,0.3407874999999999,0.4325549999999999,0.116647429357673,0.1218243852500088,0.0404924887931603,0.0756397444809577,0.0883902498856792,0.1052825256931461,0.1349638783235072,0.1446277338123641,0.1507031059402848,0.0083639181739753,0.0179853485209609,0.8083536826097765,0.0546798461740923,0.0015060901606983
LC08_L2SP_166040_20200528_02_T1,2020-05-28,landsat-8,166,1.38,68.98522606,169053,0.9164552432995056,0.32613,0.4195475,0.1195230191952949,0.1247561245606786,0.0385886262796273,0.0830509303546754,0.0945169455826809,0.1086437416101094,0.1385404513731004,0.14286373313328,0.1453919961826605,0.0065955647045601,0.0135283017751829,0.8555896671458063,0.0216736763026979,0.0010351783168592
LE07_L2SP_165040_20200529_02_T1,2020-05-29,landsat-7,165,1.0,63.20562528,136350,0.7369752395777595,0.340155,0.43701,0.1194517147798022,0.1268560316849026,0.046876145978956,0.076080669035667,0.090016227025369,0.1080520625527526,0.1402278629541047,0.147183200234245,0.1521174380523315,0.0092262559589292,0.0198899889988998,0.8298789878987899,0.063087642097543,0.0011587825449211
LE07_L2SP_166040_20200605_02_T1,2020-06-05,landsat-7,166,2.0,63.19185323,70457,0.3819552866684014,0.3417225,0.4318675,0.1123906404719257,0.1172997499028348,0.0286171461056221,0.0736815291535255,0.0858086945872731,0.1025873757714757,0.1287671526874262,0.1346126231571395,0.1373729419075255,0.0040166342591935,0.0157542898505471,0.7783754630483841,0.0024270122202194,0.00048256383326
LC08_L2SP_165040_20200606_02_T1,2020-06-06,landsat-8,165,0.63,69.15922571,185013,1.0,0.340925,0.4381375,0.1205184012532219,0.1265589610429607,0.0435693841233847,0.0819803220542893,0.0944008307612281,0.1102546978259182,0.1390697234044612,0.144249007768848,0.149776504419494,0.007318404652646,0.0148367952522255,0.8616799900547529,0.0487533308470215,0.0015458373195397
LC08_L2SP_166040_20200613_02_T1,2020-06-13,landsat-8,166,0.05,69.06541173,157505,0.8538522421719144,0.3214275,0.4200149999999999,0.1282910894708731,0.1340892133265162,0.0474029817973324,0.0867340939942846,0.0993497243679083,0.1152587705273329,0.1502889750472565,0.1551958246244908,0.1589647380777166,0.0061013936065521,0.0130979968889876,0.8958953684010031,0.257096600107933,0.0035236976603917
LE07_L2SP_165040_20200614_02_T1,2020-06-14,landsat-7,165,0.0,62.9062578,137022,0.7406074167761184,0.3445824999999999,0.43514,0.113172446290909,0.1198056362399427,0.0469462264135295,0.0692995327641418,0.0833872833887029,0.101502417177655,0.1342912589946032,0.1415706885659396,0.1467878882078027,0.0093780560785859,0.0238720789362292,0.7670301119528251,0.0314183123877917,0.001364744347623
LE07_L2SP_166040_20200621_02_T1,2020-06-21,landsat-7,166,1.0,62.5299064,65315,0.3540799288750108,0.3426849999999999,0.4315925,0.1133764224400682,0.1216259015140502,0.0427947743988069,0.0696156830173632,0.0844995575029123,0.1048546412835531,0.1309154661474573,0.1366549961004696,0.1402908074014134,0.0070274822016382,0.0238077011406261,0.7940748679476384,0.0109010181428462,0.0008880042869172
LC08_L2SP_165040_20200622_02_T1,2020-06-22,landsat-8,165,0.0,68.7253745,185013,1.0,0.3518975,0.44658,0.1161474688944655,0.1221168681072582,0.0471457241071579,0.0739741373518189,0.0871896542508262,0.1043572382375093,0.1370840087793184,0.1424559848926549,0.1468465302614647,0.0071400388080837,0.0178311794306346,0.7998681173755358,0.0351596914811391,0.0024268564911654
LC08_L2SP_166040_20200629_02_T1,2020-06-29,landsat-8,166,0.0,68.33916195,155041,0.8404946222569173,0.3115275,0.4157249999999999,0.1407656965961798,0.1450060950252912,0.0457889766285335,0.0995091213215038,0.1136588677829769,0.1311602390129899,0.1521394391095581,0.1656101124215528,0.1802708617470217,0.0051470256254797,0.010184402835379,0.94882643945795,0.3302352281009539,0.0258641262633754
LE07_L2SP_165040_20200630_02_T1,2020-06-30,landsat-7,165,0.0,61.90591947,137492,0.7431477788047326,0.3471125,0.4412175,0.1153267525609588,0.1223877892577504,0.0476525741866359,0.0700158132434607,0.0848840627540002,0.1038639927583273,0.1360867699639631,0.1440413000451367,0.1487391597810779,0.0097823873388997,0.0241177668518895,0.7892750123643557,0.0456171995461554,0.0022910423879207
LE07_L2SP_166040_20200707_02_T1,2020-07-07,landsat-7,166,0.0,61.34181029,61680,0.3343741868332032,0.3426025,0.43987,0.1235151277253027,0.1311791715867581,0.0361145049438721,0.0801515815341349,0.0956820238321612,0.1159350415711861,0.1396575431026332,0.1454203113949241,0.1486934543477782,0.0054961089494163,0.0172178988326848,0.8777561608300908,0.0313229571984435,0.0005836575875486
LC08_L2SP_165040_20200708_02_T1,2020-07-08,landsat-8,165,0.0,67.73061463,185012,0.9999945949744072,0.3483225,0.4493025,0.123997726268799,0.129614504651527,0.0433936012237713,0.0818308340880652,0.0946813930223149,0.1115244686825863,0.1450600261145191,0.1500649820199311,0.1539786706336919,0.0065995719196592,0.0144044710613365,0.8655600717791279,0.1015609798283354,0.0034159946381856
LE07_L2SP_165040_20200716_02_T1,2020-07-16,landsat-7,165,0.0,60.54184729,137590,0.7436774713128267,0.3493124999999999,0.4391825,0.1087006642643446,0.1152398759834007,0.0457283803499523,0.0641988464557255,0.0788998349422783,0.097179368857954,0.1291832244139601,0.1371263741625892,0.1418399415313034,0.0100661385275092,0.0283160113380332,0.7173849843738643,0.0174213242241441,0.0015626135620321
LC08_L2SP_165040_20200724_02_T1,2020-07-24,landsat-8,165,2.91,66.3496719,185013,1.0,0.3446375,0.4150375,0.0907712418892634,0.0943797914164257,0.0336679977834975,0.05396513993212,0.0649561934574131,0.0790906759544454,0.1089587944675586,0.1171292130887962,0.11996203856453,0.0080426780820807,0.0398728737980574,0.3958100241604644,0.0025349570030214,0.0003621367147173
LC08_L2SP_166040_20200731_02_T1,2020-07-31,landsat-8,166,0.0,65.6048073,168031,0.9109148668574898,0.327835,0.4130575,0.1106604039637266,0.1151099126192979,0.0366036248052474,0.0747015885586015,0.0852886282894618,0.099187397540744,0.1288952634281816,0.1345541870620788,0.137129374633283,0.0058977212538162,0.0152293326826597,0.7379293106629133,0.0114562193880891,0.0012914283673845
LE07_L2SP_165040_20200801_02_T1,2020-08-01,landsat-7,165,0.0,58.90128913,137774,0.7446719960219012,0.3477725,0.4247175,0.0953561366155313,0.1004031534512675,0.0368558159396933,0.0551142611735907,0.0673392219512512,0.0834900478666896,0.1143722883325504,0.1224804713116014,0.1267184964422307,0.0093559016940787,0.0388825177464543,0.5066921189774558,0.0035057412864546,0.0004137210213828
LE07_L2SP_166040_20200808_02_T1,2020-08-08,landsat-7,166,0.0,58.0697982,62700,0.339903721051262,0.350385,0.4420975,0.1197759385637269,0.1267174836218304,0.0364065380525962,0.0789223074033424,0.091821303870822,0.1109845824968935,0.135810615373244,0.1419002124506167,0.1452750273429317,0.0051036682615629,0.0149282296650717,0.848628389154705,0.0210526315789473,0.0009888357256778
LC08_L2SP_166040_20200816_02_T1,2020-08-16,landsat-8,166,0.0,63.44464167,173432,0.940194292653309,0.3361125,0.431785,0.1207245914892678,0.1260617257944201,0.0422553207146492,0.0809160074302254,0.0925745248198276,0.1085712665116336,0.1395194098725772,0.1447846997359942,0.1501398302112456,0.0052297153927764,0.0121488537294155,0.844330919322847,0.0507922413395451,0.0039785045435675
LE07_L2SP_165040_20200817_02_T1,2020-08-17,landsat-7,165,0.0,56.86378406,137578,0.7436126110057131,0.360945,0.45351,0.1099265125282059,0.1161825730374671,0.0449105219916082,0.0657300460320426,0.0793308730034101,0.0975781971243881,0.1300881075737495,0.1382454237909983,0.1429507327867607,0.0086569073543735,0.0255709488435651,0.7210673218101732,0.0221328991553882,0.0024131765253165
LE07_L2SP_166040_20200824_02_T1,2020-08-24,landsat-7,166,0.0,55.79177966,65336,0.3541937722265591,0.3449399999999999,0.4298599999999999,0.1123216074587316,0.1193026042431063,0.0376427471248896,0.0697433370656071,0.0834001826129147,0.1027492427705618,0.1292329778773328,0.1353025405459914,0.1389982121182483,0.0056171176686665,0.0210603648830659,0.7790039182074201,0.0105760989347373,0.0009489408595567
LC08_L2SP_165040_20200825_02_T1,2020-08-25,landsat-8,165,0.0,61.87595523,185012,0.9999945949744072,0.35363,0.442235,0.109247591287494,0.1147024837824234,0.0432114715180575,0.0677569813566543,0.079881074843078,0.0967438351196258,0.1293658042313759,0.1352800587812495,0.1392763618041486,0.0066428123581173,0.020225715088751,0.7083000021620219,0.0164259615592502,0.0023511988411562
LC08_L2SP_166040_20200901_02_T1,2020-09-01,landsat-8,166,0.0,60.46185146,161475,0.8753740567265157,0.3285775,0.4132775,0.1095502327612871,0.1142016744095156,0.0430457596422647,0.0704202035724868,0.0821078715100985,0.0970815913057961,0.1301739798068588,0.1366716888580331,0.1390376227178338,0.0069236723951076,0.0192227899055581,0.7081467719461217,0.0141755689735253,0.0020746245548846
LE07_L2SP_165040_20200902_02_T1,2020-09-02,landsat-7,165,1.0,54.22717484,137250,0.7418397626112759,0.345985,0.4325825,0.1060872196140448,0.1118447610153408,0.0446195325247548,0.0604922625237978,0.0748293500927816,0.0933978841808043,0.1279275993467587,0.1367290724271427,0.1412386255690646,0.0096903460837887,0.0323861566484517,0.6702440801457195,0.0133041894353369,0.0009908925318761
LE07_L2SP_166040_20200909_02_T1,2020-09-09,landsat-7,166,2.0,52.84600511,69144,0.3748373666406453,0.339825,0.4291725,0.1129474376313074,0.1202246639081429,0.0427419707276443,0.0651920569421266,0.0821115291861107,0.1031550378971788,0.1326581971132804,0.1400797191700429,0.1437500879839221,0.0093138956380886,0.0301399976859886,0.7818899687608469,0.0158654402406571,0.0013884068031933
LC08_L2SP_165040_20200910_02_T1,2020-09-10,landsat-8,165,0.09,58.39163376,185012,0.9999945949744072,0.3404025,0.4358,0.1193321029733032,0.1245075864234619,0.0410493657046782,0.0801619765149124,0.0922024374458121,0.1077259814305946,0.139305278432944,0.1454357259409828,0.1483322532084898,0.0069022549888655,0.01443690139018,0.8396212137591075,0.0356085010702008,0.0016809720450565
LC08_L2SP_166040_20200917_02_T1,2020-09-17,landsat-8,166,0.0,56.59275218,149762,0.8118765721224738,0.3205475,0.4104724999999999,0.1176734992886224,0.1238234024441519,0.0440012025305273,0.077639064547669,0.0905543489949633,0.1069546053082918,0.1371785418668817,0.1431724507665215,0.1455283828947159,0.006870901830905,0.0164127081636196,0.8286748307314272,0.0205659646639334,0.0018963421962847
LE07_L2SP_165040_20200918_02_T1,2020-09-18,landsat-7,165,0.0,50.86233242,136730,0.739029149303022,0.329045,0.4224075,0.1183110980928374,0.1251670492582785,0.0447887046922965,0.0703941238547055,0.0865606685545116,0.1070120455903323,0.1398573750646791,0.148263199017319,0.1522617340139569,0.0089812038323703,0.0240035105682732,0.815753675126161,0.0708257149126014,0.0010531704819717
LE07_L2SP_166040_20200925_02_T1,2020-09-25,landsat-7,166,0.0,49.16467617,70815,0.3838960447567004,0.3369375,0.4259274999999999,0.1143014586594979,0.1213608537670871,0.0406825562347773,0.0693005673102575,0.0844900354032031,0.1042835504639689,0.1328092198799968,0.1393857444859012,0.1427320513194751,0.0065240415166278,0.0236390595212878,0.7922332839087763,0.0117912871566758,0.0004095177575372
LC08_L2SP_165040_20200926_02_T1,2020-09-26,landsat-8,165,0.0,54.07894754,185009,0.9999783798976288,0.33614,0.4260649999999999,0.1142804098048015,0.119445784140824,0.0426504136129471,0.0737849937441922,0.0861421589962047,0.1022300116040096,0.1349012160307372,0.1415169986255859,0.14455329882232,0.007291537168462,0.0178261598084417,0.7782107897453637,0.0209827630007188,0.0016053273084012
LC08_L2SP_166040_20201003_02_T1,2020-10-03,landsat-8,166,0.0,52.00306154,148922,0.807322838060543,0.3130124999999999,0.4032125,0.1203669158149197,0.1269493466081243,0.0467048563180639,0.0807263515172194,0.0934171228617194,0.1096498869287202,0.1388289650752587,0.1447125206932988,0.1496569484137979,0.0067753589127194,0.0151757295765568,0.8538295214944737,0.047971421280939,0.00331717274815
LE07_L2SP_165040_20201004_02_T1,2020-10-04,landsat-7,165,0.0,46.82605207,137452,0.7429315777810208,0.339495,0.4302175,0.111453952549702,0.1188572339077714,0.0474934968136615,0.0643260913166241,0.0801546064121726,0.0999586206043216,0.132434793942941,0.1405993015378321,0.1453823971372373,0.0104763844833105,0.0295521345633384,0.7495925850478713,0.0276387393417338,0.0014259523324506
LE07_L2SP_166040_20201011_02_T1,2020-10-11,landsat-7,166,0.0,44.90306716,61488,0.3333333333333333,0.3471125,0.441135,0.1202477329654146,0.1280976422384233,0.0491970491526719,0.0777523060062746,0.0921645460560344,0.1123415389965655,0.137071185887027,0.1440679847322062,0.1482687957108169,0.0065866510538641,0.0169301327088212,0.854735883424408,0.0338602654176424,0.0018052302888368
LC08_L2SP_165040_20201012_02_T1,2020-10-12,landsat-8,165,0.07,49.23860348,185010,0.9999837849232216,0.3359749999999999,0.43168875,0.1214025434299445,0.1270351952309083,0.0436533977244066,0.081392226186871,0.0935783256774727,0.1098883187844761,0.1404371705436025,0.1467021786208825,0.1507065576932744,0.0063834387330414,0.0136803416031565,0.8547321766391006,0.0556888816820712,0.002962002053943
LC08_L2SP_166040_20201019_02_T1,2020-10-19,landsat-8,166,0.07,47.05880795,149780,0.8119741521380865,0.325745,0.4200425,0.1220985574006499,0.1277657718288907,0.0438718564520771,0.082881314914201,0.0949013909736621,0.1102281604947638,0.1411520648261324,0.1471280265591255,0.1503193536630676,0.0058819602083055,0.0125517425557484,0.8632060355187609,0.0531846708505808,0.0031446120977433
LE07_L2SP_165040_20201020_02_T1,2020-10-20,landsat-7,165,0.0,42.35976911,138401,0.7480609470685844,0.34868,0.44064,0.1111277982469054,0.1176536039255138,0.0473505098152815,0.0658297041506695,0.0801049008752867,0.0988470735501967,0.1311225218795525,0.1400159930507662,0.1461439459785946,0.0090100505054154,0.0256862305908194,0.7371478529779409,0.0322613275915636,0.0020447829134182
LE07_L2SP_166040_20201027_02_T1,2020-10-27,landsat-7,166,0.0,40.37101518,54861,0.2974076242518865,0.347745,0.4456724999999999,0.1208239755436487,0.1294653595224378,0.0425344295008002,0.0700828707213823,0.0919479310238067,0.1153808228600832,0.1374264104169376,0.1446785373608854,0.1485968963995535,0.0093873607845281,0.0288911977543245,0.8645485864275169,0.0309144929913782,5.468365505550391e-05
LC08_L2SP_165040_20201028_02_T1,2020-10-28,landsat-8,165,0.05,44.30289207,185011,0.9999891899488144,0.3351225,0.4265875,0.1158504811411213,0.1214681283288305,0.0441480463644777,0.0752151770710689,0.0877985360775305,0.1041864028220444,0.1356396423930193,0.1422932744950823,0.145970881112028,0.0068590516239574,0.0173395095426758,0.8007740080319549,0.0270470404462437,0.0019944760041294
LE07_L2SP_165040_20201105_02_T1,2020-11-05,landsat-7,165,1.0,37.87836166,138532,0.7487690054212407,0.331685,0.4200974999999999,0.1094664956902231,0.1177844443100682,0.0523929677573937,0.0587488218033745,0.0766465300877625,0.098244532811049,0.131738170687748,0.1411876943301347,0.146548825131695,0.0126324603701671,0.0371394334882915,0.7305099182860277,0.0325917477550313,0.0015808621834666
LE07_L2SP_165040_20201207_02_T1,2020-12-07,landsat-7,165,0.0,30.78398961,138483,0.7485041591671937,0.2516325,0.270415,0.0255426157589143,0.062639630736669,0.1275031084985824,-0.1888403629665044,-0.1001582678439238,-0.0057605697566299,0.1005742386289006,0.1203528608126038,0.1306193970338335,0.2661554125777171,0.4382198537004542,0.2550565773416232,0.0109255287652636,0.0019135922820851
LE07_L2SP_166040_20201214_02_T1,2020-12-14,landsat-7,166,0.0,29.84754814,60310,0.3269472634226733,0.3285775,0.4128375,0.1102555274412716,0.1224152543463784,0.0620927213778913,0.0324556970576826,0.0610236594625549,0.1008184210159518,0.1351237706888954,0.149636941890356,0.1586154513950618,0.0259161001492289,0.077035317526115,0.7544519980102802,0.0953573205106947,0.0043939645166639
LC08_L2SP_165040_20201215_02_T1,2020-12-15,landsat-8,165,0.04,34.02256783,184939,0.9996000281061332,0.3041575,0.3812399999999999,0.1045543918477331,0.121836122979088,0.0785850394440534,0.0198590357569352,0.0518567243184507,0.091689440936272,0.1367379209786688,0.1501445066921435,0.1621158263720402,0.0359037304192193,0.0957288619490751,0.698527622621513,0.1007737686480407,0.0066346200639129
LC08_L2SP_166040_20201222_02_T1,2020-12-22,landsat-8,166,0.07,33.58149945,144547,0.7836054731546535,0.304955,0.3906725,0.1154374375607057,0.1250836631643097,0.0634196571175149,0.0553427691567926,0.0754081374053427,0.1043877799249503,0.1370988838773665,0.1542494204832313,0.1658679614546366,0.0157180709388641,0.0421108705127052,0.7805212145530519,0.1286986239769763,0.0094087044352355
LE07_L2SP_165040_20201223_02_T1,2020-12-23,landsat-7,165,4.0,29.07071034,133279,0.7203764059822824,0.3108125,0.380965,0.0821759760132213,0.1006760061853356,0.0722124458963183,-0.0241378230762765,0.0350329920433556,0.073012111957086,0.1165843495363014,0.1272820938801305,0.133955508334139,0.0610448757868831,0.1378986937176899,0.5075293181971653,0.0112170709564147,0.0005402201397069
LC08_L2SP_166040_20210123_02_T1,2021-01-23,landsat-8,166,0.3,35.93797164,166107,0.900484647410877,0.3033875,0.395375,0.1242585871389175,0.1336889520848691,0.0650787452744628,0.0704372372943744,0.0878124502556564,0.1125190084442964,0.1450934011171719,0.1598969330686895,0.170794093073465,0.0109447524788238,0.0245383999470221,0.8397358329269687,0.1857898824251837,0.0112096419777613
LE07_L2SP_165040_20210124_02_T1,2021-01-24,landsat-7,165,1.0,30.56678953,139123,0.7519633755465832,0.31139,0.389545,0.1018606152576928,0.1106253448863377,0.0503918400267044,0.0484383924859356,0.0653902330799609,0.0889950617176019,0.1246307318658634,0.1336233859359173,0.140094358093553,0.0134772826922938,0.0537581852030217,0.6361277430762706,0.0171790430051105,0.0011428735723065
LE07_L2SP_166040_20210131_02_T1,2021-01-31,landsat-7,166,0.0,31.74942661,43289,0.2346745164368115,0.3259375,0.411435,0.1302567747695978,0.1317896939276962,0.0250571236288971,0.087255184248615,0.1035044995150563,0.1207097388368941,0.1469196062431122,0.1553188778720072,0.1631488094261477,0.0025179606828524,0.0091940215759199,0.913257409503569,0.1617269976206426,0.0020559495483841
LC08_L2SP_165040_20210201_02_T1,2021-02-01,landsat-8,165,0.92,37.82025474,184781,0.9987460340624712,0.298025,0.3848975,0.121074685302786,0.1300623775740267,0.0643837016767182,0.0653936226908041,0.0838554914823795,0.109552288545952,0.1434454892321685,0.156916528858924,0.166813650871812,0.0114351583766729,0.0293049610078958,0.8192563088196297,0.1586851462000963,0.009167609223892
LE07_L2SP_165040_20210209_02_T1,2021-02-09,landsat-7,165,0.0,33.65539261,140067,0.7570657197061829,0.283835,0.3575075,0.1021675060311241,0.1140184216925704,0.0664324621575134,0.0414661493757349,0.063132098209424,0.0897932500504189,0.1288151349297752,0.1408496552170263,0.149007039303527,0.0215539705997843,0.0642906608979988,0.659991289882699,0.0350760707375755,0.0017705812218438
LE07_L2SP_166040_20210216_02_T1,2021-02-16,landsat-7,166,1.0,35.39240279,39630,0.2148386677075201,0.326515,0.41028,0.1290317589201458,0.1321710499839146,0.0204225028780684,0.0924333265243907,0.1066865614639105,0.1224102850273679,0.1400696378817853,0.1469374988504452,0.1531484935368647,0.00148877113298,0.0058036840777189,0.9272773151652788,0.0677769366641433,0.0005299015897047
LE07_L2SP_165040_20210225_02_T1,2021-02-25,landsat-7,165,0.0,37.88578466,140356,0.7586277721025009,0.2998675,0.3693325,0.1008880741247431,0.1111437464780125,0.0662354182482001,0.0398521594258123,0.061171383297496,0.0890254548346085,0.1258609967277031,0.1369380698842228,0.1497518752131758,0.0208113653851634,0.06885348684773,0.6522628174071646,0.0488115933768417,0.0049089458234774
LE07_L2SP_166040_20210320_02_T1,2021-03-20,landsat-7,166,0.0,44.93213448,40138,0.2175925925925926,0.3180725,0.410115,0.1287853518109951,0.130968875615894,0.0185483363359605,0.0985077589331196,0.1104139532290754,0.1230301398392939,0.1379582371839096,0.144431582555929,0.1495475153437601,0.0014699287458268,0.0045094424236384,0.9451890976132344,0.0459415018187253,0.0013453585131297
LC08_L2SP_165040_20210321_02_T1,2021-03-21,landsat-8,165,0.42,53.29656309,185006,0.9999621648208504,0.30127,0.38641,0.1211186134096692,0.1280313374761373,0.0408051742959632,0.0807948420225039,0.093592797991005,0.111052126705579,0.1364474034636193,0.1461745211510635,0.153407967622781,0.0084213484968055,0.0161724484611309,0.8583991870533929,0.0708301352388571,0.0052971254986324
LC08_L2SP_166040_20210328_02_T1,2021-03-28,landsat-8,166,2.19,55.78607415,147306,0.7985623211033047,0.31073,0.39587,0.119811222510897,0.1238344025511625,0.0342334578291832,0.0847451319759007,0.0946130407717527,0.1085563134663066,0.1366696282793121,0.1423393165736156,0.1453284006051885,0.0045890866631366,0.0107870690942663,0.8533800388307333,0.0252874967754198,0.0031159626899107
LE07_L2SP_165040_20210329_02_T1,2021-03-29,landsat-7,165,1.0,47.66203339,140009,0.7567522282218007,0.3246725,0.4025249999999999,0.1037025722421145,0.109497054408839,0.0394424344715389,0.0605195927619928,0.0739224706048585,0.0918109843363726,0.1230638495935021,0.1318807950060964,0.1367491154896667,0.0108707297388025,0.0314622631402267,0.6439800298552236,0.0115778271396838,0.0012427772500339
LE07_L2SP_166040_20210405_02_T1,2021-04-05,landsat-7,166,0.0,49.66789968,44900,0.2434079278341573,0.3386699999999999,0.4262575,0.1279042922299129,0.1316374358253422,0.0187710570547401,0.0948927214872525,0.1063657165673267,0.1219162124308358,0.1381151944342722,0.1446724748170889,0.148215023683106,0.0012917594654788,0.0051670378619153,0.9310022271714922,0.0396436525612472,0.0005790645879732
LC08_L2SP_165040_20210406_02_T1,2021-04-06,landsat-8,165,0.18,58.84430236,185010,0.9999837849232216,0.3254975,0.416715,0.1209135292669576,0.1280814975455248,0.050006749091524,0.078818353795901,0.0921077883429289,0.1098031631139106,0.140582044963188,0.1468740615078038,0.1527576234435598,0.0083671152910653,0.0170909680557807,0.8473325766174802,0.0666504513269553,0.0040808604940273
LC08_L2SP_166040_20210429_02_T1,2021-04-29,landsat-8,166,1.06,65.24828179,117086,0.6347363171133663,0.313865,0.4084925,0.134413112610886,0.142080331015909,0.0429600697028905,0.0949902162250101,0.1071252862146115,0.1254025412013506,0.1491685589062352,0.155319978072855,0.1620674514983291,0.0049877867550347,0.0090275523973831,0.933621440650462,0.2205814529491143,0.0049023794475855
LE07_L2SP_165040_20210430_02_T1,2021-04-30,landsat-7,165,0.0,55.25237797,138817,0.7503094377151875,0.3266524999999999,0.4150649999999999,0.1134777991509383,0.1209026270652013,0.0542095550300897,0.069919125136868,0.0841926549434411,0.1026974883682476,0.1343698134094308,0.1424428488682786,0.1478034755755113,0.0108488153468235,0.0230951540517371,0.7797099778845531,0.0415871254961568,0.0030255660329786
LE07_L2SP_166040_20210507_02_T1,2021-05-07,landsat-7,166,0.0,56.23674831,55561,0.3012024026368288,0.3223075,0.411435,0.1261158545843029,0.1313639725236623,0.0301468651088953,0.0895321677609615,0.1020132023993473,0.1198489842955628,0.1386208275735825,0.1450548584748823,0.1491310905610283,0.0037256348877809,0.0099710228397617,0.9106927521102932,0.0425658285488022,0.0014758553661741
LC08_L2SP_166040_20210515_02_T1,2021-05-15,landsat-8,166,0.17,67.97074367,139085,0.7539953595281464,0.3122975,0.4051925,0.1295317068442739,0.1344714714160246,0.0327246227431793,0.0955925798887673,0.1050523408454891,0.1188790215898083,0.1442754493281169,0.1494228925077976,0.1532771129546689,0.0038034295574648,0.0073408347413452,0.9317108243160656,0.0888521407772225,0.0043714275443074
LE07_L2SP_165040_20210516_02_T1,2021-05-16,landsat-7,165,0.0,57.08883362,138693,0.7496392145416808,0.3291,0.41941,0.1174063310835114,0.1231050813531568,0.0386927874658328,0.0776086395812136,0.0900677624387191,0.1066542395211142,0.135234140794611,0.1426298158162064,0.1476599345257848,0.0087459352671007,0.0181984671180232,0.8242088641820423,0.0340896800847915,0.0022567829666962
LC08_L2SP_166040_20210531_02_T1,2021-05-31,landsat-8,166,0.01,69.10760144,129785,0.7035790181281985,0.308805,0.40423,0.134565081723621,0.1397409175550812,0.03666767793047,0.1009615618344904,0.1109680859327606,0.1250976820566185,0.1492447366443508,0.1550393434777145,0.1589550036537898,0.0036830142158184,0.0070809415571907,0.9528065647031628,0.2266671803367107,0.0039141657356397
LE07_L2SP_165040_20210601_02_T1,2021-06-01,landsat-7,165,0.0,57.56260247,137760,0.744596325663602,0.33856,0.4245525,0.1116778707073191,0.1183633970705746,0.0505229664727711,0.0693330391882667,0.0833530404013561,0.10122474199013,0.131340685816951,0.140337234154085,0.1459737681797903,0.011164343786295,0.0252032520325203,0.7649099883855981,0.0319613821138211,0.0029834494773519
LE07_L2SP_166040_20210608_02_T1,2021-06-08,landsat-7,166,0.0,57.41337363,59794,0.3241499696417729,0.3320424999999999,0.4259,0.1283692015795483,0.1355338783129973,0.0466391112516842,0.0896603804807839,0.1033445240491533,0.1215078719741772,0.1442220010938691,0.1499887970915651,0.1545226091595473,0.0059203264541592,0.0133959929089875,0.9151754356624412,0.0993745191825266,0.0008696524734923
LC08_L2SP_165040_20210609_02_T1,2021-06-09,landsat-8,165,0.0,69.16832079,185012,0.9999945949744072,0.3399899999999999,0.43327,0.1203096613518056,0.1252969975163829,0.043006308067956,0.0824878753782614,0.0940058627066455,0.1091102931532134,0.1397424477699551,0.1456117464985522,0.1492999380036485,0.0071292672907703,0.0148422805007242,0.8539067736146845,0.0458943203684085,0.003064666075714
LC08_L2SP_166040_20210616_02_T1,2021-06-16,landsat-8,166,1.83,69.00559636,135423,0.7341432474629196,0.3330599999999999,0.4277424999999999,0.1263315369585195,0.1274793585230418,0.0287067223643955,0.0956779923160017,0.1050529621182185,0.1166599283189605,0.1399680714428224,0.1488004550922617,0.1532370539149643,0.0036035237736573,0.0065203104347119,0.9315478168405662,0.082940120954343,0.0044896361770157
LE07_L2SP_166040_20210624_02_T1,2021-06-24,landsat-7,166,0.0,56.54199873,52258,0.2832964697718796,0.3471675,0.4479,0.1365199963901033,0.1408739494219899,0.0293528761146821,0.1003689173185958,0.1123105888089913,0.128638475101065,0.1487770424477902,0.1549793162795077,0.1581928606482615,0.0021049408702973,0.0053963029583987,0.951414137548318,0.241704619388419,0.0029469172184163
LC08_L2SP_165040_20210625_02_T1,2021-06-25,landsat-8,165,0.0,68.60879238,185010,0.9999837849232216,0.3403474999999999,0.4434174999999999,0.1322239110643476,0.1371102127188679,0.039535833139471,0.0926954120602251,0.1047376529702738,0.1211204958304713,0.1498324751198733,0.1557147886157316,0.1620563194074868,0.0055726717474731,0.010918328738987,0.9242743635479164,0.2461596670450246,0.0071942057186098
LC08_L2SP_166040_20210702_02_T1,2021-07-02,landsat-8,166,0.0,68.1906296,151000,0.8185879087518432,0.3034975,0.40478,0.143226413440243,0.145002915678845,0.0358831072964697,0.1097609990811785,0.119855614477833,0.1333874248856868,0.1548955020177364,0.1648025184366965,0.1826075075976461,0.0041059602649006,0.0066556291390728,0.9732847682119206,0.383205298013245,0.0233245033112582
LE07_L2SP_165040_20210703_02_T1,2021-07-03,landsat-7,165,0.0,55.8397949,139149,0.752103906211996,0.3400175,0.4246074999999999,0.1111596148852765,0.113728396393583,0.0367110753241223,0.0733194037862938,0.0847194685058456,0.0994858991597353,0.1291150915899776,0.1400592822304032,0.1453680826614859,0.0078261431990168,0.0187496855888292,0.7424487419959899,0.0246426492464911,0.0022781335115595
LE07_L2SP_166040_20210710_02_T1,2021-07-10,landsat-7,166,0.0,55.22117432,50470,0.2736035215543412,0.3482675,0.4396775,0.1271911116363172,0.1315479617297453,0.0249899494294691,0.0906218660398527,0.1022803687960931,0.1180554868774247,0.1416036664811764,0.1467342117642975,0.1499518032505693,0.0020011888250445,0.0080443828016643,0.912799682979988,0.0480483455518129,0.001347335050525
LC08_L2SP_165040_20210711_02_T1,2021-07-11,landsat-8,165,0.0,67.54043977,185011,0.9999891899488144,0.332125,0.4293925,0.1288165527212641,0.1323362563491058,0.0373461043677807,0.0910887653014053,0.1024128640114016,0.1172744883136617,0.1476708247523733,0.1548664401564371,0.158308160441161,0.0059509975082562,0.0112371696818027,0.9141726708141678,0.2156898778991519,0.0047078281831891
LC08_L2SP_166040_20210718_02_T1,2021-07-18,landsat-8,166,0.0,66.95483501,168749,0.9148072252580448,0.317715,0.379315,0.0874551275181625,0.0902844346775573,0.036588159058543,0.0523020607197157,0.062484174750113,0.0761306309214895,0.1040894903141463,0.1135891499997986,0.1170679831017939,0.0081244925895857,0.0431824781183888,0.3134181535890583,0.0066192984847317,0.0019140854168024
LC08_L2SP_165040_20210727_02_T1,2021-07-27,landsat-8,165,0.0,66.08979152,185012,0.9999945949744072,0.33405,0.4237275,0.1199723033743239,0.1235088191722146,0.0366917501142748,0.0829974150370571,0.0937856026595882,0.1081974184952946,0.1376572134329912,0.1469737153390775,0.1503860070951646,0.0058104339177999,0.0120857025490238,0.8497448814130976,0.0549802174994054,0.0032322227747389
LC08_L2SP_166040_20210803_02_T1,2021-08-03,landsat-8,166,0.0,65.30180006,162072,0.8786104605776737,0.321455,0.4158075,0.1275967515324669,0.1303733314392031,0.03699273744602,0.0926115412410646,0.1024748624476312,0.1159159401637655,0.144020984516315,0.15469960132143,0.159756343832743,0.0053001135297892,0.0097487536403573,0.916407522582556,0.1646922355496322,0.0049607581815489
LE07_L2SP_165040_20210804_02_T1,2021-08-04,landsat-7,165,0.0,52.69248353,138750,0.7499473010004702,0.33878,0.4271649999999999,0.1161278723503002,0.1199900359388971,0.0436365841761113,0.0740555766764321,0.0874467097323385,0.1039415210448952,0.1361327104822742,0.147877239440181,0.153095066380123,0.0088144144144144,0.0201441441441441,0.796245045045045,0.0734486486486486,0.0029045045045045
LE07_L2SP_166040_20210811_02_T1,2021-08-11,landsat-7,166,0.0,51.86571439,59001,0.3198510278428311,0.33823,0.42557,0.1230770458994555,0.1280628917896823,0.0416094766902376,0.0827184438797784,0.0952479734236133,0.1129146531999842,0.1413709891623973,0.1506968271020309,0.1548851513631297,0.0055761766749716,0.0135421433535024,0.8693750953373671,0.1136421416586159,0.0016101422009796
LC08_L2SP_165040_20210812_02_T1,2021-08-12,landsat-8,165,0.0,64.1044771,185012,0.9999945949744072,0.328165,0.41644,0.119048658391599,0.120752540327602,0.0311710203063335,0.0865574043150472,0.0965271118047686,0.1089593432622921,0.1339905395811834,0.14590404799391,0.1498196840988717,0.0055455862322443,0.0113019696019717,0.8699057358441614,0.0481428231682269,0.0014053142498864
LC08_L2SP_166040_20210819_02_T1,2021-08-19,landsat-8,166,0.0,63.00603721,160015,0.8674592332379217,0.3220875,0.4064025,0.1156146383378416,0.1185046308888482,0.0396281660729877,0.079704423257495,0.0901800663112097,0.1039656629063543,0.133227640383417,0.1439990628513729,0.1468440185214758,0.0066743742774114,0.0142236665312626,0.805568227978627,0.0244664562697247,0.0039183826516264
LE07_L2SP_165040_20210820_02_T1,2021-08-20,landsat-7,165,0.0,50.70398287,138101,0.7464394393907455,0.332565,0.3903975,0.0800809767854521,0.0833926797380201,0.0407124958346913,0.0369091198511161,0.0512261771015892,0.0683265454150357,0.1003750404862239,0.1118482727539668,0.1176140813800365,0.0165313792079709,0.0932216276493291,0.2567179093561958,0.0033019311952846,0.0004272235537758
LE07_L2SP_166040_20210827_02_T1,2021-08-27,landsat-7,166,0.0,49.69386855,58870,0.319140862173649,0.3466174999999999,0.4308774999999999,0.1198932344238003,0.1248926399123107,0.0378158047671681,0.0774867539526324,0.0899960848986567,0.1085761651360375,0.1396421268655661,0.147698592372627,0.1514649937913308,0.0055206386954306,0.0152369627993884,0.8331068455919823,0.0543060981824358,0.0010191948360794
LC08_L2SP_165040_20210828_02_T1,2021-08-28,landsat-8,165,0.0,61.35502256,185012,0.9999945949744072,0.34549,0.44504,0.128671242425881,0.1328741197443062,0.0407618261016783,0.0868308504898658,0.0990273216233393,0.1155571136820055,0.1483618968029222,0.1565899072618556,0.1606967155640064,0.0053293840399541,0.0110209067519944,0.8943798240114155,0.2256880634769636,0.0060104209456683
LC08_L2SP_166040_20210904_02_T1,2021-09-04,landsat-8,166,0.0,59.86836767,156927,0.8507188394483477,0.304515,0.396365,0.1302208991806634,0.1337442534230856,0.0366778055822269,0.0951106172243906,0.1053953358590254,0.1190454928355965,0.1471627602670747,0.1569656256949736,0.1598832292809096,0.0057988746359772,0.009870831660581,0.9312865217585248,0.2116589242131691,0.0039253920612768
LE07_L2SP_165040_20210905_02_T1,2021-09-05,landsat-7,165,0.0,48.23389178,138600,0.7491365471615508,0.3406225,0.422215,0.1068838972041426,0.1108088019127639,0.0385756403693863,0.064568467166925,0.0782148423920974,0.0948448851984911,0.126206531087109,0.1366545526930921,0.142017718410125,0.0091702741702741,0.0271933621933621,0.6773665223665224,0.0174603174603174,0.0017027417027417
LE07_L2SP_166040_20210912_02_T1,2021-09-12,landsat-7,166,0.0,46.95869,56097,0.304108118657299,0.351155,0.4327475,0.1134687437149673,0.1175793558545232,0.0317072379405486,0.0733714594611809,0.0851399695043051,0.1024374919421598,0.131086855840683,0.1387690259631719,0.1425796052169139,0.004206998591725,0.0155266770059004,0.7806478064780648,0.0103214075619017,0.0002673939782876
LC08_L2SP_165040_20210913_02_T1,2021-09-13,landsat-8,165,0.0,57.70774867,185011,0.9999891899488144,0.345985,0.4341775,0.1164510586060723,0.1209445022270032,0.0401508950334658,0.0731222095112982,0.0858168515338637,0.1031386227003929,0.1362441216967552,0.144392906896218,0.1486732510943013,0.0057239839793309,0.0164476706790407,0.785688418526466,0.042900151882861,0.0042105604531622
LC08_L2SP_166040_20210920_02_T1,2021-09-20,landsat-8,166,0.0,55.85204637,158202,0.8576307572209212,0.32591,0.41424,0.1205461830483395,0.1246945408309419,0.0386818439310221,0.0820246085383224,0.0929580537840552,0.1082814695614818,0.1383838607816858,0.1461982274745605,0.1493262918900578,0.0051579626047711,0.0117255154802088,0.8451347012047888,0.0440259920860671,0.0052022098329983
LE07_L2SP_165040_20210921_02_T1,2021-09-21,landsat-7,165,0.0,45.14318826,138725,0.7498121753606504,0.3462599999999999,0.4200149999999999,0.0979965352982998,0.1020864669910952,0.0393218217659365,0.0543464810095504,0.067398824100084,0.0847953477250089,0.1175473912458229,0.1278404941594701,0.1333106944344182,0.0092989727878897,0.0401009190845197,0.5361614705352316,0.0100414489097134,0.0014272841953505
LE07_L2SP_166040_20210928_02_T1,2021-09-28,landsat-7,166,0.0,43.59326542,55537,0.3010722959493451,0.3421074999999999,0.4312625,0.122155398427335,0.1259644781603002,0.0271648186942243,0.0846977246612179,0.096456499562927,0.1123512366279397,0.1373120094011741,0.1451178871592253,0.1488705723511963,0.0033491186056142,0.0106955723211552,0.8781533032032699,0.0317265966832922,0.001062354826512
LC08_L2SP_165040_20210929_02_T1,2021-09-29,landsat-8,165,0.0,53.28049699,185012,0.9999945949744072,0.338395,0.4279624999999999,0.119737538017944,0.123387734107971,0.0372283108236064,0.0787499440861719,0.091042181625179,0.1071828427313293,0.1388482415575272,0.1465303475695751,0.1514606190013183,0.0055780165610879,0.0143990660065293,0.8307082783819428,0.0589745530019674,0.0046915875726979
LC08_L2SP_166040_20211006_02_T1,2021-10-06,landsat-8,166,0.0,51.16860732,148410,0.8045472287275566,0.32261,0.4038725,0.1131290271238692,0.1153258365439942,0.0334552226737861,0.0794164633982992,0.0885666491698827,0.1014509166569869,0.1303168628150608,0.1396721010370922,0.1420347672504037,0.0051546391752577,0.0122431103025402,0.7720032342834041,0.0163533454618961,0.0027087123509197
LE07_L2SP_165040_20211007_02_T1,2021-10-07,landsat-7,165,0.0,41.44045727,139174,0.7522390318518158,0.3421074999999999,0.4111875,0.0924114261331751,0.0947119350699082,0.0353239472378701,0.0509203231905888,0.0637131136717239,0.0800712166909538,0.1119130054759289,0.1238134068512994,0.1288111609601142,0.0109000244298504,0.0476022820354376,0.4092718467529854,0.0052739735870205,0.0001149640018969
LE07_L2SP_166040_20211014_02_T1,2021-10-14,landsat-7,166,0.0,39.66964079,46880,0.2541417295515656,0.3437024999999999,0.4319225,0.1231434575110244,0.1256473924943481,0.0223252561423691,0.086640442734456,0.0982368458152247,0.1122922098681575,0.1387996318287893,0.1464854862539376,0.150447809912722,0.0025810580204778,0.011028156996587,0.8875213310580204,0.05625,6.399317406143345e-05
LC08_L2SP_165040_20211015_02_T1,2021-10-15,landsat-8,165,0.02,48.38235167,185010,0.9999837849232216,0.33273,0.4130575,0.1100975591999413,0.1129027369859303,0.0356261164876593,0.0711008168305582,0.0824832220874577,0.0975372353515977,0.1291188154586058,0.139167805468982,0.1421080764793921,0.0064158694124641,0.0188638451975568,0.7139019512458786,0.0152694448948705,0.0024377060699421
LC08_L2SP_166040_20211022_02_T1,2021-10-22,landsat-8,166,0.08,46.20995337,135257,0.7332433428744904,0.3298425,0.409345,0.1113494259542002,0.1148573671853812,0.0340938581044072,0.0744593197140933,0.0847992230732842,0.0994529138109323,0.1285299372527109,0.1353664992108798,0.1378678178479022,0.0035414063597447,0.0128643988850854,0.7422092756751961,0.0166867518871481,0.0035783730232076
LE07_L2SP_165040_20211023_02_T1,2021-10-23,landsat-7,165,1.0,37.32046068,139646,0.7547902039316157,0.3404299999999999,0.4138825,0.0970216451864543,0.1007342689733562,0.0381647036689953,0.0526834441073069,0.066188542956809,0.083844125473545,0.1171291399327873,0.1282403067438831,0.1340352223507663,0.0107629291207768,0.0447130601664208,0.5112140698623663,0.0086934104807871,0.0013605831889205
LE07_L2SP_166040_20211030_02_T1,2021-10-30,landsat-7,166,3.0,35.47128571,43184,0.2341052996790701,0.3591574999999999,0.4210875,0.0891749697831773,0.0915031035855155,0.0223521005104649,0.0528872953264996,0.0639474529655148,0.0775300259415544,0.1056888004554939,0.1130526970838133,0.1168518089145086,0.0066691367173027,0.0429094108929233,0.3578640237124861,2.3156724712856613e-05,0.0
LC08_L2SP_165040_20211031_02_T1,2021-10-31,landsat-8,165,3.52,43.48504264,185012,0.9999945949744072,0.3245075,0.3870425,0.0882976601554179,0.0935507425881458,0.036160532256762,0.0458382336341256,0.059097195501595,0.0761902366522857,0.1078826148374087,0.1150693916242022,0.1183456373173136,0.0117668043153957,0.0613473720623527,0.3940176853393293,0.0045942965861673,0.000486454932653
LC08_L2SP_166040_20211107_02_T1,2021-11-07,landsat-8,166,0.48,41.46868876,144912,0.785584179026802,0.2988775,0.3819825,0.1218135542267187,0.1280823358125135,0.0373763235914218,0.0813683489637153,0.0925871761079801,0.1090708489368119,0.1398340270609702,0.1453607579451599,0.1496317284977658,0.0052721651761068,0.0122902175113172,0.8464309373964889,0.0477669206138898,0.0045406867616208
LC08_L2SP_166040_20211123_02_T1,2021-11-23,landsat-8,166,1.58,37.47091406,157699,0.8549039378957412,0.279655,0.3406225,0.094411659974901,0.1009098239887386,0.0389199312598041,0.0507599797411913,0.0658863519777962,0.083692590276107,0.1135069054493479,0.1204372401785133,0.1242206740616448,0.0150096069093653,0.0484277008731824,0.5149557067578108,0.0074255385259259,0.0010843442253914
LC08_L2SP_166040_20211209_02_T1,2021-12-09,landsat-8,166,0.47,34.69028369,146434,0.7938351114580623,0.2939275,0.3654,0.1078576638737262,0.1135607665252467,0.0355330906226777,0.0670361804035689,0.0788300760895673,0.0949816619311173,0.1259013984380655,0.1324213630049737,0.1378187109202381,0.0061051395167788,0.020698744827021,0.6859062785965008,0.0141019162216425,0.0021511397626234
LC09_L2SP_165040_20211226_02_T1,2021-12-26,landsat-9,165,0.47,33.4828395,184638,0.9979731154027014,0.31909,0.40126,0.1146626981209748,0.124453993299613,0.0575439802709549,0.0539016920495778,0.0730475300681529,0.1007167487995209,0.1364419197129409,0.1506110769337008,0.1621163139296181,0.0130200717078824,0.0438046339323432,0.7556028553168903,0.1043555497784854,0.0097271417584679
LC08_L2SP_166040_20220126_02_T1,2022-01-26,landsat-8,166,0.04,36.4645035,160652,0.8709124815682193,0.3117749999999999,0.38223,0.0959076444262595,0.1031938676237495,0.0431225745406433,0.0516378368109105,0.065208991180628,0.0838419088415017,0.1173245470761283,0.1231680889580626,0.1273521071585373,0.0132273485546398,0.0462926076239324,0.5427943629708936,0.0075380325174912,0.0005041954037298
LC09_L2SP_166040_20220203_02_T1,2022-02-03,landsat-9,166,0.01,38.24393749,135501,0.7345660941972417,0.294835,0.3792875,0.1226542038224539,0.1320402240243023,0.0507813693005637,0.0692110026113986,0.0850455094948132,0.1091878146242407,0.1440595801518692,0.1529618903623728,0.1603403622437482,0.0089593434734799,0.0236013018354108,0.8183113039756165,0.1395045055018044,0.0066862975180994
LE07_L2SP_166040_20220203_02_T1,2022-02-03,landsat-7,166,0.0,27.22520862,40822,0.2213006331858791,0.3219225,0.4006274999999999,0.1224049775187103,0.1272132848630195,0.0255818052965296,0.0743350225987204,0.091243513914842,0.1137774489471266,0.1365143861199096,0.1466044020601231,0.151532406918208,0.0030620743716623,0.0176620449757483,0.8593895448532654,0.0720199892214982,0.000661408064279
LC09_L2SP_165040_20220228_02_T1,2022-02-28,landsat-9,165,0.81,45.74043726,184530,0.9973893726386794,0.32160625,0.40638875,0.1168371910298062,0.1256717432544957,0.0552900090266067,0.0672300935064181,0.0827215379534171,0.1044820605683112,0.1392551505314161,0.1469848587276621,0.153677011572158,0.0095702595783883,0.0251178670134937,0.7903647103452013,0.0728445239256489,0.0042594700048772
LC08_L2SP_166040_20220315_02_T1,2022-03-15,landsat-8,166,4.99,51.0439217,128014,0.6939782288142944,0.3119949999999999,0.38509,0.1079382933834046,0.1097552121473299,0.0309018977438145,0.0715148617702764,0.0804229983775425,0.0941276891031807,0.1244276083859631,0.1393633726906006,0.1427077400792697,0.0043901448279094,0.0129204618244879,0.6605918102707516,0.0062805630634149,0.0001640445576265
LE07_L2SP_166040_20220323_02_T1,2022-03-23,landsat-7,166,3.0,39.41401723,18797,0.1019006418596582,0.3493675,0.4336825,0.1042847212003193,0.1068925076295384,0.0173750370060089,0.0754568478509484,0.0811726092702581,0.0907307727754342,0.1186776876746279,0.124470835225951,0.1276288050552834,0.0,0.0032983986806405,0.5914773634090547,0.0,0.0
LC09_L2SP_166040_20220323_02_T1,2022-03-23,landsat-9,166,3.35,53.94171139,143978,0.7805208604388932,0.3058074999999999,0.382395,0.110779807423118,0.1143136394944106,0.0350099426606636,0.0728599166490837,0.083897759883678,0.099179012140475,0.129102666110966,0.1399066330876457,0.1433028796058261,0.0066468488241259,0.0175304560418952,0.7393837947464196,0.007521982525108,0.0001528011223936
LC08_L2SP_165040_20220324_02_T1,2022-03-24,landsat-8,165,1.78,54.27934196,184866,0.9992054612378588,0.3159,0.3898474999999999,0.1039110681752755,0.1075086096161037,0.0354418308572381,0.0663893984902494,0.0777713162432184,0.0927430963886583,0.1217983497617948,0.1331001870777561,0.1373175232698151,0.0088171973213029,0.0241039455605681,0.6392576244414874,0.0046682461891315,8.113985265002759e-05
LE07_L2SP_165040_20220401_02_T1,2022-04-01,landsat-7,165,4.0,41.86142718,144034,0.7785074562328053,0.3203824999999999,0.389765,0.0945484460386029,0.09865316216225,0.0376789342563893,0.0490111656653136,0.0623608759496096,0.080929999238069,0.1155426210746944,0.1277228209190145,0.132525084767895,0.0113028868183901,0.0530360887012788,0.4753460988377744,0.0030895483010955,8.33136620520155e-05
LC09_L2SP_165040_20220417_02_T1,2022-04-17,landsat-9,165,0.15,62.17367813,185012,0.9999945949744072,0.329485,0.423975,0.1237157581583097,0.1285184276309022,0.0418992519422272,0.0842732713971898,0.0960921813926156,0.1116751730544917,0.1431832874159629,0.1533166667767506,0.1577413074461424,0.007588696949387,0.0144693317190236,0.8730947181804424,0.1489957408168118,0.0012918080989341
LC08_L2SP_166040_20220502_02_T1,2022-05-02,landsat-8,166,2.09,65.89367871,145545,0.7890157429091855,0.3523375,0.4021674999999999,0.0713585666010162,0.0681071808617884,0.0273338677800135,0.0318276199741997,0.0398394975019686,0.0549180477843777,0.0873383457479186,0.1136300027647848,0.1199013731983778,0.0056820914493799,0.1911092789171734,0.1796626472912157,3.435363633240578e-05,2.7482909065924627e-05
LC09_L2SP_165040_20220503_02_T1,2022-05-03,landsat-9,165,0.52,66.04762891,185012,0.9999945949744072,0.3342425,0.4167424999999999,0.1080931241431328,0.1127082255363926,0.0392853448353678,0.0686436076516495,0.0801112500612517,0.095387222844896,0.1276187291428767,0.1382498416297,0.1419561341168997,0.0090318465829243,0.0216256242838302,0.6875013512637018,0.0087129483492962,0.0002918729595918
LC09_L2SP_166040_20220510_02_T1,2022-05-10,landsat-9,166,1.74,67.25370513,115377,0.6254716367421286,0.33163,0.4200149999999999,0.1214845047122783,0.126872438247619,0.0385770711546864,0.0844026642433039,0.094845326545473,0.1108188691652251,0.138755060348993,0.1470585119110895,0.1508117661392521,0.0052523466548792,0.0105740312193938,0.8602581103686177,0.0593099144543539,0.0003640240255856
LC08_L2SP_165040_20220511_02_T1,2022-05-11,landsat-8,165,2.75,67.47440311,185013,1.0,0.3396875,0.4234525,0.109314501558516,0.1109391266593474,0.0311881737076254,0.0755002784346972,0.084409641854905,0.0967524607977836,0.1249485444843444,0.1398265411785445,0.1443938619429104,0.0061995643549372,0.0136855248009599,0.6950971012847745,0.007902147416668,2.702512796398091e-05
LE07_L2SP_165040_20220516_02_T1,2022-05-16,landsat-7,165,0.0,49.66574372,127278,0.6879408473999125,0.333225,0.4199325,0.1149097250927565,0.1177565655139701,0.0315327854730813,0.0745786950742365,0.0867489070486542,0.1029079977616308,0.132847182488638,0.1446123191328047,0.1488090020289912,0.0071104197111833,0.0175992708873489,0.7874338063137384,0.0425132387372523,0.0001964204340105
LC08_L2SP_166040_20220518_02_T1,2022-05-18,landsat-8,166,2.0,68.34347155,139634,0.7569715500043369,0.3521725,0.416055,0.0836871646425199,0.0833109644449372,0.0221403244412516,0.0527597176896187,0.059591867560393,0.0708367506106213,0.0973377262072093,0.1130504193074093,0.11648286066373,0.0035449818812037,0.0372831831788819,0.2374135239268373,3.580789778993655e-05,1.432315911597462e-05
LE07_L2SP_166040_20220521_02_T1,2022-05-21,landsat-7,166,3.0,49.92065304,113326,0.6143529360742476,0.339,0.412535,0.0984630437730425,0.0999733540079894,0.0325972496918141,0.0582729559246475,0.069706016948547,0.0853857973295613,0.1169759633426766,0.1322425866401519,0.1370340680936373,0.0089299895875615,0.0325168099112295,0.4991617104636182,0.0014736247639553,0.0
LC09_L2SP_166040_20220526_02_T1,2022-05-26,landsat-9,166,1.8,68.83045481,114481,0.6206143204094023,0.348405,0.428595,0.1039132590167525,0.1046747573734907,0.0231783974893776,0.0741309897085328,0.0821732950826698,0.0941631336691021,0.1208985419566813,0.1276288550714319,0.1292948673339898,0.0034940295769603,0.0100103947379914,0.6307422192328858,6.988059153920738e-05,5.241044365440553e-05
LC08_L2SP_166040_20220603_02_T1,2022-06-03,landsat-8,166,0.07,69.22533943,143466,0.7777452511059069,0.34327625,0.43954,0.1229140464626131,0.1258360963944031,0.0354232604395298,0.0883586567355523,0.0980734134017842,0.1113536626669835,0.1396364309031693,0.1513564298968656,0.1535721786789516,0.0046910069284708,0.0089150042518784,0.8846555978419974,0.12660142472781,0.0007597618948043
LC08_L2SP_165040_20220612_02_T1,2022-06-12,landsat-8,165,0.59,69.18440262,185008,0.999972974872036,0.3666925,0.4604675,0.1125358340877898,0.1152927530697804,0.0395322910803325,0.0730707686036508,0.0837125616480307,0.0987085631797528,0.1323530979758809,0.1448191404119467,0.1473072129902807,0.0065078266885756,0.0161128167430597,0.7324764334515265,0.026685332526161,0.0015512842687883
LC08_L2SP_166040_20220619_02_T1,2022-06-19,landsat-8,166,0.0,68.96623552,124884,0.6770101483216238,0.3474425,0.4448749999999999,0.1271410642533772,0.1302906502699264,0.035152018218528,0.0915880536419306,0.1013340450040103,0.1153578674291764,0.1454324167845951,0.1538107692990193,0.1554020291869228,0.0036033439031421,0.0068783831395535,0.9093318599660484,0.1930111143140834,0.0013452483905063
LC09_L2SP_165040_20220620_02_T1,2022-06-20,landsat-9,165,0.0,68.82013465,185012,0.9999945949744072,0.3589374999999999,0.460495,0.1250432087290256,0.1281725995750083,0.0398915228715677,0.0851034217704831,0.0959103351311503,0.1112940030434442,0.145185859145425,0.1543627096337192,0.1579731828826793,0.0059942057812466,0.011793829589432,0.870403000886429,0.1902363089961732,0.0056050418351242
LC09_L2SP_166040_20220627_02_T1,2022-06-27,landsat-9,166,0.01,68.4683518,110872,0.6010495272790355,0.3586075,0.44647,0.1142870723012874,0.1159816828387256,0.0313090957411807,0.0802405722189156,0.0894567955212018,0.1029138556260919,0.1327173872112884,0.1416248680770613,0.1436073720715399,0.0041038314452702,0.0092629338336099,0.7907767515693773,0.00359874449816,0.0001894076051663
LC08_L2SP_165040_20220628_02_T1,2022-06-28,landsat-8,165,0.0,68.51099419,185013,1.0,0.3642175,0.45351,0.1098222625886126,0.1116397711946839,0.0349947539908598,0.0722755794015399,0.08220231263023,0.096178824063487,0.1280161270786499,0.1426780429902604,0.1451739636358258,0.0060806537918957,0.0153989179138763,0.6912541280882964,0.0150800214039013,0.0005891477896147
LC08_L2SP_166040_20220705_02_T1,2022-07-05,landsat-8,166,0.14,68.05622936,138178,0.7490784109636569,0.34285,0.439925,0.1263031803487998,0.127793017151234,0.0287488361349914,0.093249693752859,0.1017839495898958,0.1140026968563242,0.1431586806225482,0.1525684920299138,0.1545090644278136,0.0029092909146173,0.0054712038095789,0.913893673377817,0.1623630389787086,0.0019684754447162
LC09_L2SP_166040_20220713_02_T1,2022-07-13,landsat-9,166,3.2,67.36226089,168991,0.9161191343568392,0.33724,0.41644,0.1038436915792396,0.1049026973212057,0.0274454798621592,0.0706529011666718,0.079632753748498,0.0920244611526454,0.1174723303898248,0.1339733804392253,0.136850208879228,0.0054263244788183,0.0147167600641454,0.6017716919835968,0.0029824073471368,8.876212342669137e-05
LE07_L2SP_165040_20220723_02_T1,2022-07-23,landsat-7,165,0.0,46.41372251,174838,0.9450038645932988,0.34032,0.422435,0.1071337736865725,0.1101604209753447,0.0334678277948331,0.0671568681228827,0.079165417876496,0.0950573714922664,0.1253806147618637,0.136606749085316,0.1413564899208854,0.0078472643246891,0.0235360733936558,0.6796691794689942,0.0116965419416831,0.0002631006989327
LC08_L2SP_166040_20220806_02_T1,2022-08-06,landsat-8,166,0.0,65.00091873,124365,0.6741965912047879,0.3225275,0.4120675,0.1239263260334889,0.1259310399868953,0.0278697695218984,0.0913749877443591,0.1003161950023706,0.1130013793167197,0.1399576506944538,0.1494568484243206,0.1519408828959377,0.0030394403570136,0.0067703935994853,0.9026092550154786,0.0886664254412415,0.0003055522052024
LC09_L2SP_165040_20220807_02_T1,2022-08-07,landsat-9,165,0.0,64.79865506,185013,1.0,0.3397975,0.4214724999999999,0.1051519859245373,0.1087575016001514,0.0335108921879707,0.0681773658156555,0.0792696360778769,0.0939438528319573,0.1224929267469343,0.1329400701919477,0.1357678279727822,0.0070589634241918,0.0202147957170577,0.6571159864441958,0.0048320928799597,0.0001999859469334
LE07_L2SP_165040_20220809_02_T1,2022-08-09,landsat-7,165,0.0,44.59907583,180974,0.9781691016306964,0.348405,0.424745,0.0964194855431369,0.0997427800849243,0.035760901450174,0.0552623523932154,0.0675622399145758,0.0835887247404774,0.1156556967506456,0.126972556774311,0.1318579854432211,0.0093328323405572,0.0387403715450838,0.4941262280769613,0.00437079359466,0.0001823466354282
LC09_L2SP_166040_20220814_02_T1,2022-08-14,landsat-9,166,0.0,63.81944074,129230,0.7005703009801371,0.33603,0.42486875,0.1193621249023932,0.1212332829882468,0.027649967484519,0.0862416737030636,0.095264106123278,0.1079377423409403,0.1356957880972467,0.1448346783496595,0.1473512886324515,0.002607753617581,0.0071268281358817,0.8557378317728082,0.0164512884005261,0.0006190513038768
LE07_L2SP_165040_20220826_02_T1,2022-08-26,landsat-7,165,0.0,42.52440446,183268,0.9905682303405706,0.3399899999999999,0.4163575,0.100537167110755,0.1031831206058464,0.0335713010630816,0.0596180120290795,0.0717548867827001,0.0877055077548031,0.1194991144481654,0.1308821313940633,0.1359580499739717,0.0085939716699041,0.0314948599864679,0.5596121526944148,0.006902459785669,0.0004692581356265
LC09_L2SP_166040_20220830_02_T1,2022-08-30,landsat-9,166,0.0,60.97669725,144563,0.7836922109463093,0.3403474999999999,0.43107,0.1184539418564399,0.1213823322758259,0.0338555348851996,0.0826943277777385,0.0925389385238516,0.1062531781758737,0.1358159881315223,0.1451036828331445,0.1480473983672559,0.0048214273361786,0.0105836209818556,0.8317896003818405,0.0304019700753304,0.0021928155890511
LC08_L2SP_165040_20220831_02_T1,2022-08-31,landsat-8,165,0.0,60.82212723,185012,0.9999945949744072,0.35539,0.4441325,0.1110677842257976,0.1143739998181081,0.0359284381805805,0.0728852827061143,0.083810634799448,0.0985961706624938,0.1297260020796553,0.1392405061721299,0.1424879717472432,0.0060914967677772,0.0158530257496811,0.7297310444727909,0.0131450932912459,0.00143774457873
LC08_L2SP_166040_20220907_02_T1,2022-09-07,landsat-8,166,0.0,59.26457429,131918,0.7151422499783155,0.3284674999999999,0.399885,0.0989179739976863,0.1025194933911489,0.0325653451291947,0.0624584415920895,0.0735131645456216,0.0882699626857385,0.1151998867123432,0.1238363084039113,0.1273323756469529,0.0057459937233736,0.024977637623372,0.5540184053730348,0.0052153610576267,0.0005230521990933
LC09_L2SP_165040_20220908_02_T1,2022-09-08,landsat-9,165,0.0,58.98439755,185012,0.9999945949744072,0.3420249999999999,0.40995,0.0896301473492171,0.0935026507190033,0.0383800627111895,0.0484865893032405,0.0607408829713169,0.0767277930393111,0.1095692888301941,0.1207846821892677,0.1242885525168234,0.0097669340367111,0.0542775603744622,0.3891098955743411,0.0030538559660994,0.0002432274663265
LC09_L2SP_166040_20220915_02_T1,2022-09-15,landsat-9,166,0.0,57.24484681,152151,0.824827608639084,0.3330875,0.423205,0.1183672560037457,0.1213622309533707,0.0335137028014099,0.0833923339684648,0.0936088043509452,0.1070034816627971,0.1350299854299096,0.1449111454809517,0.1481620234104539,0.0053828104974663,0.0111205315771831,0.843201819245355,0.0315936142384867,0.0013933526562428
LC09_L2SP_166040_20221001_02_T1,2022-10-01,landsat-9,166,0.0,52.7462037,150135,0.8138986468904502,0.3394125,0.4325,0.1204770292310872,0.1233628668458493,0.0328548922634754,0.0847784144587375,0.0946441998546032,0.108233126094838,0.1385356816110886,0.146473657384762,0.1488563562341801,0.0048689512771838,0.0100975788457055,0.8542045492390182,0.0336363939121457,0.0017850601125653
LC08_L2SP_165040_20221002_02_T1,2022-10-02,landsat-8,165,0.09,52.47569361,185009,0.9999783798976288,0.3530525,0.441465,0.1121740613195513,0.1151326358459748,0.036082007313463,0.073371997338678,0.0841809868135871,0.098975342845852,0.1321119696354227,0.1407111005192274,0.1434785604154186,0.0059402515553297,0.0152641222859428,0.7355047592279295,0.0167072953207681,0.0013945267527525
LC09_L2SP_165040_20221010_02_T1,2022-10-10,landsat-9,165,0.0,50.00753678,185009,0.9999783798976288,0.3512099999999999,0.4446275,0.1178775075034098,0.1212022426200688,0.0348579827974771,0.0784356497541993,0.0896220411726735,0.10500176862119,0.1375639484045298,0.1458917465385918,0.1486703834679686,0.0058591744185418,0.0137723029690447,0.8121226534925328,0.0358144738904593,0.0018431535763125
LC09_L2SP_166040_20221017_02_T1,2022-10-17,landsat-9,166,0.0,47.83227087,138360,0.7500650533437418,0.32965,0.4130575,0.1121633858440647,0.1173453318414499,0.0342961614910568,0.072600087354812,0.0841462081439524,0.100057365861491,0.1303148899788926,0.1364422595762238,0.1392380667634922,0.0051459959525874,0.0168907198612315,0.7507082971957213,0.0129011274934952,0.0014093668690372
LC08_L2SP_166040_20221025_02_T1,2022-10-25,landsat-8,166,0.0,45.37688153,131886,0.714968774395004,0.3400725,0.4317574999999999,0.1213936825623003,0.1267271310471092,0.0322202044906885,0.0826960225979718,0.0931733515224251,0.108506434134616,0.1391202992158582,0.1443092680775548,0.1472399248134165,0.003336214609587,0.0092049194000879,0.8453891997634321,0.0322854586536857,0.0021306279665771
LC09_L2SP_166040_20221102_02_T1,2022-11-02,landsat-9,166,0.36,42.96339145,155354,0.8421914303061844,0.3339675,0.40775,0.0980843839272177,0.1009858498439615,0.0351556587139214,0.0604735232089595,0.0715666122890214,0.0860109513687143,0.1155232063400705,0.1260729981288725,0.1296832295754006,0.0077886633108899,0.0282837905686367,0.5177465659075402,0.0059670172637975,0.002162802373933
LC08_L2SP_166040_20221212_02_T1,2022-12-12,landsat-8,166,0.01,34.37582245,134360,0.7283806054297858,0.30590375,0.380195,0.109081333559761,0.1186247673689904,0.0478127745919147,0.0541439613596554,0.0703577402917215,0.093374870541326,0.131875670349014,0.1396365761549682,0.1449717365561377,0.0106951473652872,0.0418651384340577,0.6931899374813932,0.0349285501637392,0.0037511164036915
LC09_L2SP_166040_20221220_02_T1,2022-12-20,landsat-9,166,0.29,33.70838392,155743,0.8443002428658166,0.2943675,0.380525,0.1268133817350621,0.1341310539338207,0.0543407150235498,0.0762140914577363,0.0916113343556684,0.1133009923460128,0.1485545087821663,0.1577398879601059,0.1670204775422025,0.0091689514135466,0.0196991197036142,0.8554092318755899,0.2277148892727121,0.0120775893619616
LC08_L2SP_165040_20221221_02_T1,2022-12-21,landsat-8,165,1.27,33.65986327,184989,0.9998702793857728,0.30171,0.3792325,0.1129731458851685,0.1211436071542923,0.053629502506386,0.0588880448774222,0.0767290009181534,0.0993793028064426,0.1361845805910216,0.1455991949118136,0.1526871393288049,0.0125304747849872,0.0364940618090805,0.7439199087513312,0.0641930060706312,0.0062814545729746
LC09_L2SP_165040_20221229_02_T1,2022-12-29,landsat-9,165,0.19,33.48734839,184825,0.9989838551885544,0.262605,0.3049,0.0713610961023442,0.0958716973449254,0.092283860137851,-0.0571371876559125,-0.0134814025674052,0.0456336063437977,0.1198415596056814,0.1351588277873001,0.144255184826824,0.1250588394427161,0.2654997971053699,0.4660192073583119,0.0339185716218044,0.0065359123495198
LC09_L2SP_166040_20230105_02_T1,2023-01-05,landsat-9,166,0.01,33.71506567,139313,0.7552313730592419,0.2458024999999999,0.2647775,0.0447630954760567,0.0626866673853677,0.0848569612904873,-0.0894280671035724,-0.0436901644369615,0.0164697751934261,0.0952475860051855,0.1171673721066201,0.1256148404777567,0.1964281868885172,0.4059707277856338,0.219340621478254,0.0123606555023579,0.0027276707844924
LC08_L2SP_165040_20230106_02_T1,2023-01-06,landsat-8,165,1.49,33.77568818,184984,0.999843254257809,0.2699475,0.316175,0.0799497303623423,0.1017155487802602,0.0854366065884675,-0.0427143147896347,-0.0016967443578881,0.055978994738115,0.1249835626372318,0.1390489425522007,0.1483536026148297,0.1029007914197984,0.2293928123513385,0.514244475197855,0.0449011806426501,0.0085466851187129
LC08_L2SP_166040_20230129_02_T1,2023-01-29,landsat-8,166,0.09,37.04283697,111433,0.6040907710989678,0.3098225,0.390975,0.1168668274471748,0.1276213653812911,0.0503959503775015,0.0564590443246805,0.0764017236221313,0.1064733420165098,0.1387606547264769,0.1485109034012801,0.1532241405145538,0.0142776376836305,0.0400599463354661,0.7918659643014188,0.0806134627982734,0.0030242387802536
LE07_L2SP_166040_20230222_02_T1,2023-02-22,landsat-7,166,0.0,24.51221913,126844,0.6876355277994622,0.27465,0.33735,0.0969855084396531,0.103921789753735,0.0506036474516758,0.037014377407381,0.0570859235448809,0.0813820875332515,0.122249031021668,0.1364452125205228,0.1443762396794182,0.0211361987953706,0.0772681403929236,0.5548705496515405,0.0400728453848822,0.0012456245466872
LC09_L2SP_166040_20230222_02_T1,2023-02-22,landsat-9,166,0.48,43.66751502,128933,0.6989602307225258,0.285375,0.3679575,0.1242560360984374,0.1311247079809721,0.0420874577175646,0.0848183223066023,0.0963919632370163,0.1124323544750154,0.1409987512335254,0.151917499015169,0.1570022845816655,0.0072363165364956,0.0139607392987055,0.8748031923557197,0.1186197482413346,0.0026447845004769
LC08_L2SP_165040_20230311_02_T1,2023-03-11,landsat-8,165,0.31,49.51796884,185006,0.9999621648208504,0.25133,0.3191175,0.1220199177490882,0.1284084578919059,0.0653597107536802,0.0688021032851218,0.0875639556946933,0.1103654656165652,0.1451652309187172,0.1589562531000534,0.1688415403783356,0.0136752321546328,0.0284693469400992,0.8368269137217171,0.1873074386776645,0.0143346702269115
LE07_L2SP_165040_20230311_02_T1,2023-03-11,landsat-7,165,0.0,28.73907912,181701,0.982098555236659,0.2095575,0.2421725,0.0749473043823405,0.0820224228197163,0.0747302008273605,-0.00335831893848,0.0220918938982174,0.0525034221655459,0.1127368239652955,0.1316599805242501,0.1447236377927157,0.0556353569875784,0.2312865641906208,0.3476150378919213,0.0329167148227032,0.0029499012113307
LC08_L2SP_166040_20230318_02_T1,2023-03-18,landsat-8,166,0.04,52.04210325,130361,0.7067015786278081,0.2713225,0.3584974999999999,0.1436385349049464,0.1521498546930529,0.0481312497542597,0.0930384368427009,0.1077342070769317,0.1296924743663121,0.1619632442354328,0.1713319233567108,0.1829429998077413,0.0060754366720108,0.0117443100313744,0.9308919078558772,0.5389572034580895,0.0248540591127714
LC08_L2SP_165040_20230327_02_T1,2023-03-27,landsat-8,165,3.11,55.25752728,184995,0.9999027095393296,0.2805075,0.3606149999999999,0.1232471290228154,0.1332781902043283,0.059926540203745,0.063579409785422,0.0827004543757522,0.108296185571786,0.1475971365847667,0.1591679913653209,0.1689598893587266,0.013503067650477,0.032136003675775,0.8116759912430066,0.2118327522365469,0.0156923160085407
LE07_L2SP_165040_20230328_02_T1,2023-03-28,landsat-7,165,0.0,33.16856571,121204,0.6551107219492684,0.2643375,0.334655,0.1119935984389561,0.1201441967187338,0.0693915657269572,0.05176149669248,0.0726292277513961,0.0971646974533286,0.1407658078740519,0.1575865400772207,0.1653806808067005,0.0196528167387214,0.0473416718920167,0.7253225966139731,0.1569750173261608,0.008093792284083
LE07_L2SP_166040_20230402_02_T1,2023-04-02,landsat-7,166,0.0,34.40902328,142644,0.7732890970595888,0.291425,0.3671325,0.1150397870125785,0.120635241970328,0.0617736997436694,0.0650757055415518,0.0813808388391531,0.1028408934523869,0.135830776187582,0.1511622104429997,0.1636581067946209,0.0125487226942598,0.0290443341465466,0.7772216146490564,0.1114382658927119,0.0126538795883458
LC08_L2SP_166040_20230403_02_T1,2023-04-03,landsat-8,166,0.18,57.67874697,134058,0.7267434296122821,0.29038,0.3795624999999999,0.1372719679015146,0.1424382852818059,0.0458258685864856,0.0910708014498121,0.1049506126521171,0.1253051346321714,0.1533228748005099,0.1647310871614966,0.1781310201476663,0.0059601068194363,0.0112414029748317,0.921131152187859,0.3156842560682689,0.02172194124931
LC09_L2SP_165040_20230404_02_T1,2023-04-04,landsat-9,165,0.17,58.04798119,185007,0.9999675698464432,0.303745,0.3935875,0.1290155136863476,0.1364209295259787,0.0603408380885833,0.0786346746309506,0.0948052573713472,0.1169252489655746,0.1493353742734057,0.1616619455097926,0.1735718642730608,0.0099780008324009,0.0193992659737199,0.8750047295507738,0.2403530677217618,0.0181722853729858
LC09_L2SP_165040_20230420_02_T1,2023-04-20,landsat-9,165,0.71,62.95174752,185006,0.9999621648208504,0.3153775,0.4141575,0.1359392632837948,0.1450412496224594,0.0584909440177575,0.0778449042300222,0.0958631529382945,0.1219137178166089,0.1577353957682094,0.1701906814548684,0.1830081997792218,0.0095780677383436,0.0203344756386279,0.883684853464212,0.3981168178329351,0.0258315946509842
LC09_L2SP_166040_20230427_02_T1,2023-04-27,landsat-9,166,1.75,64.72090468,126412,0.685293607424755,0.3126275,0.40676,0.1343518008307675,0.1402823617443307,0.0421615105318256,0.0864963129763582,0.100776294932216,0.1221813379701935,0.1511476573316529,0.1616774969716385,0.1729252231732014,0.0058934278391291,0.0123485112172894,0.9035297281903616,0.2713982849729456,0.0145160269594658
LC08_L2SP_165040_20230428_02_T1,2023-04-28,landsat-8,165,4.6,64.89895029,185004,0.9999513547696648,0.322445,0.4139925,0.124939584779262,0.1321546894480556,0.0519159496546348,0.0738927256168162,0.08954871209626,0.1118237671671751,0.1446646403377198,0.1563692157082919,0.1675516695222638,0.0094268232038226,0.0205184752762102,0.8444141748286523,0.1709530604743681,0.0130483665218049
LC08_L2SP_166040_20230505_02_T1,2023-05-05,landsat-8,166,1.79,66.33394745,109434,0.5932539682539683,0.3275325,0.4246899999999999,0.1368121417964554,0.142410205627587,0.0431669645469777,0.0896291264479234,0.1042391435553532,0.127036300299827,0.1526168649355208,0.1627407452079415,0.1736547087578137,0.0055741360089186,0.0113310305755066,0.9176033042747228,0.3024379991593106,0.0155984428970886
LC09_L2SP_166040_20230513_02_T1,2023-05-13,landsat-9,166,1.24,67.65063047,123101,0.6673443056639778,0.3185125,0.4120675,0.1300908085813102,0.1357939421219086,0.0355099615154954,0.0929341736214292,0.1032413003373518,0.1195196580343403,0.1448943814406649,0.1530325276212233,0.1577911457924167,0.0045816037237715,0.0090738499281078,0.9197407007254206,0.1469525024167147,0.0039236074442937
LE07_L2SP_166040_20230516_02_T1,2023-05-16,landsat-7,166,0.0,41.44618522,122913,0.6663251366120219,0.3016275,0.379865,0.1118369542504962,0.1176620233536795,0.0428582407804267,0.0648208772836676,0.079513205077745,0.0990439575684239,0.131743062431059,0.1424557967519997,0.1506820069146082,0.011325083595714,0.0284428823639484,0.7379528609667,0.0531107368626589,0.0027905917193462
LE07_L2SP_165040_20230602_02_T1,2023-06-02,landsat-7,165,0.0,41.78662404,142267,0.7689567760103344,0.3100425,0.4094275,0.1328660998650307,0.1386259581999411,0.0494351175557398,0.0881099767892384,0.1017993650210253,0.1208145991529726,0.1518889917802039,0.1632734348472882,0.1743126381847748,0.0090955738154315,0.0157520718086414,0.9086295486655374,0.2831717826340613,0.0123992211827057
LC09_L2SP_166040_20230614_02_T1,2023-06-14,landsat-9,166,0.03,68.94277268,108156,0.5863257871454592,0.3381475,0.4277424999999999,0.1198131550346436,0.1245268662836276,0.0296088727671495,0.0873838183755408,0.0967223102621049,0.1117306630530891,0.1324924070130432,0.1382315403601956,0.1426541666359604,0.0042993453899922,0.0087373793409519,0.8748104589666778,0.022920596175894,0.0016087873072229
LC08_L2SP_165040_20230615_02_T1,2023-06-15,landsat-8,165,3.5,68.98431961,185010,0.9999837849232216,0.338395,0.4166325,0.1024131187942584,0.1054372569006735,0.0277850966298803,0.0720502037427535,0.0800184902248829,0.0915221406790271,0.1170722613018436,0.1259361885868432,0.1286177562509651,0.0060483217123398,0.0157667153126858,0.6004540295119183,0.0066590995081346,0.0001243176044538
LC08_L2SP_166040_20230622_02_T1,2023-06-22,landsat-8,166,0.25,68.71253947,166722,0.9038186312776476,0.323545,0.4114625,0.1182356564766807,0.1216203601784106,0.0365629911430029,0.0825985846585469,0.0927300243870436,0.1065770615490829,0.1332829726737407,0.1413599962652209,0.150716191001402,0.0056321301327959,0.0127457684048895,0.8332853492640443,0.0518827749187269,0.0065618214752702
LC09_L2SP_165040_20230623_02_T1,2023-06-23,landsat-9,165,0.0,68.61450287,185008,0.999972974872036,0.34153,0.436515,0.1201460642564581,0.1244914672127588,0.0382279314077925,0.0819871079625129,0.0931891624224681,0.1084704362558383,0.1365672325531001,0.1445319864460766,0.1524339942299832,0.0062699991351725,0.0141561445991524,0.8456445126697224,0.0597920089942056,0.0057835336850298
LE07_L2SP_165040_20230624_02_T1,2023-06-24,landsat-7,165,0.0,40.68629799,127716,0.6903082486095572,0.3306125,0.4120675,0.1050968125695226,0.1102469431933847,0.0447252374716431,0.0612114362642706,0.0750577120469729,0.0929480352570939,0.1242318041395017,0.1348482030480049,0.1437824038000153,0.0118544270099282,0.0319067305584265,0.6585392589808637,0.033049891947759,0.0030927996492217
LE07_L2SP_166040_20230629_02_T1,2023-06-29,landsat-7,166,0.0,40.27612777,146543,0.7944260126637176,0.3236825,0.41457,0.1210147506830555,0.1259505215997219,0.0463416832818012,0.0761523274498118,0.0900473224028754,0.1088411615900687,0.1389454910831644,0.1510407792807599,0.1609070640457088,0.0089598274909071,0.0196392867622472,0.8349221730140641,0.1078386548658073,0.0090690104610933
LC09_L2SP_166040_20230630_02_T1,2023-06-30,landsat-9,166,0.0,68.22866792,138626,0.75150706913002,0.3324,0.43265125,0.1316235273611817,0.1354296760543974,0.0391807002553329,0.0935786520576227,0.1044884373504443,0.1202755673503354,0.1458481805366208,0.1544221823984342,0.1650408638170434,0.0037511000822356,0.007761891708626,0.925028493933317,0.1557572172608313,0.0123714166173733
LC08_L2SP_165040_20230701_02_T1,2023-07-01,landsat-8,165,0.0,68.21427578,185011,0.9999891899488144,0.341915,0.4390175,0.1223573366200638,0.1270754093316761,0.0451971235692173,0.0819082109197166,0.09388652587278,0.1102271945819992,0.1398204133577773,0.1485115191325295,0.1580410911039656,0.0073563193539843,0.0146802082038365,0.8561436887536417,0.0876272221651685,0.0096102393911713
LC08_L2SP_166040_20230708_02_T1,2023-07-08,landsat-8,166,0.0,67.73806254,145149,0.7868689825657039,0.317935,0.4140474999999999,0.1310875679044907,0.1342519682461072,0.037241730981364,0.0970700901111677,0.1067297799911167,0.1204294371156491,0.1457146585407052,0.1531733009443102,0.161097504637759,0.0046848410943237,0.0080675719433134,0.9390143921074208,0.1606211548133297,0.0096314821321538
LC09_L2SP_165040_20230709_02_T1,2023-07-09,landsat-9,165,0.0,67.62061535,185007,0.9999675698464432,0.3343525,0.433105,0.1267739090995137,0.1307820770624567,0.042019623553053,0.0878159081171799,0.0993202045441101,0.115246050149541,0.1440586730457832,0.1525606392937871,0.1609578108187545,0.0070159507478095,0.0131292329479425,0.8956039501208063,0.1379515369688714,0.0096807147837649
LE07_L2SP_165040_20230716_02_T1,2023-07-16,landsat-7,165,0.0,38.65111211,71537,0.3866593158318605,0.30226,0.395815,0.1275119395611034,0.1312559087937175,0.0441037879520026,0.0845974556654437,0.0977569426896246,0.1146124521953579,0.1466746888050094,0.1604610326151635,0.1695471234808755,0.0100507429721682,0.0178229447698393,0.8863804744398004,0.20847952807638,0.0090722283573535
LC09_L2SP_166040_20230716_02_T1,2023-07-16,landsat-9,166,0.0,67.06506058,138208,0.7492410443230115,0.320355,0.423315,0.1384650824637205,0.1416890482948254,0.0330112989878592,0.105089176737207,0.1142428460075721,0.127640720181707,0.152961918572928,0.1604255085691706,0.1649351033317894,0.00320531373003,0.0053542486686733,0.96554468626997,0.3073555799953693,0.0084437948599212
LC08_L2SP_165040_20230717_02_T1,2023-07-17,landsat-8,165,0.0,67.02082655,184985,0.9998486592834016,0.33691,0.4384675,0.1294487772121754,0.1333330545585723,0.0419455186859268,0.0913350851063447,0.1027205525429086,0.1179659242206818,0.1458879629904377,0.1544891948264558,0.1632366055130581,0.0065248533664891,0.0116009406168067,0.9155120685460983,0.1681325512879422,0.0109900802767791
LE07_L2SP_165040_20230721_02_T1,2023-07-21,landsat-7,165,0.0,38.12542047,180812,0.9772934874846632,0.3135625,0.4132225,0.135440248121457,0.1397997571601719,0.0417654438612469,0.0922082027357531,0.1055156696327783,0.123395924257058,0.15389205405962,0.164286669562934,0.1718771110937916,0.0073114616286529,0.0137712098754507,0.9256520584916932,0.3164889498484614,0.0117967833993319
LC08_L2SP_166040_20230724_02_T1,2023-07-24,landsat-8,166,0.0,66.37594966,156636,0.8491412958626073,0.3119949999999999,0.4121499999999999,0.1340230365939009,0.1371265822023148,0.0387717227337162,0.0968566487027786,0.1064359634241155,0.1204190323864226,0.1513904245482255,0.1610517175954638,0.1683414614615982,0.0050243877524962,0.0084846395464644,0.9379452999310504,0.2764115528997165,0.0105148241783498
LC09_L2SP_165040_20230725_02_T1,2023-07-25,landsat-9,165,0.0,66.24065527,185010,0.9999837849232216,0.33774875,0.4406675,0.1306825014536662,0.1342396151874238,0.0376396204024367,0.093531714073883,0.1044547821953618,0.1196078155140099,0.1461877186255075,0.1549349766069063,0.1634379272243158,0.0058375222960921,0.0107345548889249,0.9250743203070104,0.1681692881465866,0.0101562077725528
LE07_L2SP_166040_20230726_02_T1,2023-07-26,landsat-7,166,0.0,37.59086329,11742,0.0636546968514181,0.3486525,0.4551875,0.1401320373873514,0.1414641337306449,0.015358564558987,0.115203220324473,0.1220570371107632,0.1317554057305651,0.1502787514796495,0.1559978048947727,0.1603124919824939,0.0,0.00068131493783,0.9847555782660536,0.259070005109862,0.0014477942428887
LC09_L2SP_166040_20230801_02_T1,2023-08-01,landsat-9,166,0.0,65.49769885,150335,0.8149828692861479,0.33317,0.4324175,0.1294637689516549,0.1322631272470633,0.0370851519266937,0.0951733606736677,0.1047038530990856,0.1181855639892251,0.1443549398425332,0.152883630671449,0.1599796229698801,0.0042105963348521,0.0078158778727508,0.9297236172547976,0.1500182924801277,0.0091395882529018
LC08_L2SP_165040_20230802_02_T1,2023-08-02,landsat-8,165,0.0,65.41679611,185008,0.999972974872036,0.34186,0.4367625,0.1203799163390362,0.1234423800809125,0.0374052522057676,0.0843713616480218,0.0945831866917493,0.1087785400661938,0.1365599775229521,0.1467877888341707,0.1520550118519525,0.006237568105163,0.0125886448153593,0.8546225028106893,0.0640945256421344,0.0052051803165268
LC08_L2SP_166040_20230809_02_T1,2023-08-09,landsat-8,166,0.0,64.53843901,154975,0.8401368288663371,0.3148825,0.4045875,0.1239741521956397,0.1260159356093093,0.0350336634226817,0.0925942265003294,0.1018099016069253,0.1146530519244431,0.1372736533691442,0.1470575742868239,0.1529747136393374,0.0054718502984352,0.0095499274076463,0.9130956605904178,0.0692369737054363,0.0057364090982416
LE07_L2SP_165040_20230812_02_T1,2023-08-12,landsat-7,165,0.0,35.70151205,143507,0.7756590077454016,0.3247,0.3787925,0.0762619322415657,0.0807950568538243,0.0392728997332494,0.0273822241343426,0.0430999388644073,0.0629592934090404,0.0966699784023974,0.1091071782903595,0.1155812426588761,0.02094671340074,0.1397980586312862,0.2044499571449476,0.0045990787905816,0.0002926686503097
LE07_L2SP_166040_20230817_02_T1,2023-08-17,landsat-7,166,0.0,35.10934486,135626,0.7352437331945528,0.322995,0.3712025,0.0621282837296224,0.0671399277043397,0.0438431626294368,0.0092460464662782,0.0272199212884619,0.0485962208145138,0.0848205571542946,0.09867972606185,0.1057261544750041,0.0370725377140076,0.2631869995428605,0.0915163759161222,0.001467270287408,0.0001253446979192
LC09_L2SP_166040_20230817_02_T1,2023-08-17,landsat-9,166,0.0,63.33525258,168953,0.9159131321016568,0.3245349999999999,0.39521,0.0957131439496849,0.0988027690380853,0.0364108163549475,0.0601037951562746,0.0707093553092976,0.0851187794380607,0.1109990674296382,0.1222853979874193,0.1277489646614181,0.0083514350144714,0.0286588577888525,0.4722615165164276,0.0119796629831965,0.0010180346013388
LC08_L2SP_166040_20230825_02_T1,2023-08-25,landsat-8,166,0.0,61.97570619,145308,0.7877309393702836,0.3305025,0.4262575,0.1275013632457199,0.130589418258559,0.0388688031416425,0.0898133425439724,0.1003070634840164,0.1151762848878522,0.1430851987223956,0.1521645085970367,0.1603657390598733,0.0047416522146062,0.0087538194731191,0.902015030142869,0.1276048118479368,0.0109698020755911
LC09_L2SP_165040_20230826_02_T1,2023-08-26,landsat-9,165,0.0,61.76615668,185010,0.9999837849232216,0.3465625,0.44647,0.1253501174686249,0.1289015769586559,0.0404385883718448,0.0841291681221668,0.095632883927943,0.1120069747649608,0.1432889039408553,0.1522085311711195,0.1605811442314462,0.0059834603534944,0.0119453002540403,0.8700502675531052,0.125058104967299,0.0111939895140803
LC09_L2SP_166040_20230902_02_T1,2023-09-02,landsat-9,166,0.0,60.35191044,148124,0.8029967907017087,0.32514,0.413745,0.1253310345474243,0.1238674526333609,0.0439045645833917,0.0845030443431335,0.0951165377855698,0.1099449207432424,0.1377693540880722,0.1514505819569817,0.1917575688883457,0.0048742945100051,0.0102414193513542,0.8621695336339823,0.1051078825848613,0.043409575760849
LC08_L2SP_165040_20230903_02_T1,2023-09-03,landsat-8,165,0.0,60.15452302,185005,0.9999567597952576,0.3334175,0.4244425,0.1191357662668787,0.1217423628182735,0.0356865488567676,0.0831552708193319,0.0930481248488511,0.1069331318124482,0.1359133389353659,0.1456960959681136,0.1503198124453595,0.0062592902894516,0.0122321018350855,0.83916650901327,0.0519445420394043,0.0049728385719304
LE07_L2SP_165040_20230903_02_T1,2023-09-03,landsat-7,165,0.0,32.95946224,16737,0.0904639133466296,0.3230225,0.3913049999999999,0.0935360351812169,0.0988667091652181,0.0418553956629927,0.0388469981158782,0.0568791333187184,0.0766548638900442,0.1195008597504288,0.1328352078671871,0.1393861234433202,0.020672760948796,0.0757005437055625,0.4873035788970544,0.0143394873633267,0.0005974786401386
LE07_L2SP_165040_20230908_02_T1,2023-09-08,landsat-7,165,0.0,32.26344909,174191,0.9415068130347596,0.3130124999999999,0.3693599999999999,0.0740079559370069,0.0807693178108442,0.0484642782853787,0.0138934409626388,0.0348182818963511,0.05949442016279,0.0994967066397515,0.1127410804680122,0.1196598654789887,0.0351568106274147,0.1755601609727253,0.2457245207846559,0.0048567377189407,0.0002927820610708
LC08_L2SP_166040_20230910_02_T1,2023-09-10,landsat-8,166,0.0,58.53679593,159353,0.863870457108162,0.32294,0.4144049999999999,0.1230726782047441,0.1256199780210049,0.0354743642296914,0.0896473865945929,0.0988850217876783,0.1118026421927262,0.1379433313045175,0.146349056622877,0.153613472310733,0.0055348816777845,0.009820963521239,0.8912038053880379,0.0679372211379766,0.0070472473062948
LC09_L2SP_165040_20230911_02_T1,2023-09-11,landsat-9,165,0.0,58.2788491,185010,0.9999837849232216,0.3345999999999999,0.427825,0.1204387229551992,0.1238242246288739,0.0355330877050167,0.0831118101558792,0.0938128042477692,0.1086333438765901,0.1373940406195364,0.1461623648829571,0.1516982731244494,0.0063618182800929,0.0129668666558564,0.8504567320685368,0.0603480892924706,0.0045943462515539
LE07_L2SP_166040_20230913_02_T1,2023-09-13,landsat-7,166,4.0,31.52571484,113212,0.6137349293086998,0.325305,0.39928,0.0946490596984568,0.0998577849729991,0.0441642577046211,0.0430666459456008,0.0603449289296724,0.0817665430355413,0.1164509960809664,0.1286037790907593,0.1353512413597259,0.0172243225099812,0.0639154859908843,0.4962459809914143,0.0148747482599017,0.0009892944210861
LC09_L2SP_166040_20230918_02_T1,2023-09-18,landsat-9,166,0.0,56.47793573,138551,0.7511004857316332,0.3278899999999999,0.4197125,0.1236710810680015,0.1254017475263602,0.0320201489713516,0.0890517094213038,0.0979578765864516,0.1114057042471305,0.1396294009381836,0.1485987297768368,0.1538277298675182,0.0033778175545467,0.0074268680846764,0.8839200005774047,0.0817172016080721,0.0052110775093647
LC08_L2SP_165040_20230919_02_T1,2023-09-19,landsat-8,165,0.0,56.22137632,185010,0.9999837849232216,0.32921,0.4199875,0.1205495542734023,0.1231850079819557,0.0359384327294413,0.083281475137743,0.0934444783975585,0.1078273092370987,0.137549832478971,0.1479101671203757,0.1530222759868027,0.0060969677314739,0.0120479974055456,0.8446083995459704,0.0752175558077941,0.0059348143343603
LC08_L2SP_166040_20230926_02_T1,2023-09-26,landsat-8,166,0.0,54.26213747,149075,0.8081522681932518,0.32712,0.4137175,0.116844572964737,0.1188162418988,0.0352573928623474,0.0830517282783166,0.0921504910860807,0.1053811149980264,0.1321659582595935,0.1422353974181552,0.1475459737378885,0.0053463021968807,0.0109743417742746,0.8236055676672815,0.0402079490189501,0.0050645648163676
LC09_L2SP_165040_20230927_02_T1,2023-09-27,landsat-9,165,0.0,53.96614974,185012,0.9999945949744072,0.3278625,0.4249375,0.1275475573312832,0.1307705982660097,0.0387604404700611,0.0882432254508096,0.0994206084509255,0.114670451076772,0.1454262017045252,0.1556493932939167,0.1615377810643203,0.0062266231379586,0.0116316779452143,0.8960553910016648,0.1823665491968088,0.0088210494454413
LE07_L2SP_165040_20230930_02_T1,2023-09-30,landsat-7,165,0.0,28.708665,110062,0.5948879267943333,0.33097,0.396145,0.0910534967948142,0.0954641219830665,0.0384116669650223,0.0402835257650392,0.0562448987938467,0.0769876576874081,0.1118418016567823,0.1241904494020463,0.1313925774076661,0.0159183005942105,0.0768475949919136,0.4359815376787628,0.0115026076211589,0.0013446966255383
LC08_L2SP_165040_20231005_02_T1,2023-10-05,landsat-8,165,0.16,51.5949321,184996,0.9999081145649223,0.3274775,0.4078325,0.1079374676594272,0.1102755575685227,0.0358279979317834,0.0707301402139541,0.081271413374527,0.0955566899541552,0.1249084320448395,0.1365521615181105,0.1414467624860843,0.007319077169236,0.0187247291833336,0.683474237280806,0.0230545525308655,0.0034379121710739
LE07_L2SP_165040_20231005_02_T1,2023-10-05,landsat-7,165,0.0,27.78080017,183082,0.9895628955803104,0.3001975,0.38223,0.115734301944306,0.1206697038032286,0.0413797398307946,0.0618282920910805,0.079570362559142,0.1010858171280999,0.1385895782198366,0.1516782412789697,0.1587953091365651,0.0116996755552156,0.0340066199844878,0.7596049857440929,0.1129330026982445,0.0034902393463038
LE07_L2SP_166040_20231010_02_T1,2023-10-10,landsat-7,166,0.0,26.8062942,104208,0.5649232370543846,0.30127,0.39235,0.1253050884956218,0.1296944819705478,0.0401440693341644,0.0753796075262938,0.0919997025440591,0.1119360978111953,0.1454245314090298,0.1577929482520397,0.1659630596077914,0.0086461692000614,0.0221000307078151,0.855989943190542,0.1899278366344234,0.0066021802548748
LC08_L2SP_166040_20231012_02_T1,2023-10-12,landsat-8,166,0.0,49.44034238,144681,0.784331902159771,0.327945,0.41028,0.1115389815728925,0.1135973079502111,0.0341552301598542,0.0779252268056945,0.0871650643307915,0.1003859316603317,0.1267754681921716,0.1370357590050573,0.1418454706662758,0.0056192589213511,0.0130632218466833,0.7560495158313808,0.0238662989611628,0.0035595551592814
LC09_L2SP_165040_20231013_02_T1,2023-10-13,landsat-9,165,0.0,49.12679081,184998,0.999918924616108,0.3326199999999999,0.4195475,0.1147531351040286,0.1172779749924254,0.0369392498555129,0.0767469233245839,0.0880268250214528,0.1029405862441058,0.1313845734635337,0.1415380944930757,0.1478060161475692,0.0068487226888939,0.0161299041070714,0.787835544168045,0.0416220715899631,0.0059730375463518
LE07_L2SP_165040_20231027_02_T1,2023-10-27,landsat-7,165,0.0,23.22181444,47689,0.2577602654948571,0.2880425,0.338945,0.0771211873254409,0.08102694234657,0.0573771222327254,0.0165802686317606,0.0358852478695901,0.0589672910479859,0.1029393647555334,0.1235604186981858,0.1386316670940995,0.0331313300761181,0.1773574618884858,0.2830002725995512,0.0309715028622952,0.0059552517352009
LC08_L2SP_166040_20231028_02_T1,2023-10-28,landsat-8,166,0.01,44.50171037,136729,0.7412232197068263,0.30875,0.39532,0.1245001810141565,0.1283646400554698,0.0378115817101163,0.0846860065108006,0.095685957922181,0.1120807771335884,0.1401094420924292,0.1481834907384817,0.1561179605224716,0.0038177709191173,0.0099174279048336,0.8702981810735104,0.0823380555697767,0.0099613103291913
LC09_L2SP_166040_20231105_02_T1,2023-11-05,landsat-9,166,0.18,42.14971862,166118,0.9005442796426403,0.29665,0.3676824999999999,0.1048604196747566,0.1099016504551767,0.0432028957497291,0.0593000668881636,0.0724622118268524,0.090471436939383,0.1235435491386046,0.1329001665301223,0.142743145865916,0.0090237060402846,0.0320194078907764,0.6355723040248498,0.0360466656232316,0.0070552258033446
LC09_L2SP_165040_20231114_02_T1,2023-11-14,landsat-9,165,0.36,39.70490601,185010,0.9999837849232216,0.306935,0.38529625,0.1114030531493824,0.1170126968474298,0.0434624728266783,0.0672618411706242,0.0804196293446598,0.0984524471808597,0.1302062067444732,0.1392878450415625,0.1466783179061711,0.0091670720501594,0.0247283930598346,0.7323279822712285,0.0390951840441057,0.0057240149181125
LC09_L2SP_166040_20231121_02_T1,2023-11-21,landsat-9,166,0.89,38.00342951,141574,0.7674885072426056,0.2931025,0.3474974999999999,0.0791611673042887,0.0865338714292293,0.0430020105748391,0.0124362860082952,0.0321246265475223,0.0598606150354995,0.1058942988191937,0.1173612890271892,0.1239278898618794,0.0296735276251289,0.1841792984587565,0.3413833048441098,0.0086527187195389,0.0011301510164295
LC08_L2SP_165040_20231122_02_T1,2023-11-22,landsat-8,165,0.28,37.77703206,184829,0.9990054752909256,0.2984925,0.3886375,0.1293161436260251,0.1311485142864608,0.0650832741831329,0.0634848919089456,0.0820895521436258,0.1114248793073531,0.1504519646151798,0.1740000630171615,0.2001923726670648,0.0114700615163204,0.030958345281314,0.8192707854286936,0.2551385334552478,0.0501761087275265
LE07_L2SP_165040_20231128_02_T1,2023-11-28,landsat-7,165,3.0,16.27550489,69357,0.3748763600395647,0.3160099999999999,0.393065,0.0988684473433667,0.1057890462676712,0.0492256353445807,0.0359570611218713,0.0577242647091638,0.0839333597830782,0.1224913875327178,0.1382472700051558,0.1501760673653296,0.0203440171864411,0.0812318871923526,0.5822483671439076,0.0507807431117262,0.0024799227186873
LC09_L2SP_165040_20231130_02_T1,2023-11-30,landsat-9,165,1.33,36.15303836,184990,0.9998756844113657,0.30677,0.398785,0.1293775989911499,0.1345288854992586,0.056549852579843,0.0696241853182146,0.0876802508129749,0.1143174721609144,0.1517684578435422,0.16793457144179,0.1834972041885959,0.0101627114979188,0.0248553975890588,0.843721282231472,0.2747607978809665,0.0266392777987999
LC09_L2SP_166040_20231207_02_T1,2023-12-07,landsat-9,166,0.38,35.01266794,158200,0.8576199149969642,0.29456,0.383275,0.1272396730802831,0.1315006228228974,0.0497687401752953,0.0785870184180043,0.09321409635046,0.1138538322265662,0.1464918064196492,0.1607655712333915,0.1735633263590915,0.0087294563843236,0.0178381795195954,0.8626548672566372,0.2025916561314791,0.0149747155499367
LC08_L2SP_165040_20231208_02_T1,2023-12-08,landsat-8,165,2.52,34.86944114,184713,0.9983784923221612,0.3004725,0.38432,0.1202737590549591,0.125174410500831,0.0508507237121974,0.0689785443518139,0.0848998831529778,0.1069477398067296,0.1404388191889128,0.1543096500417674,0.1663311136440782,0.0098368820819325,0.0240372902827629,0.8090659563755664,0.1340078933264036,0.0111361950701899
LC08_L2SP_166040_20231215_02_T1,2023-12-15,landsat-8,166,0.23,34.0692891,135542,0.7347883597883598,0.29284125,0.3733749999999999,0.1233604317689976,0.1283913254978095,0.0463532891757447,0.0689856141450627,0.0844097145203179,0.1086274786573425,0.14096732226257,0.1573590868928565,0.1725228125240333,0.0066842749848755,0.0220669607944401,0.8154963037287335,0.1449808915317761,0.0170057989405497
LC09_L2SP_165040_20231216_02_T1,2023-12-16,landsat-9,165,2.27,33.98741579,184869,0.9992216763146372,0.2990425,0.3855575,0.1241304029102531,0.1293179538548614,0.0539308109034352,0.0700703131763052,0.0867012003783523,0.1106777767734925,0.1443356124231657,0.1599962435767066,0.1742942170802999,0.0104344157214027,0.0243036961307736,0.8308261525729029,0.1778610800080056,0.0170877756681758
LC08_L2SP_165040_20231224_02_T1,2023-12-24,landsat-8,165,0.18,33.52165789,184961,0.9997189386691746,0.27542,0.3533,0.119836477973975,0.1267888574492538,0.0567586335741945,0.0621271935248722,0.0804029267233617,0.1055465825667377,0.1421877522725969,0.1571412983543769,0.1706186652010999,0.0131595309281416,0.0336665567335816,0.7932753391255454,0.1548380469396251,0.013548802179919
LC09_L2SP_166040_20240108_02_T1,2024-01-08,landsat-9,166,0.05,33.88228483,149876,0.8124945788880215,0.2928825,0.3840725,0.1337631971730717,0.1402938649105561,0.0543687855031065,0.0729074308988585,0.0908166707462326,0.1176467897572538,0.1553228591667592,0.1718726666502495,0.1869818078764637,0.0082201286396754,0.0223718273772985,0.8591835917691959,0.327257199284742,0.0290173209853478
LC08_L2SP_165040_20240109_02_T1,2024-01-09,landsat-8,165,2.93,33.95129451,184545,0.9974704480225712,0.3165874999999999,0.4021125,0.120414470290744,0.1278696478833291,0.0529560646525115,0.0572987205254418,0.0748943651612465,0.1028364814123607,0.1434060021789743,0.1594449181044727,0.1735518325605199,0.0101655422796607,0.0371887615486737,0.769996477823837,0.1733019046844943,0.0172424070010024
LC08_L2SP_166040_20240116_02_T1,2024-01-16,landsat-8,166,3.1,34.70450561,129042,0.6995511319281811,0.2960725,0.37431,0.1197166147648362,0.1239513238769786,0.0431388655895099,0.0650450944715715,0.0804963518810803,0.1050578463678394,0.1380990168506315,0.1540613357426269,0.1682852729550098,0.0065482556067016,0.0256040668929495,0.7903783264363541,0.1236186667906573,0.0132979960013019
LC09_L2SP_165040_20240117_02_T1,2024-01-17,landsat-9,165,0.68,34.85178879,184953,0.9996756984644324,0.308255,0.3975475,0.12627781655725,0.1317020399702264,0.0558324900939911,0.0667598907223412,0.0843278476542875,0.1107691576164763,0.1483262146184892,0.1653107490401285,0.1803678499589284,0.0096781344449671,0.0267094883565013,0.8237606310792471,0.2290690067206263,0.0234329802706633
LC09_L2SP_166040_20240124_02_T1,2024-01-24,landsat-9,166,2.56,35.98450881,153327,0.8312028363257872,0.298465,0.383165,0.118207302253196,0.1228760927044331,0.0442076479467639,0.0661245295749762,0.0842512394314188,0.1043193616636153,0.138645464024824,0.1531002124915953,0.1629295302365216,0.0129266208821668,0.0326883066909285,0.7948110900232835,0.1229007285083514,0.0067763668499351
LC09_L2SP_166040_20240209_02_T1,2024-02-09,landsat-9,166,0.66,39.66973893,110615,0.5996563015005638,0.3110325,0.403955,0.1328433337669745,0.137407202727275,0.0493387365138196,0.0821406338521651,0.0975868771244929,0.1217376310169616,0.1504663623121256,0.1643366795611331,0.1768494675679709,0.0054422998689147,0.0140487275685937,0.8886317407223252,0.2570899064322198,0.0175021470867423
LC09_L2SP_165040_20240218_02_T1,2024-02-18,landsat-9,165,0.57,42.30050776,185006,0.9999621648208504,0.3001149999999999,0.39411,0.1333481704635498,0.1398442131727803,0.0554840307456704,0.0752451122443964,0.0925524982636729,0.1183554740584048,0.1545191386879864,0.1707054575359629,0.1850923122163163,0.0088429564446558,0.0206101423737608,0.86708539182513,0.3146384441585678,0.0276423467347004
LC08_L2SP_165040_20240226_02_T1,2024-02-26,landsat-8,165,0.6,44.86817498,185005,0.9999567597952576,0.2912325,0.3815975,0.1300078805336642,0.1370828802789184,0.0579361411631311,0.0741909536323691,0.0914252286077305,0.1160470726987554,0.1514220612044433,0.1668248588683796,0.1800009624399878,0.010442961001054,0.0225777681684278,0.8600794573119646,0.2697494662306424,0.020988621929137
LC08_L2SP_166040_20240304_02_T1,2024-03-04,landsat-8,166,0.66,47.27772533,118737,0.6436865729898517,0.30193,0.4018925,0.1401980140060396,0.1442246693373685,0.0503014965548722,0.0889409786133939,0.1035416243829472,0.1261480466974181,0.1590998169688881,0.1745681297247649,0.1867152385235358,0.0049858089727717,0.0117233886657065,0.9151654496913346,0.3877056014553172,0.0279777996749117
LC09_L2SP_165040_20240305_02_T1,2024-03-05,landsat-9,165,1.26,47.65681767,184743,0.9985406430899452,0.3007475,0.40038,0.1369593976726329,0.1422897439790569,0.0521981061798223,0.0870105981764524,0.1019930522142769,0.1235813109638564,0.1571967198344068,0.1714022992266441,0.18212868225657,0.0080923228484976,0.0153781198746366,0.9086623038491308,0.3604520874945194,0.0208938904315725
LC09_L2SP_166040_20240312_02_T1,2024-03-12,landsat-9,166,0.36,50.15844422,102792,0.5572469424928441,0.3132324999999999,0.4167975,0.1390577934070698,0.1428095903714346,0.0508345654036106,0.0903020751768994,0.1054385493975953,0.1288088169944889,0.1565105798904031,0.1704310260635191,0.183142263917882,0.0051074013541909,0.0112751965133473,0.9206455755311698,0.3570900459179703,0.0239610086388045
LC08_L2SP_165040_20240313_02_T1,2024-03-13,landsat-8,165,0.62,50.48581407,185004,0.9999513547696648,0.304295,0.407805,0.1394422836282877,0.1447795717830683,0.0464159832027877,0.0933050197229415,0.1069670653202676,0.1261461109018205,0.158200268915941,0.1710051591170372,0.1802967347078702,0.0071241702882099,0.0126321593046636,0.9303906942552592,0.3970076322674104,0.0181023113013772
LC08_L2SP_166040_20240320_02_T1,2024-03-20,landsat-8,166,0.01,53.01197541,122750,0.6654414953595281,0.2446475,0.2758325,0.067657220133311,0.0875614605859238,0.0819916160048582,-0.068674596721963,-0.0221897590639759,0.0410840210110599,0.1149089292325562,0.1347252843270379,0.1475542578690152,0.1408309572301425,0.2815804480651731,0.3904765784114053,0.0434704684317718,0.0054012219959266
LC09_L2SP_165040_20240321_02_T1,2024-03-21,landsat-9,165,0.06,53.40525046,184971,0.9997729889251026,0.3014075,0.386795,0.1165101840671262,0.131967447191217,0.0736143141689998,0.0212489178757573,0.0536227835763427,0.0985634578648798,0.1502420046154093,0.1668215981423844,0.178867910749905,0.0341458931400057,0.0924307053538122,0.7429975509674489,0.2530018219072178,0.0207600110287558
LC09_L2SP_166040_20240328_02_T1,2024-03-28,landsat-9,166,0.17,55.89323004,112803,0.6115176945094978,0.3070725,0.40126,0.1236182604930471,0.1334650669525001,0.0446254670588062,0.070963112900675,0.0876835484882771,0.1117846067206584,0.1434846523357665,0.1524605797796357,0.1583854740812844,0.0096983236261446,0.0242901341276384,0.8347473028199605,0.1313617545632651,0.002021222839818
LC08_L2SP_166040_20240405_02_T1,2024-04-05,landsat-8,166,0.0,58.57843661,127774,0.692677161939457,0.31029,0.4172925,0.1393266857104723,0.1467205574906813,0.0523372274132661,0.0821790132541778,0.098894147945094,0.1247804491530074,0.1605518703850181,0.1738256805181428,0.184234859582126,0.0063236652214065,0.0151595786310203,0.895659523846792,0.4358946264498254,0.0231032917494952
LC09_L2SP_165040_20240406_02_T1,2024-04-06,landsat-9,165,0.01,58.94842725,185010,0.9999837849232216,0.31766,0.423865,0.1337835971668405,0.1415402789492018,0.0555917023338033,0.0770479691359897,0.0939347564658543,0.1190805924410372,0.1566968799349476,0.1700302505952336,0.1796274374535545,0.0089995135398086,0.019885411599373,0.8728176855305119,0.3548348737906059,0.0178206583427922
LC09_L2SP_166040_20240413_02_T1,2024-04-13,landsat-9,166,0.75,61.15054992,104465,0.5663164628328563,0.3070175,0.4065675,0.1350899156366262,0.1410175625373498,0.0487616390470456,0.0841639749320501,0.1008055048234068,0.1259543380966782,0.1526356737010165,0.1646564614273593,0.1755001113698766,0.0065572201215718,0.0149045134734121,0.9030201502895708,0.2999664959555832,0.0139472550615038
LC08_L2SP_165040_20240414_02_T1,2024-04-14,landsat-8,165,0.03,61.40010395,185010,0.9999837849232216,0.3161474999999999,0.4144049999999999,0.1278863083890157,0.1341124414416502,0.0521842700779166,0.076322627506363,0.0914092657826747,0.1146647792192009,0.1476400789660474,0.1617173512339122,0.1744869699435974,0.0087238527647154,0.0188206042916599,0.85753202529593,0.2153180909140046,0.0140208637370952
LC09_L2SP_165040_20240422_02_T1,2024-04-22,landsat-9,165,0.06,63.66869807,185012,0.9999945949744072,0.3115825,0.3945225,0.1123293046862945,0.1180474688786901,0.0387925965664182,0.0727481722674835,0.0852281128743466,0.102195078310149,0.1284898684764534,0.1377370848366702,0.1450070803907781,0.0097561239270966,0.0203500313493178,0.7757064406633083,0.0336951116684323,0.0015674658941041
LC09_L2SP_166040_20240429_02_T1,2024-04-29,landsat-9,166,2.85,65.33124969,146799,0.7958138173302107,0.3084475,0.3865475,0.1074388966384863,0.1124409096825301,0.0377209982417883,0.0724114470705331,0.0828719823375903,0.097619978035282,0.1222662363243949,0.1298706768851555,0.1364661207458857,0.0072343817055974,0.0173298183230131,0.7165784508068856,0.019066887376617,0.0014373394914134
LC08_L2SP_166040_20240507_02_T1,2024-05-07,landsat-8,166,0.59,66.80031596,115624,0.6268106514008154,0.3059725,0.40115,0.1303164505212983,0.1358113535741288,0.0380278688451857,0.0870277190674095,0.1004640282430147,0.1198800114300695,0.1461236407519124,0.1554012292736154,0.1628176462932838,0.0051286930049124,0.0116671279319172,0.9021137480107936,0.1729571715214834,0.005924375562167
LC08_L2SP_166040_20240523_02_T1,2024-05-23,landsat-8,166,0.97,68.61499726,125400,0.6798074421025241,0.3201075,0.42011125,0.130087752467667,0.1348368960532759,0.0381807535034159,0.0906544124277356,0.102345764099618,0.1189848761777301,0.1450140945268118,0.1542344659705935,0.1621924191698985,0.0044896331738437,0.0093221690590111,0.9127272727272728,0.1529505582137161,0.0077352472089314
LC09_L2SP_166040_20240531_02_T1,2024-05-31,landsat-9,166,0.0,69.02655621,130900,0.7096235579842137,0.326075,0.4296675,0.131965100191726,0.1363074226240571,0.0342501433578982,0.096669754723608,0.1066915268983718,0.1214970298221661,0.1459899927141063,0.1537600122326909,0.1600652621624326,0.0038197097020626,0.0075171886936592,0.9373949579831932,0.1575477463712757,0.0066462948815889
LC08_L2SP_165040_20240601_02_T1,2024-06-01,landsat-8,165,0.06,68.99858608,185009,0.9999783798976288,0.3279175,0.4301625,0.127849587528938,0.1319553024689843,0.0361685247334862,0.0934751596185219,0.1037271726021342,0.1178357115655916,0.1428748943541005,0.1506863525919713,0.1568815121805479,0.0064429298034149,0.0111291883097579,0.9231118486127702,0.1091406364014723,0.0049727310563269
LC08_L2SP_166040_20240608_02_T1,2024-06-08,landsat-8,166,0.0,69.03605942,148877,0.807078888021511,0.321565,0.425405,0.1336209702393292,0.1374198101197843,0.039642114461021,0.0969678350145946,0.1078887560552453,0.1226703185944416,0.1478826937666086,0.1573235925575082,0.1666318769499678,0.0044264728601462,0.0087186066350074,0.9400041645116438,0.2033625073046877,0.0121375363555149
LC09_L2SP_165040_20240609_02_T1,2024-06-09,landsat-9,165,0.0,69.03912965,185009,0.9999783798976288,0.3321525,0.4396224999999999,0.1317544753074044,0.1363468499021873,0.0400505369004796,0.0939736892343115,0.1055955188654338,0.1211572912023831,0.147553821665163,0.1559517371864711,0.1638525472795291,0.0067942640628293,0.0112859374408812,0.9283061905096508,0.1936338232194109,0.0086914690636671
LC09_L2SP_166040_20240616_02_T1,2024-06-16,landsat-9,166,0.0,68.84434195,131153,0.7109950993147715,0.3191725,0.4262849999999999,0.1409298937016495,0.1428345483507558,0.0389975027242244,0.1053609501640288,0.1158734257189612,0.1301994723822452,0.1519930029149435,0.16412843793373,0.1759832473422279,0.0032328654319763,0.0054440233925262,0.9644308555656372,0.2961807964743467,0.0222411992100828
LC08_L2SP_165040_20240617_02_T1,2024-06-17,landsat-8,165,0.0,68.82530634,185010,0.9999837849232216,0.331795,0.4379725,0.1305014107096113,0.1349691114599157,0.0420216861440622,0.0935536454077699,0.104680868319606,0.1198448104150097,0.1459879621690724,0.1553458681062246,0.1637439549490429,0.006675314847846,0.0108426571536673,0.9254040322144748,0.1696124533808983,0.0089022215015404
LC08_L2SP_166040_20240624_02_T1,2024-06-24,landsat-8,166,0.0,68.51403092,145242,0.7873731459797033,0.323765,0.4243325,0.1297269506867809,0.1329891870440877,0.0361982937480705,0.0965571313425454,0.1063306121016295,0.1195248239767687,0.1427623485202276,0.1515096449134297,0.1600125660583876,0.0039589099571749,0.0079453601575301,0.936395808374988,0.116977182908525,0.008805992756916
LC09_L2SP_165040_20240625_02_T1,2024-06-25,landsat-9,165,0.0,68.40738514,185011,0.9999891899488144,0.33966,0.444325,0.1265435232240867,0.1307890309551094,0.0391702144728757,0.0892110264967426,0.1001537987079006,0.1154447547679049,0.1421850222453777,0.150898302912266,0.1586910869352444,0.0061293652809832,0.0111831188415823,0.900973455632368,0.1097880666554961,0.0076211684710638
LC09_L2SP_166040_20240702_02_T1,2024-07-02,landsat-9,166,0.03,68.00157619,140870,0.7636720444097493,0.3308049999999999,0.4280725,0.1237859543410157,0.1268316315243451,0.0339234311316657,0.0894200888907818,0.0992422744571489,0.1127629186957594,0.1371781062752494,0.1454811117590618,0.1537660218698259,0.003492581813019,0.0085184922268758,0.8943494001561724,0.0655426989422872,0.0074323844679491
LC08_L2SP_165040_20240703_02_T1,2024-07-03,landsat-8,165,0.0,67.97572091,185004,0.9999513547696648,0.35044,0.4496325,0.1178539609563903,0.1215357023794643,0.0412061911797573,0.078099345449012,0.0898291894436076,0.1057566011677608,0.1334892977059691,0.1432106288798352,0.1540718491277365,0.0057512270004972,0.0135726795096322,0.8181066355322048,0.0616581263107824,0.0086700828090203
LC08_L2SP_166040_20240710_02_T1,2024-07-10,landsat-8,166,0.0,67.46942888,146663,0.7950765461011363,0.3239025,0.4215275,0.1265853850965359,0.129142790790361,0.0319747722850768,0.0944500323888412,0.1037399802446839,0.116238442811572,0.1399539895912225,0.1466587927833869,0.1548985452913366,0.0033409926157244,0.0075615526751805,0.924889031316692,0.0692403673728206,0.0068797174474816
LC09_L2SP_165040_20240711_02_T1,2024-07-11,landsat-9,165,0.05,67.35449029,185005,0.9999567597952576,0.3328675,0.4374225,0.1295608496456403,0.1330174435263839,0.0348102499807349,0.094654018168828,0.1048960595356956,0.1188509563115123,0.1445429149075113,0.1512243510693463,0.1592494323299239,0.0047782492365071,0.0093510986189562,0.9283154509337586,0.1189967838707062,0.0075565525256074
LC09_L2SP_166040_20240718_02_T1,2024-07-18,landsat-9,166,0.0,66.77438716,116937,0.6339285714285714,0.3398525,0.445205,0.1310221753772747,0.1351936910772039,0.0365535156597818,0.0939258798191335,0.1049055912914331,0.1201982221912303,0.1456786284239834,0.1521663837942604,0.1596131304207398,0.0035745743434498,0.0076622454826102,0.9265501936940403,0.1379204186869853,0.0097488391184997
LC08_L2SP_165040_20240719_02_T1,2024-07-19,landsat-8,165,0.0,66.72060516,185008,0.999972974872036,0.3462875,0.448175,0.1228702301750029,0.126066851733936,0.0426634830594703,0.0823460651948872,0.094084603671953,0.1101691958453894,0.1388000762122107,0.1480362516437794,0.162721966573998,0.0055619216466314,0.0119021880134913,0.8586061143301911,0.0881313240508518,0.0135399550289717
LC08_L2SP_166040_20240726_02_T1,2024-07-26,landsat-8,166,0.0,66.0490775,121873,0.6606871801543933,0.335205,0.42821,0.1187064524233084,0.121480967489271,0.0302088286207359,0.086535349883976,0.0956256635952093,0.1083152953780863,0.1325073289999387,0.1402577961942539,0.143732296342255,0.0034462103993501,0.00799192602135,0.8596571841178933,0.0295225357544328,0.0031015893594151
LC09_L2SP_165040_20240727_02_T1,2024-07-27,landsat-9,165,0.0,65.91470246,185011,0.9999891899488144,0.347745,0.44636,0.1188465510361097,0.1218875837349577,0.0410835913098742,0.0800908000095298,0.0917514508473754,0.10724272289567,0.1344552976339087,0.1430061989945979,0.1561458100382909,0.0060969347768511,0.0133451524503948,0.8353449254368659,0.0650069455329683,0.0095399732988849
LC09_L2SP_166040_20240803_02_T1,2024-08-03,landsat-9,166,0.0,65.12918216,144900,0.7855191256830601,0.3379,0.440255,0.1289648860311078,0.1307003372640435,0.0359329575463221,0.0919262923392705,0.1024957741717421,0.1167889115467999,0.1431204346451305,0.1523085297670589,0.1656826587339179,0.0037060041407867,0.0077708764665286,0.9152518978605936,0.1248033126293995,0.0160455486542443
LC08_L2SP_165040_20240804_02_T1,2024-08-04,landsat-8,165,0.0,65.03624793,185009,0.9999783798976288,0.3506875,0.4510625,0.120890988401128,0.1229760593251824,0.038843152951485,0.082883440718569,0.0937871968652157,0.1088213470200178,0.1360726861238175,0.1447698862369806,0.1587863256964874,0.0052159624666908,0.0114156608597419,0.8528071607327211,0.0706668324243685,0.0115994357031279
LC08_L2SP_166040_20240811_02_T1,2024-08-11,landsat-8,166,0.18,64.10535797,160290,0.8689500390320063,0.3240675,0.420125,0.1258597553645294,0.1273184536913464,0.0372400526041442,0.0929944124336745,0.1028359215725589,0.115522535166679,0.1392317828507465,0.1482557156007109,0.1616561696556151,0.0055212427475201,0.0096200636346621,0.9189593861126708,0.0863934119408572,0.0109551438018591
LC09_L2SP_165040_20240812_02_T1,2024-08-12,landsat-9,165,0.35,63.93691232,184973,0.999783798976288,0.3416674999999999,0.4398424999999999,0.1205132346396,0.1225651300293478,0.0403289110692678,0.0841379472793592,0.0951057868999583,0.1093601656624187,0.135432911605012,0.1450184810870235,0.1571121445825248,0.0063847156071426,0.0124991214934071,0.8621582609353797,0.0703940575110962,0.0101149897552615
LC09_L2SP_166040_20240819_02_T1,2024-08-19,landsat-9,166,0.0,62.84399809,135436,0.73421372191864,0.3256349999999999,0.4160824999999999,0.119047555402665,0.1213764300186357,0.0366186947669989,0.0848822331905095,0.0948179386426322,0.1085070380822971,0.1325820311870592,0.1411860760254428,0.1488562314070296,0.003795150476978,0.00934020496766,0.8562715969166248,0.0473950795947901,0.0073909448004961
LC08_L2SP_165040_20240820_02_T1,2024-08-20,landsat-8,165,0.0,62.69734943,185011,0.9999891899488144,0.3339125,0.4257625,0.115725931896558,0.1183631247481954,0.0396859227776816,0.0800406766133524,0.0905083863430875,0.1044938624639508,0.1309264671059843,0.1408484411458168,0.1480492674326678,0.0062050364572917,0.0131721897616898,0.8109625914134835,0.0454945922134359,0.0068212160358032
LC08_L2SP_166040_20240827_02_T1,2024-08-27,landsat-8,166,0.0,61.41139878,150378,0.815215977101223,0.3314925,0.4247175,0.1190968280372565,0.1215846250585645,0.039553675706462,0.0850908251524516,0.0945876778753138,0.1078425119937114,0.1335826970709585,0.1421475126579587,0.1515642142647171,0.0051071300323185,0.0101278112489858,0.8516405325247044,0.0535184667970048,0.0083988349359613
LC09_L2SP_165040_20240828_02_T1,2024-08-28,landsat-9,165,0.1,61.19601149,185012,0.9999945949744072,0.340925,0.4354975,0.1170571968479683,0.118842862725372,0.0326780200251742,0.0824811167372152,0.0917451463762071,0.1049066298741798,0.1317463710549637,0.1436808045427378,0.1490252063735531,0.0045618662573238,0.0100209716126521,0.8182171967223748,0.0445430566665945,0.0044267398871424
LC09_L2SP_166040_20240904_02_T1,2024-09-04,landsat-9,166,0.07,59.71224,161987,0.8781496660595022,0.3324,0.4304925,0.1242736605966274,0.1261375198715931,0.0386521535447735,0.0912060203862132,0.1006115475243773,0.1131465307948628,0.1384693256032794,0.1473294904071595,0.1574376021832875,0.0046485211776253,0.0089389889312105,0.9045293758141084,0.0731910585417348,0.0092908690203534
LC08_L2SP_165040_20240905_02_T1,2024-09-05,landsat-8,165,0.0,59.5018107,185008,0.999972974872036,0.3465075,0.44724,0.1219123678239821,0.1245880682559688,0.0433677466302884,0.0825474934818636,0.0936598935220714,0.1093130928004459,0.1379848300674819,0.1467753290364515,0.1599598846801405,0.0054376026982616,0.0117778690651215,0.8529468995935311,0.0788290236097898,0.013053489578829
LC08_L2SP_166040_20240912_02_T1,2024-09-12,landsat-8,166,0.0,57.82070111,137180,0.7436681412091248,0.333335,0.4305475,0.1247469762529909,0.1267250309503465,0.0387705336536062,0.088549622234336,0.0988721027294297,0.1129849386420925,0.1388978450968615,0.1469368829756119,0.1587430798364929,0.0032730718763668,0.0078509986878553,0.8917116197696457,0.0747557953054381,0.012764251348593
LC09_L2SP_165040_20240913_02_T1,2024-09-13,landsat-9,165,0.0,57.55670454,185011,0.9999891899488144,0.3459575,0.44372,0.1191804622590642,0.1216843592361156,0.0426869861664756,0.0795426076614995,0.0910171826062887,0.106703329299093,0.134684345746698,0.1439597182223522,0.157848226366969,0.0055780467107361,0.0133235321143067,0.8279291501586392,0.0693472280026593,0.0127505932079714
LC09_L2SP_166040_20240920_02_T1,2024-09-20,landsat-9,166,0.0,55.70546519,166202,0.9009996530488332,0.3339399999999999,0.4242775,0.1149079545800513,0.1169870860325205,0.0399931580038063,0.0766056939550402,0.0876095492094352,0.1023625553401345,0.12975673365707,0.1387468205556318,0.1538752275238734,0.0052165437239022,0.0133933406336867,0.7820303004777319,0.0576467190527189,0.0108241778077279
LC08_L2SP_165040_20240921_02_T1,2024-09-21,landsat-8,165,0.0,55.44049329,185001,0.9999351396928864,0.3390825,0.4277975,0.1113063530861254,0.113191739067954,0.0358731937505339,0.0737594455915547,0.0845827332328383,0.0990939274240615,0.1261649806578949,0.1355353803414384,0.1458799469608864,0.0053729439300328,0.0149674866622342,0.7365689915189647,0.0423673385549267,0.0079567137474932
LC08_L2SP_166040_20240928_02_T1,2024-09-28,landsat-8,166,0.0,53.43809827,177312,0.9612282071298464,0.3341325,0.43481,0.1261664465119981,0.1283202555811958,0.0435987521917855,0.0859569560114512,0.0974943830338728,0.11313932324605,0.1414063625785322,0.1515256548290786,0.1690569658778101,0.0053521476267821,0.0108001714491968,0.883420185887024,0.1104211784876376,0.0188312127774769
LC09_L2SP_165040_20240929_02_T1,2024-09-29,landsat-9,165,0.0,53.13723684,185008,0.999972974872036,0.3434275,0.4469375,0.1259250608308489,0.1281777829376501,0.0428579144862075,0.0849432083223633,0.0967824214009636,0.1126989833394924,0.1418733735698413,0.1512234624141538,0.1672489491933293,0.0053889561532474,0.0117562483784485,0.8785295770993686,0.1094222952520972,0.017961385453602
LC09_L2SP_166040_20241006_02_T1,2024-10-06,landsat-9,166,0.0,51.02892005,155029,0.8404295689131754,0.335645,0.43811,0.1279266998428823,0.1302169955450107,0.0428639594390857,0.0881165115601715,0.0992124492826978,0.1146297607948875,0.1434715532782054,0.1532304269898461,0.1675245907178905,0.0048829573821672,0.0101271375033058,0.8951292983893336,0.133581458952841,0.018602971057028
LC08_L2SP_165040_20241007_02_T1,2024-10-07,landsat-8,165,0.0,50.72949206,185007,0.9999675698464432,0.329155,0.4361299999999999,0.1349167166937557,0.1371162006435002,0.0405248765766881,0.0947806996890189,0.1062387750829748,0.1218528819621303,0.1506111827234142,0.1602277258439849,0.173014446222833,0.0047944131843659,0.0089347970617327,0.9318133908446709,0.2607955374661499,0.0203992281373137
LC08_L2SP_166040_20241014_02_T1,2024-10-14,landsat-8,166,0.0,48.56436928,134176,0.7273831208257437,0.330475,0.41644,0.1109024279068842,0.1142914655598117,0.0395221865046198,0.0719561109772369,0.0826090442648223,0.0976958242552305,0.127150946227207,0.135012710107525,0.1428681640915184,0.0042257929883138,0.0147194729310756,0.7201809563558311,0.0354459813975673,0.0069311948485571
LC09_L2SP_165040_20241015_02_T1,2024-10-15,landsat-9,165,0.0,48.25145664,185009,0.9999783798976288,0.3396325,0.4312625,0.1127204316124558,0.1155251479228096,0.0410514564453284,0.0716454699179588,0.0831297391639665,0.0986385146515305,0.1303608345927663,0.1396481012848457,0.1484709858772274,0.0061024058289056,0.0179180472301347,0.7323211303233896,0.0459761417012145,0.0092427935938251
LC08_L2SP_166040_20241115_02_T1,2024-11-15,landsat-8,166,0.66,39.24638256,166472,0.9024633532830254,0.307595,0.399445,0.1256510257378822,0.1300219006105569,0.0504325779895811,0.0804381751593455,0.0939549095268624,0.1122177051281074,0.1428722429715073,0.155406023950994,0.1691145853399493,0.0067578932192801,0.0155701859772213,0.8623612379258975,0.1476644721034168,0.0184235186698063
LC09_L2SP_165040_20241116_02_T1,2024-11-16,landsat-9,165,1.72,38.99991902,184734,0.9984919978596098,0.3114174999999999,0.3979875,0.117244510500804,0.1222773324588836,0.0463450946771525,0.0739724445124137,0.0868476394210977,0.1040570916262318,0.134560472858818,0.1445368176405318,0.1548915784334617,0.0078220576612859,0.0189461604252601,0.7949105199909059,0.0654129721653837,0.0108859224614851
LC08_L2SP_166040_20241201_02_T1,2024-12-01,landsat-8,166,0.28,35.8258761,111019,0.6018464307398733,0.3120774999999999,0.4073374999999999,0.1263708640906884,0.1328635662812045,0.0543706987632474,0.0726626349347704,0.0886546359130962,0.1127472607874096,0.1465234596691806,0.1581870870694646,0.1671378116178652,0.0074852052351399,0.0213386897738225,0.8407479800754826,0.1959754636593736,0.016952053252146
LC09_L2SP_165040_20241202_02_T1,2024-12-02,landsat-9,165,0.39,35.65866309,184901,0.9993946371336068,0.3194475,0.4153675,0.1214380436199571,0.1280808556644205,0.0600091812534595,0.0652496291762974,0.0819609144472835,0.1055087576477637,0.1434602941566548,0.1568776214082754,0.1690138275911762,0.0105948588704225,0.0284043893759363,0.795366168922829,0.1637849443756388,0.0208976695637124
LC09_L2SP_165040_20241218_02_T1,2024-12-18,landsat-9,165,4.43,33.77093488,184952,0.9996702934388394,0.32635,0.4232875,0.1226402827952811,0.1275991374836738,0.0512010712005713,0.0776418324009464,0.0911543687993278,0.1095626671384796,0.1398018352246491,0.1520828067734277,0.1655359279260522,0.0082075349279813,0.0183398935940135,0.8423050304943985,0.1167005493317185,0.0168368008996928
LC09_L2SP_166040_20241225_02_T1,2024-12-25,landsat-9,166,0.23,33.47876664,138918,0.7530900338277388,0.304405,0.3971075,0.125496388737845,0.1304118952887525,0.0419246054199443,0.0859374998862913,0.0980593311203018,0.1139631995974435,0.1409937086292541,0.1505617311810441,0.1591191713902396,0.0054276623619689,0.0125757641198404,0.8873220173051728,0.1053139262010682,0.0081702875077383
